,id,listing_url,scrape_id,last_scraped,source,name,description,neighborhood_overview,picture_url,host_id,host_url,host_name,host_since,host_location,host_about,host_response_time,host_response_rate,host_acceptance_rate,host_is_superhost,host_thumbnail_url,host_picture_url,host_neighbourhood,host_listings_count,host_total_listings_count,host_verifications,host_has_profile_pic,host_identity_verified,neighbourhood,neighbourhood_cleansed,neighbourhood_group_cleansed,latitude,longitude,property_type,room_type,accommodates,bathrooms,bathrooms_text,bedrooms,beds,amenities,price,minimum_nights,maximum_nights,minimum_minimum_nights,maximum_minimum_nights,minimum_maximum_nights,maximum_maximum_nights,minimum_nights_avg_ntm,maximum_nights_avg_ntm,calendar_updated,has_availability,availability_30,availability_60,availability_90,availability_365,calendar_last_scraped,number_of_reviews,number_of_reviews_ltm,number_of_reviews_l30d,availability_eoy,number_of_reviews_ly,estimated_occupancy_l365d,estimated_revenue_l365d,first_review,last_review,review_scores_rating,review_scores_accuracy,review_scores_cleanliness,review_scores_checkin,review_scores_communication,review_scores_location,review_scores_value,license,instant_bookable,calculated_host_listings_count,calculated_host_listings_count_entire_homes,calculated_host_listings_count_private_rooms,calculated_host_listings_count_shared_rooms,reviews_per_month
1,2732,https://www.airbnb.com/rooms/2732,20250617032927,2025-06-17,city scrape,Zen Life at the Beach,An oasis of tranquility awaits you.,"This is the best part of Santa Monica. Quiet, calm, safe.",https://a0.muscache.com/pictures/1082993/c5a9956f_original.jpg,3041,https://www.airbnb.com/users/show/3041,Louise-Diane,2008-09-17,"Santa Monica, CA","I have been teaching yoga and meditation for 30 years.
World-traveled,passionate,love life and committed to making the world a healthier place one person and one company at a time. Enjoy meeting new and interesting people.",within a few hours,100%,50%,f,https://a0.muscache.com/im/users/3041/profile_pic/1331080494/original.jpg?aki_policy=profile_small,https://a0.muscache.com/im/users/3041/profile_pic/1331080494/original.jpg?aki_policy=profile_x_medium,Santa Monica,2.0,2.0,"['email', 'phone']",t,t,Neighborhood highlights,Santa Monica,Other Cities,34.0044,-118.48095,Private room in rental unit,Private room,1,1.0,1 private bath,1.0,1.0,"[""Host greets you"", ""Free street parking"", ""Refrigerator"", ""Essentials"", ""Washer"", ""Microwave"", ""Oven"", ""Hair dryer"", ""Heating"", ""Private patio or balcony"", ""Hangers"", ""Dishes and silverware"", ""Smoke alarm"", ""Dedicated workspace"", ""Cooking basics"", ""Shampoo"", ""Dryer"", ""Kitchen"", ""Wifi""]",$118.00,7,27,7,7,27,27,7.0,27.0,,t,0,14,44,319,2025-06-17,24,0,0,152,0,0,0.0,2011-06-06,2022-08-21,4.41,4.26,4.58,4.39,4.48,4.91,4.22,228269,f,2,1,1,0,0.14
50,131557,https://www.airbnb.com/rooms/131557,20250617032927,2025-06-18,city scrape,sweet little apt,"The heart of Echo Park, walking distance to buses and many activities.  Only apartment on this side of the building so it feels very private.  Feathertop double bed, 52"" tv with basic tv, HI speed internet.  Extra room with futon double bed.<br />*If you would like  to rent for less than 30 nights please contact me directly at phoebelucie at the server that starts with a G",,https://a0.muscache.com/pictures/103231642/bd1b170e_original.jpg,78804,https://www.airbnb.com/users/show/78804,Sophie,2010-02-08,"Los Angeles, CA"," I am an Angeleno native with Scandinavian roots, a seasoned traveler, adventurer, sometime photographer and film maker.  I love Echo Park.  I have lived in or near it for close to 20 years.

",within a few hours,100%,43%,f,https://a0.muscache.com/im/pictures/user/fde28de6-c220-4b4d-9de1-52b0297ad0eb.jpg?aki_policy=profile_small,https://a0.muscache.com/im/pictures/user/fde28de6-c220-4b4d-9de1-52b0297ad0eb.jpg?aki_policy=profile_x_medium,Echo Park,3.0,9.0,"['email', 'phone']",t,t,,Echo Park,City of Los Angeles,34.08023,-118.25646,Entire rental unit,Entire home/apt,2,1.0,1 bath,1.0,1.0,"[""Extra pillows and blankets"", ""Free street parking"", ""Refrigerator"", ""Essentials"", ""TV"", ""City skyline view"", ""Washer"", ""Air conditioning"", ""Fire extinguisher"", ""Hot water"", ""Mountain view"", ""Hair dryer"", ""Coffee maker"", ""Heating"", ""Carbon monoxide alarm"", ""Iron"", ""Hangers"", ""Dishes and silverware"", ""Smoke alarm"", ""Self check-in"", ""Dedicated workspace"", ""Cooking basics"", ""Shampoo"", ""Dryer"", ""Bed linens"", ""Kitchen"", ""Wifi"", ""Lockbox""]",$119.00,30,365,30,30,365,365,30.0,365.0,,t,0,0,0,173,2025-06-18,81,0,0,5,0,0,0.0,2011-07-28,2022-08-31,4.7,4.74,4.74,4.79,4.83,4.66,4.59,,f,3,3,0,0,0.48
100,20585,https://www.airbnb.com/rooms/20585,20250617032927,2025-06-17,city scrape,"Private Studio, 6 Doors to Beach","One room guest unit, with kitchen*. Separate entrance, detached from our house. 6 doors from the beach, 1 block from the Venice pier. The studio is very small, efficient, usually quiet & comfortable for 1 or 2. Shower is tight. Queen 14"" microfoam mattress. There is NO parking space, and parking can be hard to find.<br /><br />We are very careful about COVID 19 & disinfect to Airbnb pandemic standards. No smoking or vaping on the property, indoors or out.<br /><br />See Note below for an important change.","This is a friendly neighborhood. Our street is one block long. Permanent residents all know and watch out for each other, each others' pets and children. That said, Venice has its share of travelers and those who sleep outdoors; for the most part don't bother them and they won't bother you. It has ALWAYS been that way in Venice. We are 1/2 block from the sand, the Venice Pier, coffee shops, bike rentals and local shops. Parking is tough, but no worse than in NY, San Francisco, Rome or Paris. Venice is the main public beach for all of Los Angeles; a city of 4 million people. You may need to walk a bit to get to your car.",https://a0.muscache.com/pictures/106212/f24db269_original.jpg,77857,https://www.airbnb.com/users/show/77857,Barbara,2010-02-05,"Los Angeles, CA","We are both artists who live in the house in front of the rental. I am from DC/MD; attended Georgetown & UCLA (many years ago!). Husband is from Manhattan Beach, attended UCSB & Cornell & retired from teaching at USC. We live California but travel near and far often. Our apartment is for friends, family, foreign exchanges & Airbnb rentals. It is an extension of our home, albeit a very private one, & hope that visitors also feel at home.",within an hour,100%,17%,f,https://a0.muscache.com/im/pictures/user/User-77857/original/d8ba411f-16ab-430f-8e60-2bb3bbe62a7f.jpeg?aki_policy=profile_small,https://a0.muscache.com/im/pictures/user/User-77857/original/d8ba411f-16ab-430f-8e60-2bb3bbe62a7f.jpeg?aki_policy=profile_x_medium,Venice,1.0,1.0,"['email', 'phone']",t,t,Neighborhood highlights,Venice,City of Los Angeles,33.98047,-118.46514,Entire guesthouse,Entire home/apt,2,1.0,1 bath,1.0,1.0,"[""Stove"", ""Extra pillows and blankets"", ""Free street parking"", ""33 inch HDTV with Netflix, standard cable"", ""Refrigerator"", ""Essentials"", ""Drying rack for clothing"", ""Hot water kettle"", ""Ceiling fan"", ""Fire extinguisher"", ""Microwave"", ""Oven"", ""Hot water"", ""Luggage dropoff allowed"", ""Hair dryer"", ""Shower gel"", ""Keypad"", ""Iron"", ""Toaster"", ""Beach access \u2013 Beachfront"", ""Hangers"", ""Dining table"", ""Wine glasses"", ""Dishes and silverware"", ""Self check-in"", ""Cooking basics"", ""Single level home"", ""Shampoo"", ""Clothing storage: closet"", ""Beach essentials"", ""Bed linens"", ""AC - split type ductless system"", ""Kitchen"", ""Conditioner"", ""Private entrance"", ""Freezer"", ""Wifi"", ""Central heating"", ""Body soap""]",$140.00,3,7,3,3,7,7,3.0,7.0,,t,0,0,24,24,2025-06-17,583,4,0,24,10,24,3360.0,2010-03-25,2024-10-07,4.92,4.95,4.93,4.95,4.97,4.89,4.84,HSR24-001527,f,1,1,0,0,3.14
101,183319,https://www.airbnb.com/rooms/183319,20250617032927,2025-06-17,city scrape,Panoramic Ocean View Venice Beach,Craftsmen style penthouse with ocean view from all rooms. Park ave location is center of idyllic Venice walk street neighborhood.,About as close to the beach as you can live in Venice with out being on the boardwalk.,https://a0.muscache.com/pictures/1170205/e259632f_original.jpg,867995,https://www.airbnb.com/users/show/867995,Barbara X,2011-07-25,"Los Angeles, CA",Serious yoga practice.  Been studying for 25 years.  Spend  three months in Thailand for the last twelve years as I have built a house with my son on an island in the South of Thailand.  Been in involved in fine art all my life.  Have worked as a designer helping people remodel homes. ,a few days or more,0%,,f,https://a0.muscache.com/im/users/867995/profile_pic/1311864420/original.jpg?aki_policy=profile_small,https://a0.muscache.com/im/users/867995/profile_pic/1311864420/original.jpg?aki_policy=profile_x_medium,Venice,2.0,3.0,"['email', 'phone']",t,f,Neighborhood highlights,Venice,City of Los Angeles,33.99211,-118.476,Entire rental unit,Entire home/apt,2,1.0,1 bath,1.0,1.0,"[""Stove"", ""Extra pillows and blankets"", ""Free street parking"", ""Refrigerator"", ""Baking sheet"", ""Books and reading material"", ""TV"", ""Hot water kettle"", ""Fire extinguisher"", ""Microwave"", ""Oven"", ""Patio or balcony"", ""Hot water"", ""Cleaning products"", ""Sound system"", ""Coffee maker"", ""Heating"", ""Iron"", ""Toaster"", ""Hangers"", ""Wine glasses"", ""Dishes and silverware"", ""Smoke alarm"", ""Bathtub"", ""Cooking basics"", ""Bed linens"", ""Kitchen"", ""Long term stays allowed"", ""Blender"", ""Freezer"", ""Wifi"", ""Rice maker"", ""Body soap""]",$85.00,89,89,89,89,89,89,89.0,89.0,,t,29,59,89,179,2025-06-17,3,0,0,179,0,0,0.0,2012-03-11,2019-02-25,5.0,4.67,4.67,5.0,5.0,5.0,5.0,,f,2,2,0,0,0.02
102,188081,https://www.airbnb.com/rooms/188081,20250617032927,2025-06-17,previous scrape,Griffith Park Home - Available Summer 2018,Amazing Private Street on the Oaks. Steps from Griffith Park and easy access to Los Feliz Village Freeways etc.,,https://a0.muscache.com/pictures/8725212/64d8c455_original.jpg,905689,https://www.airbnb.com/users/show/905689,Daniel,2011-08-01,"Los Angeles, CA",easy going landlord,,,,f,https://a0.muscache.com/im/users/905689/profile_pic/1372712880/original.jpg?aki_policy=profile_small,https://a0.muscache.com/im/users/905689/profile_pic/1372712880/original.jpg?aki_policy=profile_x_medium,Hollywood Hills,2.0,2.0,"['email', 'phone']",t,f,,Hollywood Hills,City of Los Angeles,34.11088,-118.30782,Entire home,Entire home/apt,5,,2.5 baths,5.0,,"[""Heating"", ""Washer"", ""Dryer"", ""Free parking on premises"", ""Wifi"", ""TV with standard cable""]",,30,60,30,30,60,60,30.0,60.0,,,0,0,0,0,2025-06-17,0,0,0,0,0,0,,,,,,,,,,,,f,2,1,1,0,
103,190160,https://www.airbnb.com/rooms/190160,20250617032927,2025-06-17,city scrape,Guest Room in Echo Park Townhouse,"Roomy guest bedroom (double bed) in 2 story 2 bedroom townhouse with private bath. This is a guest room in the condo where I also live, but I have happily hosted many people and there are few issues with shared spaces! Nestled in the fantastic Angeleno Heights suburb of Echo Park. Walk to DODGER STADIUM, Sunset Blvd restaurants, cafes, pubs, and more! 10 min to downtown, very close to 101 frwy. Everything you need at your fingertips!","The coolest neighborhood in LA - like little Brooklyn! Artsy, not entirely gentrified (but getting there!), freeway friendly, super close to Downtown, great restaurants and cafes, and locally owned stores.",https://a0.muscache.com/pictures/hosting/Hosting-U3RheVN1cHBseUxpc3Rpbmc6MTkwMTYw/original/deef3695-a793-4a85-90d5-0050ae59065e.jpeg,476379,https://www.airbnb.com/users/show/476379,Lisa,2011-04-01,"Los Angeles, CA","I adore travel and meeting people from all over the world. I have welcomed too many wonderful AIRBNB tenants to count, was a SUPER HOST for my LA property and count several former guests as my friends ! Now I have an additional rental property in Tulum Mexico and look forward to hosting you there!",within an hour,100%,88%,t,https://a0.muscache.com/im/pictures/user/7a683db4-96f2-4ebe-985b-e0df167f24c9.jpg?aki_policy=profile_small,https://a0.muscache.com/im/pictures/user/7a683db4-96f2-4ebe-985b-e0df167f24c9.jpg?aki_policy=profile_x_medium,Echo Park,2.0,3.0,"['email', 'phone']",t,t,Neighborhood highlights,Echo Park,City of Los Angeles,34.07098,-118.25078,Private room in townhouse,Private room,2,1.5,1.5 baths,1.0,1.0,"[""Stove"", ""Free street parking"", ""Refrigerator"", ""First aid kit"", ""Essentials"", ""Free parking on premises"", ""Washer"", ""Air conditioning"", ""Microwave"", ""Oven"", ""Patio or balcony"", ""Hot water"", ""Hair dryer"", ""Coffee maker"", ""Heating"", ""Carbon monoxide alarm"", ""Iron"", ""Hangers"", ""Lake access"", ""Indoor fireplace"", ""TV with standard cable"", ""Dishes and silverware"", ""Smoke alarm"", ""Self check-in"", ""Cooking basics"", ""Shampoo"", ""Dryer"", ""Kitchen"", ""Long term stays allowed"", ""Wifi"", ""Lockbox""]",$68.00,30,300,30,30,300,300,30.0,300.0,,t,9,17,18,198,2025-06-17,40,1,0,126,0,60,4080.0,2013-06-22,2025-02-01,4.77,4.9,4.6,4.93,4.82,4.9,4.78,HSR19-000763,f,1,0,1,0,0.27
104,191733,https://www.airbnb.com/rooms/191733,20250617032927,2025-06-18,city scrape,Private Spanish Guest House : Casa Bougainvillea,"Newly remodeled guesthouse in our lush compound offers the perfect walk-friendly central location to Atwater Village, paired with the serenity of a private, detached dwelling.  Ideal for  single professional, couple or grandparents visiting family locally.","We love Atwater because it is so pedestrian-friendly and bike-happy (flat terrain with awesome weather) so that you can pretty much get yourself anywhere, especially to our fabulous LA River, our world class coffee/bakeries, farmers market (Sundays), acclaimed breweries, award winning restaurants and uber groovy stores.",https://a0.muscache.com/pictures/miso/Hosting-191733/original/8c138c5c-5711-452b-b264-b538250b96c3.jpeg,1597048,https://www.airbnb.com/users/show/1597048,Shelli-Anne,2012-01-11,"Los Angeles, CA","I'm an Australian expat of 25+ years,  'Atwater Villager of the Year' and Congressional local  'Woman of the Year' so am pretty well versed about our fabulous neighborhood! Recently I co-founded nn adventure tour company called ""E Bike Tours LA"" offering guided, small group tours on luxury e-bikes. All rides start and finish right here in our awesome Atwater Village.",within a day,100%,100%,f,https://a0.muscache.com/im/pictures/user/d1a1b42e-1769-4741-914f-c51aae621d56.jpg?aki_policy=profile_small,https://a0.muscache.com/im/pictures/user/d1a1b42e-1769-4741-914f-c51aae621d56.jpg?aki_policy=profile_x_medium,Atwater Village,2.0,2.0,"['email', 'phone']",t,t,Neighborhood highlights,Atwater Village,City of Los Angeles,34.11365,-118.25162,Entire guesthouse,Entire home/apt,4,1.0,1 bath,1.0,3.0,"[""Haier Double French Doors refrigerator"", ""Extra pillows and blankets"", ""Coffee"", ""BBQ grill: gas"", ""Free street parking"", ""Baking sheet"", ""First aid kit"", ""Essentials"", ""Clothing storage: closet and dresser"", ""Outdoor furniture"", ""Free washer \u2013 In building"", ""Books and reading material"", ""Ethernet connection"", ""Hot water kettle"", ""Ceiling fan"", ""Fire extinguisher"", ""Crib"", ""Portable fans"", ""Microwave"", ""Coffee maker: french press"", ""Bikes"", ""Hot water"", ""Laundromat nearby"", ""Cleaning products"", ""Hammock"", ""Luggage dropoff allowed"", ""Hair dryer"", ""Shower gel"", ""Heating"", ""TV with Apple TV, Hulu, Netflix"", ""Carbon monoxide alarm"", ""Keypad"", ""Trash compactor"", ""Cleaning available during stay"", ""Room-darkening shades"", ""Iron"", ""Stainless steel single oven"", ""Toaster"", ""Free driveway parking on premises \u2013 1 space"", ""Free dryer \u2013 In building"", ""Hangers"", ""Barbecue utensils"", ""Dining table"", ""Private patio or balcony"", ""Shared backyard \u2013 Fully fenced"", ""Wine glasses"", ""Dishes and silverware"", ""Smoke alarm"", ""Stainless steel gas stove"", ""Fire pit"", ""Self check-in"", ""Dedicated workspace"", ""Cooking basics"", ""Bed linens"", ""AC - split type ductless system"", ""Kitchen"", ""Long term stays allowed"", ""Blender"", ""Babysitter recommendations"", ""Freezer"", ""Wifi"", ""Rice maker"", ""Body soap""]",$120.00,30,730,30,30,1125,1125,30.0,1125.0,,t,0,2,24,299,2025-06-18,91,1,0,131,1,60,7200.0,2011-09-20,2024-08-25,4.89,4.9,4.91,4.94,4.99,4.83,4.83,,f,1,1,0,0,0.54
105,194809,https://www.airbnb.com/rooms/194809,20250617032927,2025-06-17,previous scrape,Large 1 BR Culver City Peaceful Getaway!,"Awesome place in Culver City. Just minutes from Downtown LA, Santa Monica, Beverly Hills, Venice Beach, Hollywood ... 5 minute walk to the Metro Expo line and public transportation, Ralph's grocery store, Coffee Bean, and the gym... Easy 10-minute walk to great hip restaurants, bars, nightlife in downtown Culver City & Sony Pictures. You would have the entire apartment. Our tenants have loved this place. It's simply furnished (Ikea style) and is a great place if you want quiet.","Culver City is a nice central area with great restaurants, coffee shops, and  art galleries.",https://a0.muscache.com/pictures/90d5be42-4c18-4259-9775-b260ec263f39.jpg,946246,https://www.airbnb.com/users/show/946246,Michelle,2011-08-09,"Los Angeles, CA","I'm a video marketing strategist, on-camera coach and producer. I am clean, considerate and respectful of the spaces I'm in.",,,,f,https://a0.muscache.com/im/users/946246/profile_pic/1333669202/original.jpg?aki_policy=profile_small,https://a0.muscache.com/im/users/946246/profile_pic/1333669202/original.jpg?aki_policy=profile_x_medium,Palms,1.0,4.0,"['email', 'phone', 'work_email']",t,t,Neighborhood highlights,Palms,City of Los Angeles,34.0238,-118.40512,Entire rental unit,Entire home/apt,2,,1 bath,1.0,,"[""TV"", ""Heating"", ""Dishes and silverware"", ""Washer"", ""Dryer"", ""Refrigerator"", ""Iron"", ""Air conditioning"", ""Kitchen"", ""Free parking on premises"", ""Hangers"", ""Wifi"", ""Lockbox"", ""Hair dryer"", ""Self check-in""]",,30,186,30,30,1125,1125,30.0,1125.0,,t,0,0,0,0,2025-06-17,22,0,0,0,0,0,,2011-10-02,2019-11-12,4.4,4.43,4.24,4.57,4.81,4.67,4.52,,t,1,1,0,0,0.13
106,195229,https://www.airbnb.com/rooms/195229,20250617032927,2025-06-18,city scrape,"Great West L.A. location, near much",,"This is a residential neighborhood with single family homes.  It has stores, cafes, banks and Starbucks nearby.",https://a0.muscache.com/pictures/6911966/b18f3866_original.jpg,393829,https://www.airbnb.com/users/show/393829,Debra,2011-02-15,"Los Angeles, CA","Hi,
I am interested in hosting nice people. I like to make my guests feel at home. This house has a large back yard, and my guests are welcome to sit outside on the patios or on the grass. We are withing walking distance to Whole Foods, Champagne Bakery, Jamba Juice, and many other markets. Westwood, Santa Monica, Beverly Hills, Marina del Rey are within 15 minutes drive. We are near the 405 and 10 freeways. I serve a continental breakfast; juice, coffee, bagel or muffin and fresh fruit.",,,,f,https://a0.muscache.com/im/users/393829/profile_pic/1312953082/original.jpg?aki_policy=profile_small,https://a0.muscache.com/im/users/393829/profile_pic/1312953082/original.jpg?aki_policy=profile_x_medium,Mar Vista,1.0,3.0,"['email', 'phone']",t,t,Neighborhood highlights,Mar Vista,City of Los Angeles,34.02035,-118.43428,Private room in home,Private room,2,1.0,1 private bath,1.0,1.0,"[""Heating"", ""Dedicated workspace"", ""Extra pillows and blankets"", ""Host greets you"", ""Washer"", ""Carbon monoxide alarm"", ""Dryer"", ""Wifi"", ""Free street parking"", ""Iron"", ""Luggage dropoff allowed"", ""Bed linens"", ""Essentials"", ""Hangers"", ""Hot water"", ""TV with standard cable"", ""Hair dryer"", ""Smoke alarm""]",$129.00,30,31,30,30,31,31,30.0,31.0,,t,30,60,90,365,2025-06-18,38,0,0,197,0,0,0.0,2012-08-20,2022-04-23,4.92,4.97,4.92,5.0,4.97,4.89,4.89,HSR21-001488,f,1,0,1,0,0.24
107,196410,https://www.airbnb.com/rooms/196410,20250617032927,2025-06-18,city scrape,Little villa Apartment,"Adorable apt in heart of Echo Park, peaceful, inspiring, <br />walking distance to many shops and Sunset blvd.  Please read complete listing before booking.",,https://a0.muscache.com/pictures/miso/Hosting-196410/original/ec4eb37f-4fae-4cfa-b1f6-5ecc6c21df7d.jpeg,78804,https://www.airbnb.com/users/show/78804,Sophie,2010-02-08,"Los Angeles, CA"," I am an Angeleno native with Scandinavian roots, a seasoned traveler, adventurer, sometime photographer and film maker.  I love Echo Park.  I have lived in or near it for close to 20 years.

",within a few hours,100%,43%,f,https://a0.muscache.com/im/pictures/user/fde28de6-c220-4b4d-9de1-52b0297ad0eb.jpg?aki_policy=profile_small,https://a0.muscache.com/im/pictures/user/fde28de6-c220-4b4d-9de1-52b0297ad0eb.jpg?aki_policy=profile_x_medium,Echo Park,3.0,9.0,"['email', 'phone']",t,t,,Echo Park,City of Los Angeles,34.08187,-118.25663,Entire rental unit,Entire home/apt,2,1.0,1 bath,1.0,1.0,"[""Free street parking"", ""Refrigerator"", ""Essentials"", ""Washer"", ""Air conditioning"", ""Fire extinguisher"", ""Oven"", ""Patio or balcony"", ""Hot water"", ""Hair dryer"", ""Coffee maker"", ""Heating"", ""Carbon monoxide alarm"", ""Iron"", ""Hangers"", ""Dishes and silverware"", ""Smoke alarm"", ""Dedicated workspace"", ""Cooking basics"", ""Shampoo"", ""Dryer"", ""Kitchen"", ""Long term stays allowed"", ""Wifi""]",$114.00,30,365,30,30,365,365,30.0,365.0,,t,10,30,60,270,2025-06-18,60,0,0,167,0,0,0.0,2011-10-27,2022-08-25,4.78,4.81,4.56,4.77,4.88,4.72,4.47,,f,3,3,0,0,0.36
108,197756,https://www.airbnb.com/rooms/197756,20250617032927,2025-06-18,city scrape,Silver Lake Maker's Retreat,"Secluded hillside sanctuary with private deck, polished concrete & wood floors, granite kitchen countertops and artisanal flourishes. Private entrance directly off one of Silver Lake’s historic staircases. Walk to Silver Lake’s famed Sunset Junction, or kick back in the hot tub and soak up the skyline views. Perfect home for extended stays. Ideal for adventurous solo travelers, couples & business visitors<br /><br />[#silverlake #iconic #losangeles #tourism #trendy #midcentury #creative #artistic #bakers]","I love the neighborhoods walk ability, unique architecture, friendly neighbors, picturesque views and interesting shops/ restaurants. Therefore, consideration of my neighbors is a must for guests while visiting. Please park and conduct yourselves with consideration in mind.",https://a0.muscache.com/pictures/airflow/Hosting-197756/original/9c39b132-f459-44ff-a60b-29b1f857c215.jpg,964494,https://www.airbnb.com/users/show/964494,Diana,2011-08-13,"Los Angeles, CA","creative problem solver, furniture maker, wife, mother, teacher, hiking enthusiast, bike rider, paddle boarder, reader, thinker,  gardener...quarantine homesteader.",within an hour,100%,100%,f,https://a0.muscache.com/im/users/964494/profile_pic/1397259707/original.jpg?aki_policy=profile_small,https://a0.muscache.com/im/users/964494/profile_pic/1397259707/original.jpg?aki_policy=profile_x_medium,Silver Lake,1.0,1.0,"['email', 'phone']",t,t,Neighborhood highlights,Silver Lake,City of Los Angeles,34.08618,-118.27651,Entire condo,Entire home/apt,3,1.0,1 bath,1.0,2.0,"[""Extra pillows and blankets"", ""Coffee"", ""Free street parking"", ""Refrigerator"", ""Baking sheet"", ""First aid kit"", ""Essentials"", ""Outdoor furniture"", ""Clothing storage: walk-in closet and dresser"", ""Trader Joes conditioner"", ""Books and reading material"", ""Free washer \u2013 In unit"", ""Lever body soap"", ""City skyline view"", ""Shared hot tub - available all year, open specific hours"", ""Hot water kettle"", ""Fire extinguisher"", ""Children\u2019s books and toys"", ""Window AC unit"", ""Free dryer \u2013 In unit"", ""Portable fans"", ""Microwave"", ""BBQ grill: charcoal"", ""Hot water"", ""Laundromat nearby"", ""Cleaning products"", ""Courtyard view"", ""Mountain view"", ""Radiant heating"", ""Hair dryer"", ""Coffee maker: french press, pour-over coffee"", ""Hammock"", ""Portable heater"", ""Carbon monoxide alarm"", ""Cleaning available during stay"", ""Room-darkening shades"", ""Iron"", ""Kenmore gas stove"", ""Toaster"", ""Private entrance"", ""Outdoor dining area"", ""Barbecue utensils"", ""Hangers"", ""Private patio or balcony"", ""Dining table"", ""Garden view"", ""Shared backyard \u2013 Fully fenced"", ""Wine glasses"", ""Dishes and silverware"", ""Smoke alarm"", ""Fire pit"", ""Self check-in"", ""Dedicated workspace"", ""Cooking basics"", ""Shampoo"", ""Kenmore oven"", ""Fast wifi \u2013 87 Mbps"", ""Bed linens"", ""Kitchen"", ""Long term stays allowed"", ""Smart lock"", ""Sun loungers"", ""42 inch TV with Roku"", ""Board games"", ""Freezer""]",$151.00,30,1125,30,30,1125,1125,30.0,1125.0,,t,0,0,15,194,2025-06-18,145,1,0,122,2,60,9060.0,2011-10-03,2024-11-03,4.74,4.78,4.83,4.9,4.92,4.91,4.6,,f,1,1,0,0,0.87
109,198613,https://www.airbnb.com/rooms/198613,20250617032927,2025-06-17,city scrape,Stylish Bungalow House- In TheTrendy Melrose Area.,"Cozy, quiet, and private bungalow  in a great area! Walkscore is 100 % The place has been totally renovated. The place  has lots of charm, and privacy got your needs.","Great area, location and convenience to stores, parks, shopping centers, Runyon Canyon, The Grove Shopping Center, Farmers Market,  Arclight Movie Theaters, Parks,  cafes, Trader Joe's, The Lot Movie Studio, 99 Cent Store, Ralphs Super Market, Media Center, Beverly Center, Target Gateway Center and  many  great restaurants/cafes, and chic stores in the area. Milk and Ramen noodles has opened up down the street. Check in time is 4pm.",https://a0.muscache.com/pictures/1677581a-1344-447c-ac77-26d2cf8bf69b.jpg,969656,https://www.airbnb.com/users/show/969656,Jeffrey,2011-08-14,"Los Angeles, CA","Hello Everybody,
 I'm a hardworking fun guy who works in the entertainment business. I love living in California, because of the ocean, mountains, and desert.  I love to watch  old movies, eat sprinkle cupcakes, play volleyball, hike, and take short weekend trips.  The bungalow house is a private, cozy, and charming. place . Come check it out!

 Also I like the beach, scrabble, movies, hiking, gym volleyball, yoga, and Sprinkle Cupcakes. 
",within a day,100%,83%,f,https://a0.muscache.com/im/users/969656/profile_pic/1332044506/original.jpg?aki_policy=profile_small,https://a0.muscache.com/im/users/969656/profile_pic/1332044506/original.jpg?aki_policy=profile_x_medium,West Hollywood,1.0,1.0,"['email', 'phone']",t,t,Neighborhood highlights,Fairfax,City of Los Angeles,34.08538,-118.34455,Entire bungalow,Entire home/apt,1,1.0,1 bath,1.0,1.0,"[""Stove"", ""Extra pillows and blankets"", ""Free street parking"", ""Refrigerator"", ""Essentials"", ""Free parking on premises"", ""Dishwasher"", ""Free washer \u2013 In unit"", ""Fire extinguisher"", ""Window AC unit"", ""Microwave"", ""Free dryer \u2013 In unit"", ""HDTV with standard cable"", ""Oven"", ""Patio or balcony"", ""Hot water"", ""Hair dryer"", ""Coffee maker"", ""Heating"", ""Carbon monoxide alarm"", ""Iron"", ""Hangers"", ""Dishes and silverware"", ""Smoke alarm"", ""Self check-in"", ""Dedicated workspace"", ""Cooking basics"", ""Shampoo"", ""Bed linens"", ""Kitchen"", ""Private entrance"", ""Wifi"", ""Lockbox""]",$123.00,31,180,31,31,180,180,31.0,180.0,,t,10,40,70,301,2025-06-17,16,0,0,137,0,0,0.0,2012-01-31,2018-09-03,5.0,4.94,4.94,5.0,5.0,4.75,4.88,,f,1,1,0,0,0.1
110,203991,https://www.airbnb.com/rooms/203991,20250617032927,2025-06-18,city scrape,great top floor condo,one bedroom condo. centinela at nebraska. freeway/train/bike close. parking. full kitchen. hardwood floors throughout. FULL SIZE organic wool/latex firm bed. living room futon. nice cotton linens. free shared laundry. not suitable for children. thanks.  lisa dungan,,https://a0.muscache.com/pictures/81364365/8d8ee90d_original.jpg,231825,https://www.airbnb.com/users/show/231825,Lisa,2010-09-12,"San Francisco, CA",60's.  well travelled.  ,within an hour,100%,50%,f,https://a0.muscache.com/im/users/231825/profile_pic/1386197502/original.jpg?aki_policy=profile_small,https://a0.muscache.com/im/users/231825/profile_pic/1386197502/original.jpg?aki_policy=profile_x_medium,Santa Monica,2.0,3.0,"['email', 'phone']",t,f,,Sawtelle,City of Los Angeles,34.03301,-118.46104,Entire condo,Entire home/apt,2,1.0,1 bath,1.0,1.0,"[""Stove"", ""Extra pillows and blankets"", ""Refrigerator"", ""First aid kit"", ""Essentials"", ""Free parking on premises"", ""Dishwasher"", ""Pets allowed"", ""Washer"", ""Fire extinguisher"", ""Microwave"", ""Oven"", ""Hot water"", ""Coffee maker"", ""Heating"", ""Hangers"", ""TV with standard cable"", ""Dishes and silverware"", ""Smoke alarm"", ""Cooking basics"", ""Shampoo"", ""Dryer"", ""Bed linens"", ""Kitchen"", ""Wifi""]",$104.00,30,30,30,30,30,30,30.0,30.0,,t,3,33,63,338,2025-06-18,3,0,0,170,0,0,0.0,2015-07-03,2017-07-29,4.67,5.0,5.0,4.67,5.0,4.67,4.67,,f,1,1,0,0,0.02
111,23710,https://www.airbnb.com/rooms/23710,20250617032927,2025-06-17,city scrape,Cactus Dreaming in Highland Park,"Multi-tiered patio within various sitting areas, some of which offer scenic city views are for you to enjoy California sunny weather all year around. Exposed wood beams, eclectic furnishings, and unique decor are combined to forge a lively interior.<br /><br />Set up in the hills of Highland Park, vibrant, exciting, historically significant and diverse north eastern LA neighborhood. The apartment is on a quiet street yet steps away from great restaurants, coffee shops, bookstores, and vintage shops.","Set up in the hills of Highland Park, North Eastern neighborhood of LA. The apartment is on a quiet street yet steps away from great restaurants, coffee shops, bookstores, and vintage shops.<br /><br />One of the most vibrant, exciting, historically significant and diverse neighborhoods in the city of LA.",https://a0.muscache.com/pictures/6e6cfec7-3029-4d52-a328-c79547b3ebaa.jpg,94038,https://www.airbnb.com/users/show/94038,Tatiana,2010-03-15,"Los Angeles, CA","I am creative, adventures person.
I am a makeup artist by trade, Kundalini Yoga teacher by heart, an artist by hands,
garden grower by intuition, designer by taste. Lastly, traveler, just can't stay still! :)",within an hour,100%,99%,t,https://a0.muscache.com/im/users/94038/profile_pic/1292644778/original.jpg?aki_policy=profile_small,https://a0.muscache.com/im/users/94038/profile_pic/1292644778/original.jpg?aki_policy=profile_x_medium,Highland Park,2.0,5.0,"['email', 'phone']",t,t,Neighborhood highlights,Highland Park,City of Los Angeles,34.12057,-118.18934,Entire guest suite,Entire home/apt,2,1.0,1 bath,1.0,1.0,"[""Stove"", ""Extra pillows and blankets"", ""Free street parking"", ""Refrigerator"", ""First aid kit"", ""Essentials"", ""Outdoor furniture"", ""Free parking on premises"", ""TV with Netflix"", ""BBQ grill"", ""Washer"", ""Hot water kettle"", ""Air conditioning"", ""Fire extinguisher"", ""Microwave"", ""Mini fridge"", ""Backyard"", ""Oven"", ""Patio or balcony"", ""Hot water"", ""Hammock"", ""Hair dryer"", ""Coffee maker"", ""Heating"", ""Carbon monoxide alarm"", ""Keypad"", ""Iron"", ""Hangers"", ""Fire pit"", ""Dishes and silverware"", ""Smoke alarm"", ""Self check-in"", ""Cooking basics"", ""Shampoo"", ""Dryer"", ""Bed linens"", ""Kitchen"", ""Long term stays allowed"", ""Wifi"", ""Body soap""]",$174.00,1,1125,1,1,1125,1125,1.0,1125.0,,t,3,27,55,201,2025-06-17,450,38,3,129,55,228,39672.0,2011-12-02,2025-06-03,4.94,4.96,4.95,5.0,4.98,4.89,4.89,HSR19-001190,f,1,1,0,0,2.73
112,23925,https://www.airbnb.com/rooms/23925,20250617032927,2025-06-17,city scrape,Cactus Flower - Modernist Solar Guesthouse Garden,"Modern Life Homes  presents: Cactus Flower<br /><br />Rejuvenate in this quiet luxury modernist zen retreat with its own private desert-style cactus garden. This home offers sustainable living, with a fully indoor/outdoor connection, solar electric power, solar radiant floor heating, and organic bedding.<br /><br />A desert-style luxury retreat in Venice Beach. Eight blocks from the beach, steps to Santa Monica.","Home to a vibrant surfing and skate culture, Venice maintains an edgy coolness that has long attracted the city’s free spirits.<br />With ocean exposure, a boardwalk that stretches over two miles, an endless parade of street performers, and classic Californian architecture, Venice is among the city’s hottest neighborhoods.",https://a0.muscache.com/pictures/prohost-api/Hosting-23925/original/a1b0755d-dfa8-43a6-99ef-ec3eaebb457d.jpeg,95543,https://www.airbnb.com/users/show/95543,Eco Boutique,2010-03-18,"Los Angeles, CA",Modern Life Homes,within an hour,100%,88%,f,https://a0.muscache.com/im/users/95543/profile_pic/1363219379/original.jpg?aki_policy=profile_small,https://a0.muscache.com/im/users/95543/profile_pic/1363219379/original.jpg?aki_policy=profile_x_medium,Venice,12.0,14.0,"['email', 'phone']",t,t,Neighborhood highlights,Venice,City of Los Angeles,34.00299,-118.46556,Entire guesthouse,Entire home/apt,2,1.0,1 bath,1.0,2.0,"[""Stove"", ""Extra pillows and blankets"", ""Free street parking"", ""Refrigerator"", ""Baking sheet"", ""First aid kit"", ""Essentials"", ""Outdoor furniture"", ""Exterior security cameras on property"", ""TV"", ""Washer"", ""Hot water kettle"", ""Fire extinguisher"", ""Safe"", ""Portable fans"", ""Pack \u2019n play/Travel crib"", ""Microwave"", ""Oven"", ""Patio or balcony"", ""Hot water"", ""Laundromat nearby"", ""Cleaning products"", ""Backyard"", ""Luggage dropoff allowed"", ""Sound system"", ""Hair dryer"", ""Shower gel"", ""Clothing storage"", ""Heating"", ""Coffee maker: espresso machine"", ""Carbon monoxide alarm"", ""Cleaning available during stay"", ""Iron"", ""Toaster"", ""Outdoor dining area"", ""Hangers"", ""Indoor fireplace"", ""Garden view"", ""Fire pit"", ""Wine glasses"", ""Dishes and silverware"", ""Smoke alarm"", ""Cooking basics"", ""Single level home"", ""Shampoo"", ""Dryer"", ""Bed linens"", ""Kitchen"", ""Conditioner"", ""Long term stays allowed"", ""Private entrance"", ""Freezer"", ""Wifi"", ""Body soap""]",$359.00,30,365,30,30,365,365,30.0,365.0,,t,10,40,66,144,2025-06-17,184,10,0,76,17,255,91545.0,2015-03-25,2025-01-03,4.89,4.97,4.94,4.94,4.92,4.83,4.8,HSR23-003959,f,11,11,0,0,1.48
113,350756,https://www.airbnb.com/rooms/350756,20250617032927,2025-06-17,previous scrape,BEAUTIFUL LA 2 BED 2 Btrm JUNE 22- SEPT 15 2019,"Large, beautiful, sunny, art-filled two bedroom, two bathroom apartment centrally located! Perfect for for those eager to explore the central LA area!<br />IF INSTANT BOOKING NO RESPONSE - TEXT. MID MAY EXCEPT FOR SATURDAYS $58 p/n<br />*Wi-fi cable TV<br />*Washer dryer, AC, heat<br />*Security Deposit: $250<br />*PRIVATE BATHROOM<br />*Monthly Discount of 10%. Includes ALL utilities ($1800 per month)<br />*ACCESS TO ENTIRE APARTMENT EXCEPT MASTER BDM/BTH<br />*OWNER is either at work till 7:30PM away on travel for several weekends",Beautiful and wonderfully accessible to everything via walking or car or public transportation. Friendly and super safe.<br /><br />Parking: easy street parking available.,https://a0.muscache.com/pictures/3939575/96adae96_original.jpg,1777755,https://www.airbnb.com/users/show/1777755,Marat,2012-02-20,"Los Angeles, CA","I am very adventuresome suffer from  wanderlust  and have travelled extensively . Avid reader, funny, curious , very independent.  and quite easy going and compassionate. Huge array of interests  and passions..

*Couples welcome!  I did NOT
Have guests for last few years
And look forward to hosting
In late spring summer  2019(Phone number hidden by Airbnb) I am the ONLY person
Who lives in apt. 

NoTE  IF  you contact me after
6:00 pm  if looking at last minute  and NO QUICK
Response BEST to CHECk
Another Airbnb by 700 pm
Thanks
PS sometimes I do not receive email so for quick reply text me 
Thanks


If you  reach out AfTER 600
And NO REsponse please
Check another Airbnb host

AVAIL  JUNE. 22 2019 thru (Phone number hidden by Airbnb)  sept 15  or sept 30.
Possibility to extend .
Longer stay will consider
Reducing monthly!














 ",,,,f,https://a0.muscache.com/im/users/1777755/profile_pic/1329963690/original.jpg?aki_policy=profile_small,https://a0.muscache.com/im/users/1777755/profile_pic/1329963690/original.jpg?aki_policy=profile_x_medium,Mid-Wilshire,1.0,2.0,"['email', 'phone']",t,t,Neighborhood highlights,Hancock Park,City of Los Angeles,34.06418,-118.33978,Private room in rental unit,Private room,2,,2 shared baths,,,"[""Extra pillows and blankets"", ""Host greets you"", ""Free street parking"", ""First aid kit"", ""Essentials"", ""Private living room"", ""Washer"", ""Air conditioning"", ""Fire extinguisher"", ""Hot water"", ""Luggage dropoff allowed"", ""Hair dryer"", ""Heating"", ""Carbon monoxide alarm"", ""Iron"", ""Hangers"", ""Indoor fireplace"", ""TV with standard cable"", ""Breakfast"", ""Smoke alarm"", ""Dedicated workspace"", ""Shampoo"", ""Dryer"", ""Lock on bedroom door"", ""Bed linens"", ""Kitchen"", ""Long term stays allowed"", ""Private entrance"", ""Wifi""]",,30,90,30,30,1125,1125,30.0,1125.0,,t,0,0,0,0,2025-06-17,6,0,0,0,0,0,,2015-06-16,2015-11-14,4.17,4.17,3.67,4.17,4.5,4.83,4.17,,t,1,0,1,0,0.05
114,354281,https://www.airbnb.com/rooms/354281,20250617032927,2025-06-17,city scrape,On the BEACH  in Belmont Shore (PRP22-00864),"Private room and bath in large waterfront home.  In addition to the room and bath, you will have personal use of upstairs great room and patio with gas fire pit.  Great place to stay for boat race participants competing in rowing or speed boat events on Marine Stadium.","Great restaurants and fun shopping within walking distance. Double-deck red bus to downtown and convention center, and fun water-bus to seaside attractions.  Long Beach Convention Center about 5 miles away.",https://a0.muscache.com/pictures/3936583/b0880018_original.jpg,1793869,https://www.airbnb.com/users/show/1793869,Elizabeth,2012-02-22,"Long Beach, CA","I'm a retired professional woman with a small rescue dog and a parakeet.  Big house, on the beach, lots of room, in a great resort neighborhood. My home is filled with art and antiques. I love having guests!  But you will have plenty of privacy!  There is so much to see and do - it's paradise here!",within a day,100%,100%,f,https://a0.muscache.com/im/pictures/user/d2ec6843-0f79-4e6b-a807-dd62851c5ecc.jpg?aki_policy=profile_small,https://a0.muscache.com/im/pictures/user/d2ec6843-0f79-4e6b-a807-dd62851c5ecc.jpg?aki_policy=profile_x_medium,Long Beach,1.0,1.0,"['email', 'phone']",t,t,Neighborhood highlights,Long Beach,Other Cities,33.76371,-118.12497,Private room in home,Private room,2,1.0,1 private bath,1.0,1.0,"[""Extra pillows and blankets"", ""Host greets you"", ""Fast wifi \u2013 139 Mbps"", ""Free street parking"", ""Refrigerator"", ""First aid kit"", ""Essentials"", ""Outdoor furniture"", ""Free parking on premises"", ""Washer"", ""Fire extinguisher"", ""Microwave"", ""Waterfront"", ""Hot water"", ""Luggage dropoff allowed"", ""84 inch TV with standard cable"", ""Hair dryer"", ""Shower gel"", ""Coffee maker"", ""Heating"", ""Carbon monoxide alarm"", ""Central air conditioning"", ""Iron"", ""Beach access \u2013 Beachfront"", ""Private patio or balcony"", ""Hangers"", ""Indoor fireplace"", ""Fire pit"", ""Elevator"", ""Dishes and silverware"", ""Smoke alarm"", ""Dedicated workspace"", ""Shampoo"", ""Dryer"", ""Beach essentials"", ""Bed linens"", ""Long term stays allowed""]",$224.00,2,30,2,2,30,30,2.0,30.0,,t,27,31,39,314,2025-06-17,134,1,0,147,3,6,1344.0,2013-02-16,2024-07-28,4.92,4.95,4.96,4.98,4.97,4.98,4.91,PRP22-00864,f,1,0,1,0,0.89
115,356290,https://www.airbnb.com/rooms/356290,20250617032927,2025-06-17,city scrape,reduced modern eco guest house walk to beach 30 +,"REDUCED RATE . Don't miss this opportunity to rent this unique compact open space live/work/love loft in Santa Monica, one of LA’s best neighborhoods on the coastline only a 6 block walk from the ocean.   <br /><br />Comprising large open-space living/dining/kitchen/sleeping, Japanese style bathroom, 2nd level mezzanine, 4 overhead skylights, with small outdoor patio. . It’s perfect for a single, or a couple.","We will provide Neighborhood Guides for Santa Monica, Malibu including many wonderful places to visit during your stay in the Los Angeles area!",https://a0.muscache.com/pictures/3968305/9bfb4a69_original.jpg,10156476,https://www.airbnb.com/users/show/10156476,Robert,2013-11-20,"Los Angeles, CA","Professional Visual Artist: fine art photographer, filmmaker, video installations - exhibiting my work in galleries and museums worldwide.",within an hour,100%,80%,,https://a0.muscache.com/im/users/10156476/profile_pic/1389247192/original.jpg?aki_policy=profile_small,https://a0.muscache.com/im/users/10156476/profile_pic/1389247192/original.jpg?aki_policy=profile_x_medium,Santa Monica,14.0,15.0,"['email', 'phone']",t,t,Neighborhood highlights,Santa Monica,Other Cities,34.00351,-118.478,Entire guesthouse,Entire home/apt,2,1.0,1 bath,1.0,2.0,"[""Stove"", ""Extra pillows and blankets"", ""Free street parking"", ""Refrigerator"", ""First aid kit"", ""Essentials"", ""Free washer \u2013 In unit"", ""Ethernet connection"", ""Pets allowed"", ""Hot water kettle"", ""Baby safety gates"", ""Air conditioning"", ""Fire extinguisher"", ""Crib"", ""Microwave"", ""Pack \u2019n play/Travel crib"", ""Oven"", ""Patio or balcony"", ""Hot water"", ""Luggage dropoff allowed"", ""Cleaning products"", ""Hair dryer"", ""Heating"", ""Carbon monoxide alarm"", ""Room-darkening shades"", ""Iron"", ""Children\u2019s dinnerware"", ""Hangers"", ""Dining table"", ""High chair"", ""TV with standard cable"", ""Dishes and silverware"", ""Smoke alarm"", ""Breakfast"", ""Self check-in"", ""Cooking basics"", ""Shampoo"", ""Dryer"", ""Bed linens"", ""Kitchen"", ""Conditioner"", ""Long term stays allowed"", ""Private entrance"", ""Freezer"", ""Wifi"", ""Lockbox""]",$220.00,30,360,30,30,360,360,30.0,360.0,,t,29,59,89,364,2025-06-17,56,0,0,197,0,0,0.0,2012-04-01,2021-11-10,4.94,4.87,4.82,4.95,4.95,4.96,4.67,241180,f,9,8,1,0,0.35
116,357323,https://www.airbnb.com/rooms/357323,20250617032927,2025-06-17,previous scrape,Bigger Little Villa,"Secluded, sunlit space in heart of Echo Park, peaceful, inspiring, <br />walking distance to many shops and Sunset blvd.  Please read complete listing and house rules before booking.","A diverse and low-key neighborhood in central Los Angeles, Echo Park is a secret gem that often gets passed over by its hipster neighbor, Silver Lake. This area is completely walkable and home to many prospering artists, writers and musicians.  The following businesses are just around the corner; Canyon Coffee, Valerie Bakery, Bacetti Italian restaurant, Tilda bar, COOKBOOK boutique grocery, several lovely gift and clothing stores, book stores, Hair cutting salon, Friday afternoon  Farmers market is just down the street on Sunset.  Lassen's healthy grocery store is also there.  New boutique businesses are cropping up all the time.  It's incredibly charming!!  close to Sunset if you want to travel by bus.  Easy to Uber. 10 minutes drive to downtown.",https://a0.muscache.com/pictures/miso/Hosting-357323/original/6e374c45-6ccc-4d2d-95ba-ec12b2a196d4.jpeg,78804,https://www.airbnb.com/users/show/78804,Sophie,2010-02-08,"Los Angeles, CA"," I am an Angeleno native with Scandinavian roots, a seasoned traveler, adventurer, sometime photographer and film maker.  I love Echo Park.  I have lived in or near it for close to 20 years.

",within a few hours,100%,43%,f,https://a0.muscache.com/im/pictures/user/fde28de6-c220-4b4d-9de1-52b0297ad0eb.jpg?aki_policy=profile_small,https://a0.muscache.com/im/pictures/user/fde28de6-c220-4b4d-9de1-52b0297ad0eb.jpg?aki_policy=profile_x_medium,Echo Park,3.0,9.0,"['email', 'phone']",t,t,Neighborhood highlights,Echo Park,City of Los Angeles,34.08115,-118.25549,Entire rental unit,Entire home/apt,3,,1 bath,1.0,,"[""Stove"", ""Free street parking"", ""Refrigerator"", ""Essentials"", ""TV"", ""Washer"", ""City skyline view"", ""Air conditioning"", ""Fire extinguisher"", ""Oven"", ""Patio or balcony"", ""Hot water"", ""Hair dryer"", ""Coffee maker"", ""Heating"", ""Carbon monoxide alarm"", ""Keypad"", ""Iron"", ""Hangers"", ""Dishes and silverware"", ""Smoke alarm"", ""Self check-in"", ""Dedicated workspace"", ""Cooking basics"", ""Shampoo"", ""Dryer"", ""Kitchen"", ""Private entrance"", ""Wifi""]",,30,365,30,30,1125,1125,30.0,1125.0,,t,0,0,0,0,2025-06-17,96,1,0,0,2,60,,2012-03-25,2025-03-31,4.86,4.89,4.83,4.85,4.83,4.85,4.67,,f,3,3,0,0,0.6
117,357690,https://www.airbnb.com/rooms/357690,20250617032927,2025-06-17,city scrape,"Harp House, Quiet Garden & Breakfast","""These cameras will record/not record during your stay. ""<br /><br />This quiet and peaceful room looks out onto the tiled and treed back patio.  Our neighborhood is quiet & friendly, while being close to the bus &  train for a quick trip into old town and the great restaurants of Pasadena! Breakfast is included :).<br /><br />Pasadena short term rental permit # SRH2021-00283","Close to buses, the train, they huntington library and caltech.  A bus or metro ride to old town and the museums and restaurants there.  Walking distance to local shops and restaurants.",https://a0.muscache.com/pictures/airflow/Hosting-357690/original/69058700-bfaf-4e27-821f-bee47a8081f4.jpg,1810141,https://www.airbnb.com/users/show/1810141,Carolyn,2012-02-25,"Pasadena, CA","I also practice the harp, play the harp for concerts and functions.  all of which is very entertaining to my cats, who also love meeting new people! We practice yoga and Buddhist meditation together also.  The cats are better at this than I am!  I love to travel, and have spent most of my life traveling while playing music. I am originally from Australia, but have been living in Los Angeles for 26 years.",within a few hours,100%,91%,t,https://a0.muscache.com/im/users/1810141/profile_pic/1336443487/original.jpg?aki_policy=profile_small,https://a0.muscache.com/im/users/1810141/profile_pic/1336443487/original.jpg?aki_policy=profile_x_medium,Pasadena,6.0,6.0,"['email', 'phone', 'work_email']",t,t,Neighborhood highlights,Pasadena,Other Cities,34.16108,-118.10577,Private room in home,Private room,2,1.5,1.5 shared baths,1.0,1.0,"[""Stove"", ""Extra pillows and blankets"", ""Host greets you"", ""Refrigerator"", ""First aid kit"", ""Free washer"", ""Essentials"", ""Clothing storage: closet and dresser"", ""Outdoor furniture"", ""Free parking on premises"", ""Indoor fireplace: gas, wood-burning"", ""Drying rack for clothing"", ""Dishwasher"", ""Exterior security cameras on property"", ""TV"", ""BBQ grill"", ""Private backyard \u2013 Fully fenced"", ""Fire extinguisher"", ""Children\u2019s books and toys"", ""Microwave"", ""Oven"", ""Patio or balcony"", ""Hot water"", ""Luggage dropoff allowed"", ""Cleaning products"", ""Hair dryer"", ""Coffee maker"", ""Heating"", ""Carbon monoxide alarm"", ""Central air conditioning"", ""Iron"", ""Children\u2019s dinnerware"", ""Outdoor dining area"", ""Hangers"", ""Fire pit"", ""Dishes and silverware"", ""Smoke alarm"", ""Breakfast"", ""Dedicated workspace"", ""Bathtub"", ""Cooking basics"", ""Shampoo"", ""Single level home"", ""Dryer"", ""Lock on bedroom door"", ""Bed linens"", ""Kitchen"", ""Conditioner"", ""Long term stays allowed"", ""Babysitter recommendations"", ""Fast wifi \u2013 259 Mbps"", ""Body soap""]",$80.00,1,365,1,1,365,365,1.0,365.0,,t,28,58,88,363,2025-06-17,87,6,2,196,4,36,2880.0,2012-05-06,2025-06-01,4.95,4.85,4.82,4.93,4.95,4.96,4.89,SRH-2018-00018,f,2,0,2,0,0.54
118,358575,https://www.airbnb.com/rooms/358575,20250617032927,2025-06-18,city scrape,"Echo Park Hills - laundry, parking, large patio","30 days+ extended stays welcome. Private 2 bed 1.5 bath with direct stair free access. Canyon hideaway in the desirable Elysian Heights area of Echo Park. Off street parking + laundry in the unit. Tucked above street level, behind a terraced garden, featuring all the comforts of home. Well appointed kitchen, memory foam mattresses & personal outdoor patio. Roaming distance to trendy restaurants & public transportation.  Close to Elysian Park trails, Sunset Blvd & Fwy. Internet-175up/40down.","Enjoy easy access to Elysian Park hiking trails, Echo Park lake, restaurants, cafes, and shopping along Sunset Blvd. Spend nights soaking up the culture and nightlife downtown, then relax all day on the cozy patio.",https://a0.muscache.com/pictures/hosting/Hosting-U3RheVN1cHBseUxpc3Rpbmc6MzU4NTc1/original/5999e800-ec06-48c7-bc38-880974d849cc.jpeg,1545388,https://www.airbnb.com/users/show/1545388,Andrea & Darren,2011-12-29,"Los Angeles, CA","We are a realtor & designer couple. Our days are divided between managing Airbnb properties, raising a son, remodeling homes & representing real estate clients in LA.
We've both grew up in the North East area & went to the same high school. Most of our downtime is spent at our family vacation home in Lake Gregory, CA. 
As hosts, we strive to provide a comfortable home away from home & respect privacy while remaining available when called upon.",within a few hours,100%,92%,t,https://a0.muscache.com/im/pictures/user/User-1545388/original/9ff442d4-043c-4bb1-bd73-a8175b2d7188.jpeg?aki_policy=profile_small,https://a0.muscache.com/im/pictures/user/User-1545388/original/9ff442d4-043c-4bb1-bd73-a8175b2d7188.jpeg?aki_policy=profile_x_medium,Echo Park,7.0,9.0,"['email', 'phone']",t,t,Neighborhood highlights,Echo Park,City of Los Angeles,34.08898,-118.25007,Entire rental unit,Entire home/apt,4,1.5,1.5 baths,2.0,1.0,"[""Stove"", ""Extra pillows and blankets"", ""Coffee"", ""Free street parking"", ""Refrigerator"", ""Baking sheet"", ""First aid kit"", ""Essentials"", ""Portable air conditioning"", ""Outdoor furniture"", ""Free parking on premises"", ""Dishwasher"", ""Free washer \u2013 In unit"", ""Pets allowed"", ""Hot water kettle"", ""Ceiling fan"", ""Fire extinguisher"", ""Crib"", ""Window AC unit"", ""Free dryer \u2013 In unit"", ""Pack \u2019n play/Travel crib"", ""Portable fans"", ""Microwave"", ""Hot water"", ""Oven"", ""Cleaning products"", ""Mountain view"", ""Hair dryer"", ""Coffee maker"", ""Shower gel"", ""Clothing storage"", ""Heating"", ""Carbon monoxide alarm"", ""Keypad"", ""Iron"", ""Toaster"", ""Outdoor dining area"", ""Barbecue utensils"", ""Hangers"", ""Private patio or balcony"", ""Dining table"", ""Garden view"", ""TV with standard cable"", ""Wine glasses"", ""Dishes and silverware"", ""Smoke alarm"", ""Self check-in"", ""Dedicated workspace"", ""Bathtub"", ""Cooking basics"", ""Shampoo"", ""Bed linens"", ""Kitchen"", ""Conditioner"", ""Long term stays allowed"", ""Blender"", ""Private entrance"", ""Freezer"", ""Wifi""]",$150.00,31,1125,31,31,1125,1125,31.0,1125.0,,t,0,16,46,153,2025-06-18,65,2,0,153,4,124,18600.0,2012-03-27,2024-10-02,4.94,4.85,4.91,4.98,4.94,4.88,4.77,,f,6,6,0,0,0.4
119,359854,https://www.airbnb.com/rooms/359854,20250617032927,2025-06-17,city scrape,Newly Remodeled Centrally Located,Great location central to everything with 2 super rad creative chicks!,"The neighborhood is very central to everything. We are right off of the 10 freeway so we are 15-20min from beach, downtown, 5min to Beverly Hills and West Hollywood. 15min from Hollywood.",https://a0.muscache.com/pictures/a17f13f5-4803-42dc-925d-1e926c6dbdef.jpg,466662,https://www.airbnb.com/users/show/466662,Natalie,2011-03-27,"Los Angeles, CA","Hey! My name is Natalie and I live with my wife Eddie in this beautiful spanish style duplex in the heart of Los Angeles. We are in our mid 40's, really laid back, love to have fun, are entrepreneur, actors, musicians and hard workers. We also have 2 wonderful kitties Willow and Jett that are pretty shy so they won’t bug anyone. We love meeting new and interesting people through Airbnb. Looking forward to meeting you in your stay with us.",,,67%,f,https://a0.muscache.com/im/pictures/user/User-466662/original/c1f9bf58-16bc-46bf-aaa3-64d3b8584da1.jpeg?aki_policy=profile_small,https://a0.muscache.com/im/pictures/user/User-466662/original/c1f9bf58-16bc-46bf-aaa3-64d3b8584da1.jpeg?aki_policy=profile_x_medium,Mid-Wilshire,2.0,2.0,"['email', 'phone', 'work_email']",t,t,Neighborhood highlights,Mid-Wilshire,City of Los Angeles,34.05479,-118.36375,Private room in home,Private room,2,1.0,1 shared bath,1.0,1.0,"[""Host greets you"", ""Free street parking"", ""First aid kit"", ""Essentials"", ""Washer"", ""Hot water"", ""Hair dryer"", ""Heating"", ""Carbon monoxide alarm"", ""Iron"", ""Hangers"", ""Indoor fireplace"", ""Smoking allowed"", ""TV with standard cable"", ""Smoke alarm"", ""Dedicated workspace"", ""Shampoo"", ""Dryer"", ""Lock on bedroom door"", ""Kitchen"", ""Wifi""]",$77.00,30,155,30,30,155,155,30.0,155.0,,t,4,4,4,231,2025-06-17,6,0,0,65,0,0,0.0,2014-05-04,2018-08-12,4.67,4.67,4.67,5.0,5.0,4.83,4.83,,f,2,0,2,0,0.04
120,360147,https://www.airbnb.com/rooms/360147,20250617032927,2025-06-18,city scrape,Echo Park Guest House with Garden,"A stylish retreat in the heart of Echo Park, one of Los Angeles' most creative, vibrant, and diverse neighborhoods.","A short walk to the cafes, music venues, art galleries, restaurants, boutiques and bars of Sunset Boulevard & Echo Park Ave, and a half block to the 600 acres of eucalyptus groves and hiking trails of Elysian Park, our location is literally on the cusp of two worlds. <br /><br />For fans of everything from mid-century design and architecture to 20's era noir fantasies, Echo Park is between Silver Lake & Downtown Los Angeles--minutes from both by car or bus. It's also close to Hollywood and all the boulevards & freeways that transport you to the iconic LA sites--as well as beaches, mountains, and deserts. <br /><br />Echo Park Lake is also just a short walk away.",https://a0.muscache.com/pictures/174b7e08-465c-4381-b452-267a0b825809.jpg,4273340,https://www.airbnb.com/users/show/4273340,Pamela,2012-11-28,"Los Angeles, CA","I'm a writer and teacher living in Los Angeles with my husband and two sons.
",within a day,100%,100%,f,https://a0.muscache.com/im/users/4273340/profile_pic/1355451388/original.jpg?aki_policy=profile_small,https://a0.muscache.com/im/users/4273340/profile_pic/1355451388/original.jpg?aki_policy=profile_x_medium,Echo Park,1.0,1.0,"['email', 'phone']",t,t,Neighborhood highlights,Echo Park,City of Los Angeles,34.07567,-118.25068,Entire guest suite,Entire home/apt,2,1.0,1 bath,1.0,1.0,"[""Stove"", ""Extra pillows and blankets"", ""Free street parking"", ""Refrigerator"", ""First aid kit"", ""Essentials"", ""Outdoor furniture"", ""Books and reading material"", ""Washer"", ""Ceiling fan"", ""Fire extinguisher"", ""Window AC unit"", ""Microwave"", ""Backyard"", ""Oven"", ""Hot water"", ""Hair dryer"", ""Coffee maker"", ""Heating"", ""Carbon monoxide alarm"", ""Iron"", ""Toaster"", ""Outdoor dining area"", ""Hangers"", ""Dining table"", ""Dishes and silverware"", ""Smoke alarm"", ""Dedicated workspace"", ""Cooking basics"", ""Shampoo"", ""Dryer"", ""Bed linens"", ""Kitchen"", ""Conditioner"", ""32 inch HDTV with Roku"", ""Long term stays allowed"", ""Private entrance"", ""Wifi"", ""Body soap""]",$108.00,30,64,30,30,64,64,30.0,64.0,,t,0,28,32,66,2025-06-18,47,0,0,66,0,0,0.0,2012-05-12,2016-02-21,4.85,4.56,4.6,4.93,4.87,4.71,4.69,,f,1,1,0,0,0.29
121,23979,https://www.airbnb.com/rooms/23979,20250617032927,2025-06-18,city scrape,Sexy Sleek Hollywood Loft With Jaw-Dropping Views,"Enter via the scenic bamboo-fringed walkway, where twinkling lights high in trees add magic + mystery. Then unwind in an space that is dynamic yet oh-so soothing, thanks to high ceilings, polished concrete floors, a spa-like bathroom and a sweeping and breathtaking one-of-a kind view -- from the famous Hollywood sign to downtown L.A.<br /><br />* Parking is easy + ample. Long, quiet street with great neighbors. There is always space. <br /><br />* We require GOV'T ID+GUEST AGREEMENT.<br /><br />* Monthly avail plz inquire.","Set high in the Hollywood Hills, complete with views of the famous sign, the location is near many iconic hotspots, including the Dolby Theatre, Sunset and Vine, and the Pantages Theatre. Plus, countless bars, acclaimed gourmet restaurants and just nice down-to-earth eateries of Hollywood Boulevard are also close by.",https://a0.muscache.com/pictures/84ea3412-2e2b-46b3-a71d-4c57be65b7e8.jpg,55411,https://www.airbnb.com/users/show/55411,Henry,2009-11-18,"Los Angeles, CA","hey hi hello there. check us out and you'll definitely want to check in!

we rep amazing, inspiring spaces that are out of the ordinary and simply extraordinary. suffused with peace and privacy, style and value… our properties are recommended by the brilliant, stylish minds at Glamour, Angeleno, Advocate OUT, The LA Times, Sunset, Fine Living, Neiman Marcus IN CIRCLE,  Blackbook and more...

...including AirBNB who has selected numerous spots of ours as the *best* in the area for their exclusive and coveted, by-invitation-only PLUS+ program. which means they’ve visited, verified and personally approved our spaces and that guarantees you a fully vetted, top quality experience. *we have more PLUS+ spaces than any other host in los angeles* because we're ne plus ultra bruh!

so merci grazi danke xia xia gracias and thanks for stopping by. we hope to have the pleasure of your company.

have a great day.

; - )
",within an hour,100%,89%,t,https://a0.muscache.com/im/pictures/user/3e9b356c-2791-48d2-bda8-93fb25947f51.jpg?aki_policy=profile_small,https://a0.muscache.com/im/pictures/user/3e9b356c-2791-48d2-bda8-93fb25947f51.jpg?aki_policy=profile_x_medium,Hollywood Hills,6.0,27.0,"['email', 'phone']",t,t,Neighborhood highlights,Hollywood Hills,City of Los Angeles,34.11471155500706,-118.3216477857722,Entire guest suite,Entire home/apt,2,1.0,1 bath,1.0,1.0,"[""Host greets you"", ""Free street parking"", ""Refrigerator"", ""Essentials"", ""Fast wifi \u2013 93 Mbps"", ""Free washer \u2013 In building"", ""45 inch HDTV with Roku, DVD player"", ""Exterior security cameras on property"", ""City skyline view"", ""Ceiling fan"", ""Fire extinguisher"", ""Portable fans"", ""Valley view"", ""Microwave"", ""Mini fridge"", ""Hot water"", ""Luggage dropoff allowed"", ""Cleaning products"", ""Mountain view"", ""Hair dryer"", ""Coffee maker"", ""Shower gel"", ""Clothing storage"", ""Heating"", ""Carbon monoxide alarm"", ""Iron"", ""Toaster"", ""Hangers"", ""Dishes and silverware"", ""Smoke alarm"", ""Cooking basics"", ""Shampoo"", ""Dryer"", ""Bed linens"", ""Kitchen"", ""Conditioner"", ""Long term stays allowed"", ""Private entrance"", ""Freezer"", ""Body soap""]",$223.00,3,28,3,4,28,28,3.4,28.0,,t,0,16,45,45,2025-06-18,68,4,0,45,6,24,5352.0,2010-05-08,2025-05-18,4.97,4.95,4.95,5.0,5.0,4.95,4.92,HSR19-003021,f,4,4,0,0,0.37
122,24030,https://www.airbnb.com/rooms/24030,20250617032927,2025-06-17,city scrape,Beach Bungalow one block to ocean,Artist's Sweet Bohemian Bungalow located in key area of Famous Venice Boardwalk. Shared with the cutest kitty named Fox.,the beach and boardwalk are a block away from bungalow.,https://a0.muscache.com/pictures/fe0175e5-686f-4679-a65e-38451ccf8ebb.jpg,96147,https://www.airbnb.com/users/show/96147,Michaela,2010-03-19,"Los Angeles, CA","Im an artist... i travel a lot and rent my place out while im gone... it is my home and it is a special place very close to the beach in the heart of Venice.  i enjoy sharing it and my cat is the best hostess :)
",,,,f,https://a0.muscache.com/im/users/96147/profile_pic/1270830986/original.jpg?aki_policy=profile_small,https://a0.muscache.com/im/users/96147/profile_pic/1270830986/original.jpg?aki_policy=profile_x_medium,Venice,1.0,1.0,"['email', 'phone']",t,t,Neighborhood highlights,Venice,City of Los Angeles,33.98798,-118.47245,Entire bungalow,Entire home/apt,2,1.0,1 bath,1.0,1.0,"[""Stove"", ""Host greets you"", ""Free street parking"", ""Refrigerator"", ""First aid kit"", ""Essentials"", ""Backyard"", ""Oven"", ""Patio or balcony"", ""Hot water"", ""Hair dryer"", ""Heating"", ""Carbon monoxide alarm"", ""Iron"", ""Hangers"", ""Dishes and silverware"", ""Smoke alarm"", ""Cooking basics"", ""Shampoo"", ""Kitchen"", ""Wifi""]",$130.00,30,365,30,30,365,365,30.0,365.0,,t,29,59,89,364,2025-06-17,267,0,0,197,0,0,0.0,2010-04-19,2021-06-24,4.8,4.8,4.43,4.8,4.87,4.82,4.66,,f,1,1,0,0,1.45
123,24041,https://www.airbnb.com/rooms/24041,20250617032927,2025-06-18,city scrape,2block from beach-Historic Bungalow discount/month,"TWO blocks from the BEACH!! This is a historic, remodeled Studio Bungalow in South Redondo Beach.<br />-- AMAZING DISCOUNTS: STAY 30 DAYS OR MORE AND SAFE 35%. BEST DEAL IN THE SOUTH BAY!<br />-- STAY 7 DAYS OR MORE SAVE 10%  (discounts automatically applied at check out)","Beach, pier, restaurants, coffee shops, marina and so much more.",https://a0.muscache.com/pictures/56854225/78552027_original.jpg,39253,https://www.airbnb.com/users/show/39253,Omar,2009-09-17,"Redondo Beach, CA","We are laid back people who love to be active and enjoy everything that the beach life has to offer. Kristina is born and raised in Germany and has lived in a number of places around the world. Omar is born and raised in Los Angeles. Hence he has quite a bit of insight on where to go and what to do. Together we have travelled all over the world and consider ourselves happy to be able to offer other travelers a comfortable, safe and beautiful home by the beach during their stay in Redondo Beach.",within an hour,100%,98%,t,https://a0.muscache.com/im/pictures/user/b8d41d99-9149-4154-9a39-b19c7c27e368.jpg?aki_policy=profile_small,https://a0.muscache.com/im/pictures/user/b8d41d99-9149-4154-9a39-b19c7c27e368.jpg?aki_policy=profile_x_medium,Redondo Beach,2.0,3.0,"['email', 'phone']",t,f,Neighborhood highlights,Redondo Beach,Other Cities,33.83889,-118.38537,Entire bungalow,Entire home/apt,2,1.0,1 bath,1.0,1.0,"[""Stove"", ""Extra pillows and blankets"", ""Free street parking"", ""Refrigerator"", ""Essentials"", ""Clothing storage: closet and dresser"", ""Outdoor furniture"", ""Dishwasher"", ""Books and reading material"", ""Indoor fireplace: electric"", ""Private backyard \u2013 Fully fenced"", ""Fire extinguisher"", ""Portable fans"", ""Microwave"", ""Oven"", ""Hot water"", ""Hair dryer"", ""Coffee maker"", ""Shower gel"", ""Heating"", ""Carbon monoxide alarm"", ""Keypad"", ""Room-darkening shades"", ""Iron"", ""Outdoor dining area"", ""Beach access \u2013 Beachfront"", ""Hangers"", ""TV with standard cable"", ""Dishes and silverware"", ""Smoke alarm"", ""Self check-in"", ""Bathtub"", ""Cooking basics"", ""Shampoo"", ""Single level home"", ""Beach essentials"", ""Bed linens"", ""Kitchen"", ""Long term stays allowed"", ""Private entrance"", ""Wifi"", ""Body soap""]",$177.00,28,365,7,28,1125,1125,22.5,1125.0,,t,3,19,49,317,2025-06-18,385,11,1,149,10,255,45135.0,2010-04-05,2025-05-29,4.71,4.79,4.63,4.86,4.89,4.89,4.72,,f,2,2,0,0,2.08
124,24349,https://www.airbnb.com/rooms/24349,20250617032927,2025-06-18,city scrape,"The Wolford House, a Mid Century Hilltop Jewel","Gather for sun-dappled alfresco lunches at a statement retreat blending rustic brick and sleek redwood. Designed by Jim de Long, student of Frank Lloyd Wright, the Wolford House is designated as an architectural monument, with walls of glass maximizing the serene leafy outlook and framing spectacular views of LA.<br /><br />Spectacular mid-century modern jewel of a house on top of Mt Washington. Minutes from downtown LA, Pasadena and Glendale,<br />but situated in a very quiet, elegant setting, with a wonderful scenic walking trail around the top of the hill...  The house is registered as an architectural monument by the Cultural Heritage Commission. <br />Perfect for 2 - 4 people, but could easily sleep more.  Heat and airconditioning.... An excellent modern kitchen, wonderful outdoor patios and huge views in all directions....<br /><br />The off street parking area can fit 2 cars<br /><br />I live right next door and am available to help with anything as needed...<br /><br />Tucked a","Tucked away atop Mount Washington, the property is registered as an architectural monument by the Cultural Heritage Commission. Minutes from Eagle Rock, Highland Park, downtown LA and Pasadena, there's a wonderful scenic walking trail around the top of the hill.",https://a0.muscache.com/pictures/819ea537-72c2-423d-8c61-d6693add5424.jpg,98565,https://www.airbnb.com/users/show/98565,Zara,2010-03-24,"Los Angeles, CA","We live in our new house next door to the Wolford House.  I am designer/owner of Priceless Imperfection, an exclusive handmade line of  jewelry...  My husband Nick is professor of Astronomy at Caltech in Pasadena...... Caius our son is a senior at the Los Angeles County High School for the Arts..... and Luna our dog is a darling Airedale Terrier. ",within a day,100%,33%,f,https://a0.muscache.com/im/pictures/user/User-98565/original/c54dd5eb-288d-40a0-8b27-e4fe5d38e8f5.jpeg?aki_policy=profile_small,https://a0.muscache.com/im/pictures/user/User-98565/original/c54dd5eb-288d-40a0-8b27-e4fe5d38e8f5.jpeg?aki_policy=profile_x_medium,Mount Washington,1.0,1.0,"['email', 'phone']",t,t,Neighborhood highlights,Mount Washington,City of Los Angeles,34.10942,-118.22003,Entire home,Entire home/apt,5,1.0,1 bath,2.0,2.0,"[""Stove"", ""Extra pillows and blankets"", ""Coffee"", ""Free street parking"", ""Refrigerator"", ""Baking sheet"", ""First aid kit"", ""Essentials"", ""Outdoor furniture"", ""Free parking on premises"", ""Dishwasher"", ""Books and reading material"", ""Ethernet connection"", ""BBQ grill"", ""Pets allowed"", ""Washer"", ""Hot water kettle"", ""Air conditioning"", ""Fire extinguisher"", ""Crib"", ""Portable fans"", ""Clothing storage: closet, wardrobe, and dresser"", ""Microwave"", ""Oven"", ""Patio or balcony"", ""Hot water"", ""Backyard"", ""Cleaning products"", ""Luggage dropoff allowed"", ""Hair dryer"", ""Heating"", ""Coffee maker: espresso machine"", ""Carbon monoxide alarm"", ""Keypad"", ""Cleaning available during stay"", ""Room-darkening shades"", ""Iron"", ""Toaster"", ""Outdoor dining area"", ""Barbecue utensils"", ""Hangers"", ""Indoor fireplace"", ""Dining table"", ""TV with standard cable"", ""Pack \u2019n play/Travel crib - always at the listing"", ""Fireplace guards"", ""Smoke alarm"", ""Dishes and silverware"", ""Wine glasses"", ""Self check-in"", ""Dedicated workspace"", ""Bathtub"", ""Cooking basics"", ""Shampoo"", ""Single level home"", ""Dryer"", ""Bed linens"", ""Kitchen"", ""Conditioner"", ""Long term stays allowed"", ""Blender"", ""Private entrance"", ""Freezer"", ""Wifi"", ""Body soap""]",$450.00,30,185,30,30,185,185,30.0,185.0,,t,30,60,90,365,2025-06-18,176,1,0,197,3,60,27000.0,2015-07-23,2024-08-31,4.98,4.94,4.92,4.98,5.0,4.98,4.92,HSR21-002783,f,1,1,0,0,1.46
125,210489,https://www.airbnb.com/rooms/210489,20250617032927,2025-06-17,city scrape,3br 3ba townhome near Beverly Hills,"Beverly Hills area, very safe, quiet and centrally located.  Walking distance to Rodeo Drive and Beverly Hills luxury shopping.  Lots of restaurants at all price levels.  Close to tourist attractions, beaches, airport, Hollywwod,  downtown, studios.","Great neighborhood!  Two blocks to Beverly Hills, a short drive to the beach, Hollywood, downtown LA, etc.",https://a0.muscache.com/pictures/7589741/7e3fc6b8_original.jpg,76111,https://www.airbnb.com/users/show/76111,Joy,2010-02-01,"Los Angeles, CA",My husband and I are retired and would like to do some traveling now that the kids are grown and gone. We'll try to accommodate your group to make your stay here comfortable and enjoyable.  ,,,,f,https://a0.muscache.com/im/users/76111/profile_pic/1343765709/original.jpg?aki_policy=profile_small,https://a0.muscache.com/im/users/76111/profile_pic/1343765709/original.jpg?aki_policy=profile_x_medium,South Robertson,2.0,5.0,"['email', 'phone']",t,t,Neighborhood highlights,Beverlywood,City of Los Angeles,34.05228280688662,-118.39561067671796,Entire townhouse,Entire home/apt,8,3.0,3 baths,3.0,5.0,"[""Stove"", ""Extra pillows and blankets"", ""Host greets you"", ""Refrigerator"", ""First aid kit"", ""Essentials"", ""Free parking on premises"", ""Dishwasher"", ""Ethernet connection"", ""Washer"", ""Air conditioning"", ""Fire extinguisher"", ""Microwave"", ""Backyard"", ""Oven"", ""Patio or balcony"", ""Hot water"", ""Luggage dropoff allowed"", ""Hair dryer"", ""Coffee maker"", ""Heating"", ""Carbon monoxide alarm"", ""Iron"", ""Hangers"", ""Indoor fireplace"", ""TV with standard cable"", ""Dishes and silverware"", ""Smoke alarm"", ""Bathtub"", ""Cooking basics"", ""Shampoo"", ""Dryer"", ""Bed linens"", ""Kitchen"", ""Long term stays allowed"", ""Private entrance"", ""Wifi""]",$331.00,31,210,31,31,210,210,31.0,210.0,,t,27,57,87,267,2025-06-17,14,0,0,195,0,0,0.0,2014-07-07,2019-08-22,4.57,4.57,4.5,4.93,4.93,4.43,4.64,Exempt - This listing is a transient occupancy residential structure,f,2,1,1,0,0.11
126,210855,https://www.airbnb.com/rooms/210855,20250617032927,2025-06-17,city scrape,Master Bedroom in Santa Monica Townhome,"Fully functional interior but currently under construction / remodeling so is subject to a bit of dust. A cat has been in the room. <br /><br />Due to home office meetings, usually I can only accommodate those with set predictable schedules (such as for work or seminars) and are not going in and out constantly. Let me know your situation. If you're not sure, make an inquiry BEFORE booking. WIFI is usually not available.<br /><br />Weekends may be available-inquire first.","Within walking distance are 3 different Whole Foods markets, the Co-op Natural Foods, as well as a US Post Office and UPS. The beach and 3rd St Promenade are less than a mile away. Venice is a bit further. The Getty museum is not far (near UCLA). Check out the neighborhood map below.",https://a0.muscache.com/pictures/95322867/0d6c5aa9_original.jpg,1032538,https://www.airbnb.com/users/show/1032538,Calvin,2011-08-29,"Santa Monica, CA","Born in Maryland but lived in California most of my life.

I've also lived in Portland [Oregon], New York [Manhattan], Paris [France], and Chicago.

Undergrad degree in English, started graduate studies in Architecture but never finished. I used to work in print graphics. Currently finishing paralegal studies.

My Interests include: Natural Healing, Raw Food, Tennis, Tap Dance, Sign Language, Mallet Percussion, Permaculture, Commercial & Contract Law",within an hour,100%,83%,f,https://a0.muscache.com/im/users/1032538/profile_pic/1438826534/original.jpg?aki_policy=profile_small,https://a0.muscache.com/im/users/1032538/profile_pic/1438826534/original.jpg?aki_policy=profile_x_medium,Santa Monica,1.0,1.0,"['email', 'phone']",t,t,Neighborhood highlights,Santa Monica,Other Cities,34.02447,-118.48942,Private room in condo,Private room,1,1.0,1 private bath,1.0,1.0,"[""Stove"", ""Extra pillows and blankets"", ""Host greets you"", ""Free street parking"", ""Refrigerator"", ""Baking sheet"", ""First aid kit"", ""Essentials"", ""Drying rack for clothing"", ""Hot water kettle"", ""Rice maker"", ""Fire extinguisher"", ""Portable fans"", ""Oven"", ""Hot water"", ""Luggage dropoff allowed"", ""Cleaning products"", ""Hair dryer"", ""Heating"", ""Carbon monoxide alarm"", ""Room-darkening shades"", ""Iron"", ""Toaster"", ""Hangers"", ""Dining table"", ""Wine glasses"", ""Dishes and silverware"", ""Smoke alarm"", ""Dedicated workspace"", ""Shampoo"", ""Bed linens"", ""Kitchen"", ""Paid parking lot off premises"", ""Blender"", ""Freezer"", ""Clothing storage: dresser"", ""Body soap""]",$80.00,2,14,2,2,14,14,2.0,14.0,,t,25,51,77,77,2025-06-17,353,3,1,77,0,18,1440.0,2011-09-01,2025-05-23,4.53,4.62,4.38,4.75,4.74,4.82,4.6,216411,f,1,0,1,0,2.1
127,214533,https://www.airbnb.com/rooms/214533,20250617032927,2025-06-17,city scrape,1930's Hollywood Charm - 1 Bedroom & Den & Garden,"Old world 1930's Hollywood Charm - ground floor garden apartment that rests right on the west end of Hollywood, centrally located to freeways, Museums, Theaters, and Major Film & TV Studios. This lovely spacious 1 bedroom, 1 bath, plus a Den/Workspace/Media Room - feels more like a small house than an apartment. There is also a beautiful 40 foot wide garden with seating area and a separate outdoor dinning area that seats up to six people. The apartment and garden have a very peaceful vibe.","The apartment is super close to Grauman’s Chinese theater, the Hollywood Walk of Fame, Universal Studios, Paramount Studios, Warner Brothers, and even the Muppets Studio. <br /><br />Close to movie theaters and lots of restaurants you can walk to.<br /><br />Grocery stores are very close within walking distance - even Trader Joe’s.",https://a0.muscache.com/pictures/e197f869-5412-4c48-a63e-0581f79a6b87.jpg,1036375,https://www.airbnb.com/users/show/1036375,Gil,2011-08-29,"Los Angeles, CA","I'm a creator... writer, artist, designer, speaker, author, and teacher. I love to work and yet I love to do nothing. I love my dog Jimmy - I love my family and friends - and most importantly I love good food!

I've done a little bit of traveling but would like to do more. When I travel to other countries I like to stay for at least 2 or 3 months when possible so I can really get the feel of a place.

I believe that pretty much anything is possible in one way or another and I don't like to think in terms of limitation.

I'm a good host because it's important to me that people have as good an experience as possible because that's my natural work ethic - I strive for excellence not perfection. But I will totally stay out of your way - if you don't need me then I'm invisible.  And I like being invisible.

:)",within a day,100%,0%,f,https://a0.muscache.com/im/users/1036375/profile_pic/1314667392/original.jpg?aki_policy=profile_small,https://a0.muscache.com/im/users/1036375/profile_pic/1314667392/original.jpg?aki_policy=profile_x_medium,Hollywood,2.0,2.0,"['email', 'phone']",t,t,Neighborhood highlights,Hollywood,City of Los Angeles,34.09624,-118.34656,Entire rental unit,Entire home/apt,2,1.0,1 bath,1.0,1.0,"[""Stove"", ""Free street parking"", ""Refrigerator"", ""First aid kit"", ""Essentials"", ""TV"", ""Pets allowed"", ""Washer"", ""Air conditioning"", ""Fire extinguisher"", ""Oven"", ""Hot water"", ""Luggage dropoff allowed"", ""Hair dryer"", ""Coffee maker"", ""Heating"", ""Carbon monoxide alarm"", ""Iron"", ""Hangers"", ""Dishes and silverware"", ""Smoke alarm"", ""Self check-in"", ""Cooking basics"", ""Shampoo"", ""Dryer"", ""Kitchen"", ""Long term stays allowed"", ""Private entrance"", ""Wifi"", ""Lockbox""]",$295.00,33,90,33,33,90,90,33.0,90.0,,t,0,0,0,167,2025-06-17,3,0,0,0,0,0,0.0,2018-07-09,2019-05-05,5.0,5.0,4.67,5.0,5.0,5.0,4.67,,f,1,1,0,0,0.04
128,215161,https://www.airbnb.com/rooms/215161,20250617032927,2025-06-17,city scrape,MARINA BEACH BUNGALOWS,"CLASS all the way in this Gorgeous top of the line just remodeled one bed one bath bungalow one and 1/2 blocks to the beach with 10' high ceilings, king bed and everything brand new + 70”flat screen smart LCD TV.  Fully stocked kitchen with new stainless appliances washer/dryer also in unit.   Amazing 6’ whirlpool bathtub with headrest and handheld.  Beautiful serene courtyard to relax in and have coffee in the morning or wine in the evening.  So much to do!  Come enjoy the beach and Venice! :)","The neighborhood is the coolest part of the place.  You can walk a block and a half and be in the sand!    You can walk a four side blocks and be on Washington Street which is a strip of restaurants, bars, coffee shops, ice cream shops, bike rentals, Venice Pier and much more.  You can go out for the night and go to one of the local restaurants or bars and when you are finished you can just walk the few blocks back home again.  So easy and convenient.  There are little convenience stores on the strip also in case you need something in a hurry.   Walk the beach boardwalk all the way to Santa Monica if you like.    Go shopping or to eat on trendy Abbott Kinney.  Great location with an amazing vibe!  Cant be beat!!  Come and enjoy!",https://a0.muscache.com/pictures/f8578ac6-aed4-4663-9058-640973797f0a.jpg,1111042,https://www.airbnb.com/users/show/1111042,Thomasina,2011-09-05,"Redondo Beach, CA","I am a wife and mother of 3 girls and 4 Grandchildren.   We love to travel and do often!!     We currently live in Redondo Beach after moving from Chicago.  When I am not at the Beach in the Marina or Dana Point I rent out my space to someone else to enjoy.  I want everyone to have the most wonderful stay at our Vacation Rentals and enjoy the natural beauty all around.  I would like your stay to be comfortable and enjoy all the ammenities of home except without the stress.  I absolutely love the beach which is why you too will love our places!!
 I Love California and the sunshine!!!!!!   Have a fantastic day!!!",within an hour,100%,91%,t,https://a0.muscache.com/im/pictures/user/39639a21-d8b2-4e20-ae45-14634b9ad761.jpg?aki_policy=profile_small,https://a0.muscache.com/im/pictures/user/39639a21-d8b2-4e20-ae45-14634b9ad761.jpg?aki_policy=profile_x_medium,Marina Del Rey,4.0,6.0,"['email', 'phone']",t,t,Neighborhood highlights,Venice,City of Los Angeles,33.97713,-118.46279,Entire bungalow,Entire home/apt,2,1.0,1 bath,1.0,1.0,"[""Extra pillows and blankets"", ""Coffee"", ""Free street parking"", ""Refrigerator"", ""Baking sheet"", ""First aid kit"", ""Paid parking off premises"", ""Shared patio or balcony"", ""Essentials"", ""Outdoor furniture"", ""Dishwasher"", ""Exterior security cameras on property"", ""Free washer \u2013 In unit"", ""Hot water kettle"", ""Private backyard \u2013 Fully fenced"", ""70 inch HDTV with Apple TV, standard cable"", ""Ceiling fan"", ""Fire extinguisher"", ""Samsung gas stove"", ""Microwave"", ""Free dryer \u2013 In unit"", ""Pack \u2019n play/Travel crib"", ""Oven"", ""Hot water"", ""Luggage dropoff allowed"", ""Cleaning products"", ""Courtyard view"", ""Hair dryer"", ""Coffee maker"", ""Shower gel"", ""Clothing storage"", ""Heating"", ""Carbon monoxide alarm"", ""Central air conditioning"", ""Room-darkening shades"", ""Freezer"", ""Toaster"", ""Beach access \u2013 Beachfront"", ""Hangers"", ""Indoor fireplace"", ""Dining table"", ""Wine glasses"", ""Dishes and silverware"", ""Smoke alarm"", ""Self check-in"", ""Dedicated workspace"", ""Bathtub"", ""Cooking basics"", ""Shampoo"", ""Beach essentials"", ""Bed linens"", ""Kitchen"", ""Conditioner"", ""Long term stays allowed"", ""Blender"", ""Private entrance"", ""Canal view"", ""Wifi"", ""Lockbox"", ""Body soap""]",$177.00,31,330,31,31,330,330,31.0,330.0,,t,16,46,76,351,2025-06-17,232,1,0,184,2,62,10974.0,2011-11-24,2024-08-31,4.91,4.95,4.9,4.92,4.93,4.92,4.81,,f,4,4,0,0,1.4
129,217666,https://www.airbnb.com/rooms/217666,20250617032927,2025-06-17,city scrape,Hollywood-Mid-Wilshire-Beverly Apt. at CBS-TV City,"Private apt. w/own entrance, front door, street address, for long-short working/leisure stays. Short 2-bls to Melrose Ave, Beverly Bl; 3-bls to The Grove (shopping), Farmer's Market (ethnic food-showbiz cafes), CBS-TV City (HBO shows), Pan Pacific Park (fitness-recreation), Whole Foods, Trader Joe's & Erewhon mkts; 5-bls to Ralph's supermkt/phrmcy & mid-Wilshire ""Miracle Mile"" offices such as SAG-AFTRA & Cedars-Sinai Medical, plus museums such as LACMA, Peterson Automotive, LA Craft & Folk Art).","Very safe, well-lighted, well-situated neighborhood. Like L.A.'s beach cities, has a cooling offshore breeze (245 ft above sea-level). On Hollywood's southwest border, aka Mid-City West. Walking distance to Wilshire's Miracle Mile, Beverly Blvd., Melrose Ave., and Fairfax Ave. shopping districts; to major high-end shopping (the Grove) & food shopping (Farmer's Market, Whole Foods, Trader Joe's, Erewhon). Two blocks from L.A. landmarks CBS-TV City & Pan Pacific Park (please search those terms to learn more about the immediate area).",https://a0.muscache.com/pictures/miso/Hosting-217666/original/148df059-96ca-4df6-ab20-e96661be44b4.jpeg,799408,https://www.airbnb.com/users/show/799408,Lark,2011-07-10,"Los Angeles, CA","Travel journalist. Authored travel guidebooks for cities globally. Have a long history providing content for travel websites, newspapers, magazines, publishing companies. Born and raised in both Los Angeles and on the East Coast, with wonderful collegiate and graduate studies in Baltimore and Boston, respectively.
",within an hour,100%,93%,t,https://a0.muscache.com/im/users/799408/profile_pic/1315421012/original.jpg?aki_policy=profile_small,https://a0.muscache.com/im/users/799408/profile_pic/1315421012/original.jpg?aki_policy=profile_x_medium,Mid-Wilshire,2.0,3.0,"['email', 'phone']",t,t,Neighborhood highlights,Fairfax,City of Los Angeles,34.0768,-118.35301,Entire rental unit,Entire home/apt,2,1.0,1 bath,1.0,2.0,"[""Pocket wifi"", ""Extra pillows and blankets"", ""Host greets you"", ""Coffee"", ""Free street parking"", ""Refrigerator"", ""First aid kit"", ""Essentials"", ""Portable air conditioning"", ""Outdoor furniture"", ""Free parking on premises"", ""Drying rack for clothing"", ""Books and reading material"", ""Indoor fireplace: electric"", ""Free washer \u2013 In unit"", ""Ethernet connection"", ""BBQ grill"", ""Pets allowed"", ""City skyline view"", ""Hot water kettle"", ""Private backyard \u2013 Fully fenced"", ""Ceiling fan"", ""Fire extinguisher"", ""Window AC unit"", ""Portable fans"", ""Free dryer \u2013 In unit"", ""Microwave"", ""Mini fridge"", ""Oven"", ""Hot water"", ""Laundromat nearby"", ""Cleaning products"", ""Courtyard view"", ""Mountain view"", ""Theme room"", ""Hair dryer"", ""Coffee maker"", ""Shower gel"", ""Luggage dropoff allowed"", ""42 inch HDTV with HBO Max, premium cable, standard cable"", ""Heating"", ""Carbon monoxide alarm"", ""Cleaning available during stay"", ""Park view"", ""Room-darkening shades"", ""Iron"", ""Toaster"", ""Children\u2019s dinnerware"", ""Outdoor dining area"", ""Beach access \u2013 Beachfront"", ""Private patio or balcony"", ""Hangers"", ""Dining table"", ""Garden view"", ""GE stainless steel gas stove"", ""Wine glasses"", ""Dishes and silverware"", ""Smoke alarm"", ""Dedicated workspace"", ""Cooking basics"", ""Single level home"", ""Shampoo"", ""Bed linens"", ""Kitchen"", ""Conditioner"", ""Clothing storage: walk-in closet, closet, and dresser"", ""Blender"", ""Long term stays allowed"", ""EV charger"", ""Private entrance"", ""Freezer"", ""Wifi"", ""Body soap""]",$67.00,30,124,30,30,124,124,30.0,124.0,,t,0,0,1,231,2025-06-17,95,6,0,64,5,255,17085.0,2011-11-13,2025-03-30,4.8,4.78,4.7,4.83,4.78,4.92,4.82,,f,2,2,0,0,0.57
130,221502,https://www.airbnb.com/rooms/221502,20250617032927,2025-06-17,previous scrape,Wilshire Center (Vermont/Wilshire),"1930 penthouse apartment in classic Hollywood Style; large bedroom with desk, sofabed, queen-size bed, lots of closet space, private dressing room, private bath, and deck facing west.","Convenience to downtown, Hollywood, Westwood, USC.  Great, multi-ethnic ambience.",https://a0.muscache.com/pictures/2907562/dfe52e5b_original.jpg,1149254,https://www.airbnb.com/users/show/1149254,Grant,2011-09-12,"Los Angeles, CA","Widely-traveled professional (87 countries); published writer; active with CouchSurfing, Facebook as well as AirBnB.",,,,f,https://a0.muscache.com/im/users/1149254/profile_pic/1324344635/original.jpg?aki_policy=profile_small,https://a0.muscache.com/im/users/1149254/profile_pic/1324344635/original.jpg?aki_policy=profile_x_medium,Mid-Wilshire,2.0,2.0,"['email', 'phone']",t,t,Neighborhood highlights,Koreatown,City of Los Angeles,34.06581,-118.29441,Private room in rental unit,Private room,3,,1.5 baths,,,"[""Stove"", ""Host greets you"", ""Free street parking"", ""Refrigerator"", ""First aid kit"", ""Paid parking off premises"", ""Essentials"", ""Free parking on premises"", ""BBQ grill"", ""Washer"", ""Fire extinguisher"", ""Microwave"", ""Oven"", ""Patio or balcony"", ""Hot water"", ""Hair dryer"", ""Coffee maker"", ""Heating"", ""Carbon monoxide alarm"", ""Iron"", ""Hangers"", ""Fireplace guards"", ""Dishes and silverware"", ""Smoke alarm"", ""Bathtub"", ""Cooking basics"", ""Shampoo"", ""Dryer"", ""Kitchen"", ""Long term stays allowed"", ""Wifi""]",,30,760,30,30,760,760,30.0,760.0,,t,0,0,0,0,2025-06-17,30,0,0,0,0,0,,2012-02-27,2019-06-25,4.88,4.9,4.55,4.93,4.69,4.62,4.79,,f,2,0,2,0,0.19
131,222200,https://www.airbnb.com/rooms/222200,20250617032927,2025-06-17,city scrape,Walk to Venice Beach from Luxury Home,"Chill out in a sun-drenched modern hideaway where coastal light flows through open spaces, highlighting a collection of LA artists' works. Float through breezy French doors to your personal zen garden then drift up to the rooftop deck for an epic LA sunset.<br /><br />Our beach pad has 5 bedrooms including the media den with sofa (transforms to a blissful full bed), 3 spa-inspired full bathrooms. Viking-SubZero and Miele kitchen.  In the ""Walk Streets"" near Abbot Kinney Blvd. Close to Ocean (15 min walk).","Explore the scenic Venice neighborhood, dine at unique eateries and browse through independent boutiques on Abbot Kinney Blvd. This house is perfect for a QUIET family or friends who want to explore Venice and Los Angeles. Absolutely NO PARTIES OR LOUD GATHERINGS allowed as our Venice neighbors are very sensitive to noise. <br /><br />We are three short  blocks from all of the best shops and restaurants on Abbot Kinney Blvd.  Sunny Venice Beach is 8 blocks away.  We are close to famous spots like Malibu, Santa Monica and Hollywood. We are conveniently located 15 minutes from LAX and central to all that Los Angeles and West LA have to offer.",https://a0.muscache.com/pictures/hosting/Hosting-U3RheVN1cHBseUxpc3Rpbmc6MjIyMjAw/original/2ba39135-46f0-44f1-9c3f-44010da457f3.png,1124533,https://www.airbnb.com/users/show/1124533,Ramaa Devi,2011-09-07,"Los Angeles, CA","My husband, Brady and I, are dedicated to offering premium Airbnb stays with our property manager, Cam. Hope you can stay with us soon!",within an hour,100%,86%,t,https://a0.muscache.com/im/pictures/user/User/original/9838f9a6-4da9-4d52-ad17-9c0637fc2587.jpeg?aki_policy=profile_small,https://a0.muscache.com/im/pictures/user/User/original/9838f9a6-4da9-4d52-ad17-9c0637fc2587.jpeg?aki_policy=profile_x_medium,Venice,10.0,13.0,"['email', 'phone', 'work_email']",t,t,Neighborhood highlights,Venice,City of Los Angeles,33.99314,-118.46053,Entire home,Entire home/apt,10,3.0,3 baths,5.0,8.0,"[""Stove"", ""Extra pillows and blankets"", ""Free street parking"", ""Refrigerator"", ""First aid kit"", ""Essentials"", ""Outdoor furniture"", ""Free parking on premises"", ""Dishwasher"", ""TV"", ""BBQ grill"", ""Pets allowed"", ""City skyline view"", ""Washer"", ""Air conditioning"", ""Fire extinguisher"", ""Children\u2019s books and toys"", ""Microwave"", ""Pack \u2019n play/Travel crib"", ""Backyard"", ""Oven"", ""Patio or balcony"", ""Hot water"", ""Luggage dropoff allowed"", ""Mountain view"", ""Hair dryer"", ""Heating"", ""Coffee maker: espresso machine"", ""Carbon monoxide alarm"", ""Keypad"", ""Room-darkening shades"", ""Iron"", ""Beach access \u2013 Beachfront"", ""Hangers"", ""High chair"", ""Dishes and silverware"", ""Smoke alarm"", ""Self check-in"", ""Bathtub"", ""Cooking basics"", ""Shampoo"", ""Dryer"", ""Bed linens"", ""Kitchen"", ""Long term stays allowed"", ""Board games"", ""Wifi"", ""Body soap""]","$1,008.00",3,1125,3,6,1125,1125,5.2,1125.0,,t,0,0,14,289,2025-06-17,112,18,0,122,15,108,108864.0,2012-07-10,2025-01-26,4.92,4.93,4.84,4.93,4.89,4.96,4.7,HSR19-002064,f,2,2,0,0,0.71
132,226517,https://www.airbnb.com/rooms/226517,20250617032927,2025-06-17,city scrape,Private Room,"This is a 3 bedrooms house  and a Mezzanine.<br /><br /><br />the listed space is bedroom #1,queen bed, you'll share any of the two   bathrooms.<br /><br />Patches, Cooper,   Khal ,another traveler and I will be your house mates.<br />Females and couples only.<br />  <br />come discover my town ! enjoy reading a book at one of its many parks, or just let your mind rest on the hammock, in my sun , and  fruit tree bathed garden.<br />                Come the sea awaits you . A Wind Surfer's paradise.","What I love about my neighborhood ,is that the air is always clean,and unless  foggy, you have a gorgeous view of the the port and the San Jacinto Mountains.",https://a0.muscache.com/pictures/airflow/Hosting-226517/original/26c65362-4c65-457b-a010-f0137758d86b.jpg,1180987,https://www.airbnb.com/users/show/1180987,Osiris,2011-09-19,"Los Angeles, CA","Mother of two young men, I love breaking bread in good company,unplanned visits from friends,the theater ,travel, watching the world as it unfolds through the eyes of a child.
I have reared my children in the company of students from various parts of our beautiful earth.
 I am a freelance  interpreter ,and a personal cook .",within an hour,100%,92%,t,https://a0.muscache.com/im/pictures/user/c7e9bcc6-9f3b-4432-831a-c85626a25a2c.jpg?aki_policy=profile_small,https://a0.muscache.com/im/pictures/user/c7e9bcc6-9f3b-4432-831a-c85626a25a2c.jpg?aki_policy=profile_x_medium,San Pedro,3.0,5.0,"['email', 'phone']",t,t,Neighborhood highlights,San Pedro,City of Los Angeles,33.747541,-118.3031779,Private room in home,Private room,2,2.0,2 shared baths,1.0,1.0,"[""Host greets you"", ""Free street parking"", ""Refrigerator"", ""First aid kit"", ""Bertazzoni gas stove"", ""Resort access"", ""Shared patio or balcony"", ""Essentials"", ""Outdoor furniture"", ""Free parking on premises"", ""Dishwasher"", ""Free washer \u2013 In building"", ""Exterior security cameras on property"", ""BBQ grill"", ""Fire extinguisher"", ""Children\u2019s books and toys"", ""Crib"", ""Pack \u2019n play/Travel crib"", ""Microwave"", ""Oven"", ""Hot water"", ""Luggage dropoff allowed"", ""Courtyard view"", ""Hammock"", ""Hair dryer"", ""Coffee maker"", ""Heating"", ""Carbon monoxide alarm"", ""Central air conditioning"", ""Indoor fireplace: wood-burning"", ""Iron"", ""Children\u2019s dinnerware"", ""Outdoor dining area"", ""Fast wifi \u2013 102 Mbps"", ""Free dryer \u2013 In building"", ""Hangers"", ""Beach access \u2013 Beachfront"", ""High chair"", ""Garden view"", ""Shared backyard \u2013 Fully fenced"", ""Dishes and silverware"", ""Smoke alarm"", ""Dedicated workspace"", ""Bathtub"", ""Cooking basics"", ""Shampoo"", ""Babysitter recommendations"", ""Lock on bedroom door"", ""Bed linens"", ""AC - split type ductless system"", ""Kitchen"", ""Long term stays allowed"", ""42 inch HDTV"", ""Board games""]",$38.00,31,365,31,31,1125,1125,31.0,1125.0,,t,0,0,0,213,2025-06-17,124,3,0,46,4,186,7068.0,2012-02-10,2025-02-16,4.85,4.9,4.9,4.93,4.95,4.79,4.79,HSR19-003150,f,3,1,2,0,0.76
133,365635,https://www.airbnb.com/rooms/365635,20250617032927,2025-06-17,previous scrape,West Hollywood Dream Retreat,"Jainée Patrice, designer to rock stars homes invites you to spend your vacation in her comfy, quiet, cheerfully decorated, smoke free home. Search Jainée Patrice, Queen Of Shades, Interior Home Services to book. A phone conversation seals the deal. 30 day minimum stay.","The area is fabulously fun for the young and hip & convenient to all areas of the city. A two block walk to Farmer's market every Monday at Plummer Park. You love running into friendly rock stars like Usher by the Guitar Center. Nearby: Markets: Trader Joe's, Whole Foods & Rock 'n Roll Ralphs; Pinkberry Frozen Yogurt, Hollywood Bowl, Arclight & Kodak Theaters, The Grove is a 7 minute drive. Walk to Hollywood Clubs, Sunset Strip, Hollywood Blvd., Great Restaurants & Bars (Katsuya, Pizza Mozza, Cheebo, Vintage Enoteca, Street) & Hotels (Standard, W, Chateau Marmount), Farmers Markets, LACMA, and galleries etc.<br /><br />For the health conscious, just walk out the door for a fabulous hike up Runyon Canyon which boasts local celebs & Free Yoga in Park everyday!",https://a0.muscache.com/pictures/dd3de2c3-96f0-4e11-b672-6238171606cd.jpg,1846253,https://www.airbnb.com/users/show/1846253,Jainée,2012-03-02,"West Hollywood, CA","I am an artist who paints, draws and writes. I work as an Interior Designer & am known as ""Queen Of Shades"" as specialize in designing couture window treatments, bedding and upholstery to our local celebrities and rock stars. 

My favorite place in the world is Paris! I love the art, food, culture and people. I am a perfect guest and will treat your home as my own.   When traveling I like to bike ride and traipse to museums and galleries, go to plays, listen to music and retreat to a cozy, quiet place. I love to sleep late.
",,,,f,https://a0.muscache.com/im/users/1846253/profile_pic/1408313162/original.jpg?aki_policy=profile_small,https://a0.muscache.com/im/users/1846253/profile_pic/1408313162/original.jpg?aki_policy=profile_x_medium,Hollywood,1.0,1.0,"['email', 'phone']",t,t,Neighborhood highlights,Hollywood,City of Los Angeles,34.09543,-118.35066,Entire rental unit,Entire home/apt,2,,1 bath,1.0,,"[""Heating"", ""Host greets you"", ""Washer"", ""Shampoo"", ""Dryer"", ""Wifi"", ""Free street parking"", ""Air conditioning"", ""Kitchen"", ""Essentials"", ""Free parking on premises"", ""Hot water"", ""TV with standard cable"", ""Elevator"", ""Pool"", ""Smoke alarm""]",,30,90,30,30,90,90,30.0,90.0,,t,0,0,0,0,2025-06-17,4,0,0,0,0,0,,2012-07-02,2015-07-21,5.0,5.0,4.67,5.0,5.0,5.0,4.0,,f,1,1,0,0,0.03
134,371574,https://www.airbnb.com/rooms/371574,20250617032927,2025-06-17,previous scrape,Echo Park private cabin best area,"Small mid-century modern completely stand-alone 500 sf house  with black concrete floors and varnished redwood paneling on huge, secluded lot with persimmon, avocado, pomegranate, fig and olive trees in Echo Park. Very nice even in hot weather. Please check out the floorplan jpg. included in the Photos.  Amenities include ATT fiber internet, washing machine and dryer, and locked, secure UPS and FedEx parcel box.","This part of Echo Park is a magical little valley, very lush and inviting.",https://a0.muscache.com/pictures/4868144/1ff53592_original.jpg,1871251,https://www.airbnb.com/users/show/1871251,Gregory,2012-03-06,"Los Angeles, CA","I enjoy traveling to Japan, rare palm trees, rock'n'roll, architecture.  I am now learning Japanese, building a house, making a record.  ",,,,f,https://a0.muscache.com/im/users/1871251/profile_pic/1331065057/original.jpg?aki_policy=profile_small,https://a0.muscache.com/im/users/1871251/profile_pic/1331065057/original.jpg?aki_policy=profile_x_medium,Echo Park,1.0,1.0,"['email', 'phone']",t,t,Neighborhood highlights,Echo Park,City of Los Angeles,34.08899,-118.24415,Entire home,Entire home/apt,2,,1 bath,,,"[""Stove"", ""Extra pillows and blankets"", ""Free street parking"", ""Refrigerator"", ""Essentials"", ""Outdoor furniture"", ""Free washer \u2013 In unit"", ""Ethernet connection"", ""Fire extinguisher"", ""Microwave"", ""Free dryer \u2013 In unit"", ""Backyard"", ""Patio or balcony"", ""Hot water"", ""Hair dryer"", ""Coffee maker"", ""Heating"", ""Carbon monoxide alarm"", ""Iron"", ""Hangers"", ""Dishes and silverware"", ""Smoke alarm"", ""Dedicated workspace"", ""Cooking basics"", ""Shampoo"", ""Bed linens"", ""Kitchen"", ""Long term stays allowed"", ""Private entrance"", ""Wifi""]",,30,100,30,30,100,100,30.0,100.0,,t,0,0,0,0,2025-06-17,17,0,0,0,1,0,,2012-12-23,2024-06-01,4.82,4.88,4.41,4.94,4.94,4.94,4.94,,f,1,1,0,0,0.11
135,374590,https://www.airbnb.com/rooms/374590,20250617032927,2025-06-17,city scrape,Amazing Silverlake home with VIEWS,"Please note - LA now enforces 17% tax on Air BnB rentals, this addition fee that appears, can be waived on a monthly rental. Contact me to discuss further, and discounts apply!",,https://a0.muscache.com/pictures/13e23af7-5571-47c6-bb7b-feb3cc3f072f.jpg,1647272,https://www.airbnb.com/users/show/1647272,Bianca,2012-01-24,,"I'm Bianca, my husband and I have a wonderful 4 unit building in Silver lake, Los Angeles and additional properties in Ojai, CA.
I've been on Air BnB since 2012 and have had many wonderful guests stay, some of which have become life long friends!
We look forward to sharing the love of our neighborhood with you!
We're in the entertainment industry and have a wonderful creative lifestyle. Thanks for viewing our listing.
Bianca",,,100%,f,https://a0.muscache.com/im/users/1647272/profile_pic/1331235202/original.jpg?aki_policy=profile_small,https://a0.muscache.com/im/users/1647272/profile_pic/1331235202/original.jpg?aki_policy=profile_x_medium,Silver Lake,3.0,15.0,"['email', 'phone', 'work_email']",t,t,,Silver Lake,City of Los Angeles,34.09451,-118.27413,Entire rental unit,Entire home/apt,2,1.5,1.5 baths,2.0,2.0,"[""Host greets you"", ""Free street parking"", ""Refrigerator"", ""Essentials"", ""TV"", ""Pets allowed"", ""City skyline view"", ""Washer"", ""Air conditioning"", ""Fire extinguisher"", ""Crib"", ""Children\u2019s books and toys"", ""Valley view"", ""Free dryer \u2013 In unit"", ""Pack \u2019n play/Travel crib"", ""Patio or balcony"", ""Hot water"", ""Backyard"", ""Mountain view"", ""Hair dryer"", ""Coffee maker"", ""Heating"", ""Carbon monoxide alarm"", ""Iron"", ""Children\u2019s dinnerware"", ""Hangers"", ""High chair"", ""Garden view"", ""Dishes and silverware"", ""Smoke alarm"", ""Dedicated workspace"", ""Shampoo"", ""Kitchen"", ""Long term stays allowed"", ""Wifi""]",$338.00,30,1125,30,30,1125,1125,30.0,1125.0,,t,0,0,0,166,2025-06-17,26,0,0,0,0,0,0.0,2012-04-02,2020-04-13,4.92,4.83,4.91,4.87,4.96,4.96,4.65,Exempt - This listing is a transient occupancy residential structure,f,3,3,0,0,0.16
136,375882,https://www.airbnb.com/rooms/375882,20250617032927,2025-06-17,previous scrape,2BR Los Feliz Stylish Condo,We have a beautiful stylish 2BR/2BA condo here facing the mountains and the Griffith Park Observatory. We are right in the middle of Los Feliz village. You'll absolutely love it here!,,https://a0.muscache.com/pictures/6064978/bae97929_original.jpg,745432,https://www.airbnb.com/users/show/745432,Ramesh,2011-06-26,"Los Angeles, CA",Los Angeleno,,,,f,https://a0.muscache.com/im/users/745432/profile_pic/1331312576/original.jpg?aki_policy=profile_small,https://a0.muscache.com/im/users/745432/profile_pic/1331312576/original.jpg?aki_policy=profile_x_medium,Hollywood,1.0,1.0,"['email', 'phone', 'work_email']",t,t,,Los Feliz,City of Los Angeles,34.10839,-118.28976,Entire rental unit,Entire home/apt,3,,2 baths,2.0,,"[""TV"", ""Heating"", ""Pets allowed"", ""Washer"", ""Shampoo"", ""Dryer"", ""Air conditioning"", ""Indoor fireplace"", ""Wifi"", ""Elevator""]",,30,365,30,30,365,365,30.0,365.0,,t,0,0,0,0,2025-06-17,7,0,0,0,0,0,,2014-06-01,2016-03-22,4.71,4.71,4.57,5.0,5.0,5.0,5.0,,f,1,1,0,0,0.05
137,376740,https://www.airbnb.com/rooms/376740,20250617032927,2025-06-18,city scrape,Share my home with a private room and bath!,"**No added fees!**<br /><br />Come relax by the beach for your visit to Southern California! It's easy to get around on foot, bike, car, bus or rail. I have free, dedicated parking for you! So many things to do, in a laid-back hamlet near the entertainment capital of the world!<br /><br />From the CNN website: <br />THE COASTAL ENCLAVE: Hermosa Beach<br />On screen: After introducing Mia to real music at an old-school jazz club, Sebastian strolls along an ocean pier and croons ""City of Stars.""","Hermosa Beach is one of the most walkable neighborhoods in California. Restaurants, nightclubs, the beach, playgrounds, volleyball nets. It's all there!",https://a0.muscache.com/pictures/11837278/a4d462f0_original.jpg,1803588,https://www.airbnb.com/users/show/1803588,Todd,2012-02-24,"Hermosa Beach, CA","**FULLY VACCINATED**

Hello everyone and thank you for checking out my listing! If you have any questions, please feel free to contact me via Airbnb.

I am a former Hollywood talent agent now working on my own. I used to work for Club Med, so I am very familiar with hospitality, and have discovered a certain knack for it. More importantly, I really like it! When you arrive, I will leave you alone unless you want to hear some stories from my past, which include a sailing trip across the Atlantic Ocean, working in Bermuda, Mexico and the Caribbean, a brother formerly in the Secret Service, another brother who is a dancing lawyer, and the list goes on... You can't beat this location, either!

Hermosa Beach is a great walking town, with Jay Leno's Comedy & Magic Club just down the street, as well as numerous restaurants and cafes. Of course, having the beach a block away is the best of all! But if you do have a car, I have a place to park, which is very important here, especially in the summer. Whatever your situation, I'm always happy to give you the inside scoop on where to go and what to see.

Come on out and see the west coast!",within an hour,100%,100%,t,https://a0.muscache.com/im/pictures/user/c541509c-ef29-4689-840c-f5c4c3a1f71e.jpg?aki_policy=profile_small,https://a0.muscache.com/im/pictures/user/c541509c-ef29-4689-840c-f5c4c3a1f71e.jpg?aki_policy=profile_x_medium,Hermosa Beach,1.0,1.0,"['email', 'phone']",t,f,Neighborhood highlights,Hermosa Beach,Other Cities,33.85446,-118.39645,Private room in home,Private room,2,1.0,1 private bath,1.0,1.0,"[""Stove"", ""Extra pillows and blankets"", ""Indoor fireplace: gas"", ""Refrigerator"", ""Free street parking"", ""Beach view"", ""Essentials"", ""Outdoor furniture"", ""Free parking on premises"", ""Dishwasher"", ""Free washer \u2013 In building"", ""BBQ grill"", ""Pets allowed"", ""49 inch HDTV with Roku"", ""Private backyard \u2013 Fully fenced"", ""Fire extinguisher"", ""Microwave"", ""Oven"", ""Hot water"", ""Luggage dropoff allowed"", ""Cleaning products"", ""Hammock"", ""Hair dryer"", ""Coffee maker"", ""Shower gel"", ""Heating"", ""Carbon monoxide alarm"", ""Keypad"", ""Iron"", ""Beach access \u2013 Beachfront"", ""Private patio or balcony"", ""Hangers"", ""Fire pit"", ""Dishes and silverware"", ""Smoke alarm"", ""Self check-in"", ""Dedicated workspace"", ""Cooking basics"", ""Shampoo"", ""Dryer"", ""Lock on bedroom door"", ""Beach essentials"", ""Bed linens"", ""Kitchen"", ""Conditioner"", ""Long term stays allowed"", ""Fast wifi \u2013 60 Mbps"", ""Body soap""]",$151.00,3,29,2,3,1125,1125,2.4,1125.0,,t,24,40,68,247,2025-06-18,375,32,1,175,31,192,28992.0,2012-03-27,2025-05-30,4.94,4.96,4.77,4.98,4.98,4.99,4.95,,t,1,0,1,0,2.33
138,377271,https://www.airbnb.com/rooms/377271,20250617032927,2025-06-17,city scrape,2br/2bath - 1200ft² - Mid-Wilshire,"Spacious sunny 2 bedroom, 2 bathroom, furnished apartment for sublet ...<br />Walking distance to the Grove / Farmers Market, and supermarkets, stores, banks, restaurants, coffee shops, movie theater, bookstore,  museums, galleries, bus stops, more!....","So much within walking distance -- LACMA, the Grove, Farmer's Market, supermarkets, restaurants, public parks, library, theater, bookstore, etc. … And a short drive (or bus) to Beverly Hills, Hollywood, West Hollywood, Larchmont, etc…  A vacationer's dream spot!",https://a0.muscache.com/pictures/26203379/7025e333_original.jpg,1896248,https://www.airbnb.com/users/show/1896248,Jerry,2012-03-10,"Los Angeles, CA","Friendly, kind, considerate, resourceful, responsible...  Avid reader, enjoy music, art & theater…   Professionally wear many eclectic hats: writer, mediator, magician... Thrive on discovering and exploring new places and hearing about other people's passions… Rule #1: Gotta have fun!… ",,,,f,https://a0.muscache.com/im/pictures/user/a7b79d94-1d1d-47bc-a605-79df213880a1.jpg?aki_policy=profile_small,https://a0.muscache.com/im/pictures/user/a7b79d94-1d1d-47bc-a605-79df213880a1.jpg?aki_policy=profile_x_medium,Mid-Wilshire,2.0,2.0,"['email', 'phone']",t,t,Neighborhood highlights,Mid-Wilshire,City of Los Angeles,34.0667,-118.35127,Entire rental unit,Entire home/apt,3,2.0,2 baths,2.0,3.0,"[""TV"", ""Dedicated workspace"", ""Washer"", ""Shampoo"", ""Dryer"", ""Carbon monoxide alarm"", ""Kitchen"", ""Essentials"", ""Free parking on premises"", ""Wifi"", ""Smoke alarm""]",$224.00,30,120,30,30,120,120,30.0,120.0,,t,24,54,84,359,2025-06-17,2,0,0,192,0,0,0.0,2013-11-05,2015-05-18,4.5,5.0,4.5,5.0,5.0,5.0,4.5,,f,2,1,1,0,0.01
139,381068,https://www.airbnb.com/rooms/381068,20250617032927,2025-06-17,city scrape,Topanga Secret Cottage,"The cottage is a large one-bedroom guesthouse, barely visible from our main house. Very private with gorgeous canyon views and absolutely no traffic noise!","Topanga is a rustic canyon just outside of the city of LA, between Santa Monica and Malibu. We are in a side canyon within Topanga Canyon, and our neighbors are small ranches and properties with at least 10 acres. The last 1.4 miles of road to the cottage is narrow, but paved and completely passable.",https://a0.muscache.com/pictures/miso/Hosting-381068/original/d1dbd87a-c21a-4836-b117-b425a6994555.jpeg,1911460,https://www.airbnb.com/users/show/1911460,Lynn,2012-03-12,"Topanga, CA","Lynn was a documentary filmmaker, but now moving into the art world. Two amazing kids: Jackson is a printmaker in school at CCA and Nora is a writer studying at Pratt in Brooklyn. We have 2 dogs, Hendricks & Yoko, plus chickens and quails.  We truly enjoy having airbnb guests in Topanga and Abiquiu. We love to travel ourselves, so it's great fun to meet others who share our passion. But don't worry... we mostly leave you alone to enjoy the place!",within an hour,100%,100%,t,https://a0.muscache.com/im/users/1911460/profile_pic/1331692778/original.jpg?aki_policy=profile_small,https://a0.muscache.com/im/users/1911460/profile_pic/1331692778/original.jpg?aki_policy=profile_x_medium,Topanga,5.0,5.0,"['email', 'phone']",t,t,Neighborhood highlights,Topanga,Unincorporated Areas,34.11307089613558,-118.60924942642606,Entire guesthouse,Entire home/apt,4,1.0,1 bath,1.0,2.0,"[""Extra pillows and blankets"", ""Coffee"", ""Free street parking"", ""Refrigerator"", ""Baking sheet"", ""First aid kit"", ""Essentials"", ""Outdoor furniture"", ""Children\u2019s bikes"", ""Clothing storage: walk-in closet and dresser"", ""Dishwasher"", ""Drying rack for clothing"", ""Private backyard \u2013 Not fully fenced"", ""Books and reading material"", ""Heating - split type ductless system"", ""Free washer \u2013 In unit"", ""Ethernet connection"", ""Pool view"", ""Pets allowed"", ""Zero & others body soap"", ""Hot water kettle"", ""Coffee maker: french press, Nespresso, pour-over coffee"", ""Ceiling fan"", ""Nexxus and others shampoo"", ""Fire extinguisher"", ""Crib"", ""Microwave"", ""Free dryer \u2013 In unit"", ""Nexxus conditioner"", ""Oven"", ""Hot water"", ""Free driveway parking on premises \u2013 4 spaces"", ""Cleaning products"", ""Luggage dropoff allowed"", ""Mountain view"", ""EV charger - level 2"", ""Hair dryer"", ""Portable heater"", ""Carbon monoxide alarm"", ""Iron"", ""Toaster"", ""Private entrance"", ""Desert view"", ""Children\u2019s dinnerware"", ""Outdoor dining area"", ""Private patio or balcony"", ""Hangers"", ""Shared hot tub - available all year"", ""Dining table"", ""Wine glasses"", ""Dishes and silverware"", ""Smoke alarm"", ""Self check-in"", ""Wedgewood (Restored 1950's model) gas stove"", ""Dedicated workspace"", ""Bathtub"", ""Cooking basics"", ""Single level home"", ""Shared outdoor pool - available all year, open 24 hours"", ""Beach essentials"", ""Bed linens"", ""AC - split type ductless system"", ""Kitchen"", ""Children\u2019s books and toys for ages 0-2 years old, 2-5 years old, and 5-10 years old"", ""Long term stays allowed"", ""Blender"", ""Sun loungers"", ""Smart lock"", ""Board games"", ""Freezer"", ""Wifi"", ""24 inch HDTV with Amazon Prime Video, HBO Max, Hulu, Netflix""]",$206.00,2,90,2,2,1125,1125,2.0,1125.0,,t,7,22,23,254,2025-06-17,342,24,1,87,38,144,29664.0,2012-05-04,2025-06-03,4.93,4.93,4.85,4.94,4.96,4.88,4.87,,t,1,1,0,0,2.14
140,387562,https://www.airbnb.com/rooms/387562,20250617032927,2025-06-17,city scrape,Beautiful Serene Guestsuite,Topanga is an amazing place to be and we would love to welcome you. This  is  a beautiful serene setting in walking distance to Topanga State Park. We are nestled in the Santa Monica Mountains and are just a short drive to the beach.,"Topanga is a genuine community that truly embodies the concept of ""it takes a village."" It exudes a magical spirit and warmly welcomes everyone, whether they are residents or just passing through as visitors.",https://a0.muscache.com/pictures/miso/Hosting-387562/original/cf316de4-6168-46f0-b1e9-314e23e21807.jpeg,1939249,https://www.airbnb.com/users/show/1939249,Tanya,2012-03-17,"Topanga, CA","I am an expat living in the US since 15 years. We live in this amazing area and we love to have guests and share the place.
Happiness is a choice is kind of a motto :).",within an hour,100%,94%,t,https://a0.muscache.com/im/users/1939249/profile_pic/1332031730/original.jpg?aki_policy=profile_small,https://a0.muscache.com/im/users/1939249/profile_pic/1332031730/original.jpg?aki_policy=profile_x_medium,Topanga,1.0,1.0,"['email', 'phone', 'work_email']",t,t,Neighborhood highlights,Topanga,Unincorporated Areas,34.08655,-118.59557,Entire home,Entire home/apt,2,1.0,1 bath,1.0,1.0,"[""Stove"", ""Free street parking"", ""Refrigerator"", ""Essentials"", ""Free parking on premises"", ""TV"", ""Pets allowed"", ""Air conditioning"", ""Microwave"", ""Backyard"", ""Patio or balcony"", ""Hot water"", ""Hair dryer"", ""Coffee maker"", ""Heating"", ""Carbon monoxide alarm"", ""Keypad"", ""Iron"", ""Hangers"", ""High chair"", ""Dishes and silverware"", ""Smoke alarm"", ""Self check-in"", ""Cooking basics"", ""Shampoo"", ""Kitchen"", ""Private entrance"", ""Wifi""]",$221.00,2,28,1,3,28,28,2.1,28.0,,t,19,47,77,167,2025-06-17,325,31,2,167,31,186,41106.0,2012-04-25,2025-05-29,4.95,4.96,4.97,4.98,4.95,4.96,4.81,,f,1,1,0,0,2.03
141,393966,https://www.airbnb.com/rooms/393966,20250617032927,2025-06-17,city scrape,Historical Arts District,Come stay in the India room in the heart of the famous Arts district,Amazing Murals and cafe's all around.,https://a0.muscache.com/pictures/4422057/58132761_original.jpg,1969645,https://www.airbnb.com/users/show/1969645,Tiger,2012-03-19,"Los Angeles, CA","I'm an actress, poet and compassion seeker. I love my neighborhood and my loft. 

",,,40%,f,https://a0.muscache.com/im/users/1969645/profile_pic/1332198307/original.jpg?aki_policy=profile_small,https://a0.muscache.com/im/users/1969645/profile_pic/1332198307/original.jpg?aki_policy=profile_x_medium,Arts District,1.0,1.0,['phone'],t,t,Neighborhood highlights,Downtown,City of Los Angeles,34.04805,-118.23797,Private room in loft,Private room,1,1.0,1 shared bath,1.0,1.0,"[""TV"", ""Heating"", ""Dedicated workspace"", ""Host greets you"", ""Carbon monoxide alarm"", ""Coffee maker"", ""Free street parking"", ""Refrigerator"", ""Air conditioning"", ""Fire extinguisher"", ""Kitchen"", ""Essentials"", ""Microwave"", ""Hot water"", ""Wifi"", ""Elevator"", ""Dishes and silverware"", ""Smoke alarm""]",$42.00,30,30,30,30,1125,1125,30.0,1125.0,,t,0,14,44,319,2025-06-17,272,0,0,152,0,0,0.0,2012-04-21,2022-05-31,4.86,4.85,4.8,4.86,4.9,4.86,4.87,,t,1,0,1,0,1.7
142,25670,https://www.airbnb.com/rooms/25670,20250617032927,2025-06-17,city scrape,Charming accommodations in Westwood/West LA,"Central, convenient, cozy 3room accommodations in Westwood/West LA area, queen size comfortable bed, fully loaded kitchen, dining area, bathroom and living room. <br /> Excellent connection to LAX, close to Brentwood, Beverly Hills, Century City & Santa Monica. Restaurants, coffee shops, grocery store walking distance","quiet, residential, safe, easy frwy access( (phone number hidden) min from Santa Monica beach, 10 min bus to UCLA University",https://a0.muscache.com/pictures/17748938/d583dfae_original.jpg,107370,https://www.airbnb.com/users/show/107370,Sandra,2010-04-12,"Los Angeles, CA"," Is easy going , a bit of a clean freak, very organized. Travels a lot internationally. 
Grew up in the old country.  Loves culture, architecture and history, also enjoys farming, horseback riding, wine country and meeting new and interesting people who are equally friendly, cultured, clean and respectful. ",,,,f,https://a0.muscache.com/im/pictures/user/eb5ab65a-cf22-46d2-8195-9de39b952677.jpg?aki_policy=profile_small,https://a0.muscache.com/im/pictures/user/eb5ab65a-cf22-46d2-8195-9de39b952677.jpg?aki_policy=profile_x_medium,Westside,1.0,4.0,['phone'],t,t,Neighborhood highlights,West Los Angeles,City of Los Angeles,34.04579,-118.44166,Entire rental unit,Entire home/apt,1,1.0,1 bath,1.0,1.0,"[""Stove"", ""Washer \u2013\u00a0In building"", ""Free street parking"", ""Refrigerator"", ""Baking sheet"", ""First aid kit"", ""Essentials"", ""Air conditioning"", ""Ceiling fan"", ""Fire extinguisher"", ""Portable fans"", ""Oven"", ""Hot water"", ""Hair dryer"", ""Heating"", ""Carbon monoxide alarm"", ""Iron"", ""Hangers"", ""TV with standard cable"", ""Dishes and silverware"", ""Smoke alarm"", ""Dedicated workspace"", ""Bathtub"", ""Cooking basics"", ""Shampoo"", ""Dryer \u2013 In building"", ""Coffee maker: pour-over coffee"", ""Bed linens"", ""Kitchen"", ""Long term stays allowed"", ""Private entrance"", ""Freezer"", ""Wifi""]",$101.00,30,60,30,30,60,60,30.0,60.0,,t,30,60,90,365,2025-06-17,19,0,0,198,0,0,0.0,2011-06-14,2021-04-21,4.37,4.42,4.47,4.89,4.95,4.84,4.37,Exempt - This listing is a bed and breakfast,f,1,1,0,0,0.11
143,26082,https://www.airbnb.com/rooms/26082,20250617032927,2025-06-17,city scrape,Asian Pacific Suite,"Relaxing queen guest room with healing moss green walls, upscale and fresh linens in a quiet setting to finish that great book you started and bring home the Chinese take out!","This area is a mix of sophisticated trendy and family oriented.  We have all the world class shopping at local malls.  You can usually spot celebrities at local cafes, there are great restaurants but people really live here for the schools which are the top in Los Angeles.  Even the people from Beverly Hills and Malibu move here for the West Valley schools!  My area is a nice, upper middle class area (integrated with different cultures and intelligensia) and very safe with a rambling nursury and a popular biker's bar in walking distance. We have great international restaurants featuring Indian, Persian, Thai and Chinese foods.  There is upscale dining at Ruth Chris, Roy's, Mangianni's, King's Seafood, etc. within 5 minutes.  There is an Irish Pub, English Pub, a Mexican Biker's Bar... and a Corner Bakery.  There is also a fun Farmer's market down the street every Saturday!",https://a0.muscache.com/pictures/77667562/baea7051_original.jpg,11619,https://www.airbnb.com/users/show/11619,Sarah,2009-03-28,"California, United States","My name is Sarah working in property design and development.  I  enjoy a quiet, coastal lifestyle and am interested in architecture, fine art, real estate and construction.  Living in California,  I am fortunate to have great opportunities to enjoy nature and life a healthy life.  I gravitate towards calm, relaxed, upbeat guests.  If you have a concern or interest during your stay, please contact me and I am happy to help you.",within a few hours,100%,80%,f,https://a0.muscache.com/im/pictures/user/d612b34a-f2e8-4f8e-b47e-9e978c584037.jpg?aki_policy=profile_small,https://a0.muscache.com/im/pictures/user/d612b34a-f2e8-4f8e-b47e-9e978c584037.jpg?aki_policy=profile_x_medium,Woodland Hills/Warner Center,9.0,18.0,"['email', 'phone']",t,t,Neighborhood highlights,Woodland Hills,City of Los Angeles,34.1674,-118.64293,Private room in home,Private room,2,1.0,1 shared bath,1.0,1.0,"[""Gym"", ""Free street parking"", ""First aid kit"", ""Essentials"", ""Free parking on premises"", ""Pets allowed"", ""Washer"", ""Air conditioning"", ""Fire extinguisher"", ""Hot water"", ""Hair dryer"", ""Heating"", ""Carbon monoxide alarm"", ""Keypad"", ""Iron"", ""Hangers"", ""Indoor fireplace"", ""TV with standard cable"", ""Smoke alarm"", ""Self check-in"", ""Dedicated workspace"", ""Shampoo"", ""Shared pool"", ""Dryer"", ""Kitchen"", ""Wifi""]",$57.00,30,120,30,30,120,120,30.0,120.0,,t,9,39,69,159,2025-06-17,26,0,0,159,0,0,0.0,2011-04-10,2020-03-12,4.71,4.84,4.6,4.88,4.68,4.84,4.88,,f,6,3,3,0,0.15
144,229209,https://www.airbnb.com/rooms/229209,20250617032927,2025-06-17,previous scrape,Gorgeous House in Century City - Private room,"A lovely space in a quiet family neighborhood within walking distance to Century City, or a short drive to Beverly Hills, UCLA, Cedars Sinai, and beach communities.",,https://a0.muscache.com/pictures/2098127/f6da32a1_original.jpg,798894,https://www.airbnb.com/users/show/798894,Jodea,2011-07-09,"Los Angeles, CA","I am 48, Female, professional, employed but mostly work from home.
I am a non smoker but not opposed to smokers so long as it can be outside please 
I am Australian, and pretty laid back.
I speak a little French, if you have no English we will get by OK but not be having in depth conversations as my grammar is poor sadly.",,,,f,https://a0.muscache.com/im/users/798894/profile_pic/1316735695/original.jpg?aki_policy=profile_small,https://a0.muscache.com/im/users/798894/profile_pic/1316735695/original.jpg?aki_policy=profile_x_medium,Westside,1.0,8.0,"['email', 'phone']",t,t,,Century City,City of Los Angeles,34.05115,-118.42038,Private room in home,Private room,2,,1 private bath,,,"[""Extra pillows and blankets"", ""Coffee"", ""Refrigerator"", ""First aid kit"", ""Essentials"", ""Free parking on premises"", ""Ethernet connection"", ""Pets allowed"", ""Hot water kettle"", ""Ceiling fan"", ""Portable fans"", ""Microwave"", ""Mini fridge"", ""Hot water"", ""Luggage dropoff allowed"", ""Cleaning products"", ""Hair dryer"", ""Coffee maker"", ""Shower gel"", ""Heating"", ""Carbon monoxide alarm"", ""Bose Bluetooth sound system"", ""Hangers"", ""Wine glasses"", ""Smoke alarm"", ""Self check-in"", ""42 inch TV"", ""Dedicated workspace"", ""Shampoo"", ""Lock on bedroom door"", ""Bed linens"", ""AC - split type ductless system"", ""Long term stays allowed"", ""Private entrance"", ""Freezer"", ""Wifi"", ""Lockbox""]",,30,60,30,30,60,60,30.0,60.0,,t,0,0,0,0,2025-06-17,125,0,0,0,0,0,,2011-10-22,2023-04-11,4.72,4.67,4.78,4.88,4.87,4.92,4.72,HSR22-003839,f,1,0,1,0,0.75
145,229799,https://www.airbnb.com/rooms/229799,20250617032927,2025-06-17,city scrape,322 1 Bedroom Loft Nr UCLA &Buses On Westwood Bl,"Luxury 1 Bedroom loft totally private, full kitchen, next to restaurants, UCLA transportation, grocery food market, induction stove fridge toaster coffee maker microwave utensils pots pans cups, elevator building next to UCLA bus stop (5 min bus ride, 15 min walk) near major bus routes Century City entertainment keyless check in gated building free assigned covered parking high speed WIFI cable utilities 2nd bed is an futon, sheets will be provided upon request only for a fee","A very safe neighborhood.<br /><br />Close to all, Restaurants, Café’s, entertainment, shopping, sandy beaches, major and local transportation routs, UCLA, Century City, West Hollywood, Beverly Hills and more.<br /><br />Centrally located in the best and safest area of Westside Los Angeles, near shopping, restaurants, beaches, UCLA, Century City and Hollywood)<br /><br />There are more than a dozen American and ethnic restaurants, in the immediate neighborhood. Each unique in the quality and type food they serve.    You will not run out of choices for what you want to eat.<br /><br />Well supplied local grocery store within 50 feet of our front gate.<br /><br />Entertainment, movie theaters, shopping and food, Century City Westfield Shopping Mall, and Westside Pavilion, less than a mile away.",https://a0.muscache.com/pictures/miso/Hosting-229799/original/daa7dcaa-bb0a-44e7-a567-20d8ee2c3968.jpeg,3392276,https://www.airbnb.com/users/show/3392276,Amir,2012-08-27,,"I am a people person, love to help anyone, in any way I can.
I am very excited to be able to market my unit all over the world, and get to know different cultures as they visit my beautiful home.",within an hour,96%,75%,f,https://a0.muscache.com/im/pictures/user/223dc705-ddb6-4d16-9169-6b37d4828fe4.jpg?aki_policy=profile_small,https://a0.muscache.com/im/pictures/user/223dc705-ddb6-4d16-9169-6b37d4828fe4.jpg?aki_policy=profile_x_medium,Westside,48.0,51.0,"['email', 'phone']",t,t,Neighborhood highlights,West Los Angeles,City of Los Angeles,34.04682,-118.43568,Entire rental unit,Entire home/apt,4,1.0,1 bath,1.0,1.0,"[""Stove"", ""Free street parking"", ""Refrigerator"", ""Paid parking off premises"", ""Essentials"", ""Free parking on premises"", ""Air conditioning"", ""Fire extinguisher"", ""Microwave"", ""Oven"", ""Patio or balcony"", ""Hot water"", ""Paid dryer \u2013 In building"", ""Hair dryer"", ""Coffee maker"", ""Clothing storage"", ""Heating"", ""Carbon monoxide alarm"", ""Keypad"", ""Cleaning available during stay"", ""Room-darkening shades"", ""Iron"", ""Toaster"", ""Paid washer \u2013 In building"", ""Hangers"", ""Dining table"", ""TV with standard cable"", ""Elevator"", ""Dishes and silverware"", ""Smoke alarm"", ""Self check-in"", ""Bathtub"", ""Cooking basics"", ""Shampoo"", ""Bed linens"", ""Kitchen"", ""Long term stays allowed"", ""Private entrance"", ""Wifi"", ""Body soap""]",$109.00,30,360,30,30,360,360,30.0,360.0,,t,17,47,77,256,2025-06-17,41,1,0,185,5,60,6540.0,2012-07-23,2024-12-15,4.51,4.63,4.53,4.93,4.88,4.88,4.43,,f,48,48,0,0,0.26
146,237985,https://www.airbnb.com/rooms/237985,20250617032927,2025-06-17,city scrape,"Venice Walk Street Casita ""Girl""","This one bedroom casita is in the heart of Venice, walking distance to Abbot Kinney, the beach, and Lincoln Blvd.  Located on a very quiet walk street, you will fall in love with this oasis of calm and the beautiful aesthetics of its modern decor.",,https://a0.muscache.com/pictures/104841338/b2c6fca1_original.jpg,1247886,https://www.airbnb.com/users/show/1247886,Megan,2011-10-04,"Los Angeles, CA","I'm a writer and lay-stylist who lives between my yurt in Wyoming and the best little oasis in Venice. I started hosting folks in my Boulder, Colorado home years ago am now enjoy extending the hospitality vibe in Venice!.
www.littlemovingspaces.com and www.megangriswold.com

Favorite writers: Bill Clegg, Alexandra Fuller and Barry Lopez
Favorite movie: Albert Brook's 'Lost in America'
Favorite food: Street tacos in Mexico and a non-fishy caesar salad
Favorite music: Ben Howard
Current  favorite play: The Ferryman or Heisenberg, The Uncertainty Principle
Favorite destination: A new one!

my hosting philosophy...mi casa es su casa. for real-sies",,,,f,https://a0.muscache.com/im/users/1247886/profile_pic/1317763971/original.jpg?aki_policy=profile_small,https://a0.muscache.com/im/users/1247886/profile_pic/1317763971/original.jpg?aki_policy=profile_x_medium,Venice,4.0,8.0,"['email', 'phone']",t,t,,Venice,City of Los Angeles,33.99492,-118.45825,Entire bungalow,Entire home/apt,2,1.0,1 bath,1.0,1.0,"[""Stove"", ""Refrigerator"", ""First aid kit"", ""Essentials"", ""Dishwasher"", ""Exterior security cameras on property"", ""Washer"", ""Air conditioning"", ""Fire extinguisher"", ""Microwave"", ""Backyard"", ""Oven"", ""Patio or balcony"", ""Hot water"", ""Hair dryer"", ""Coffee maker"", ""Heating"", ""Carbon monoxide alarm"", ""Cleaning available during stay"", ""Iron"", ""Hangers"", ""TV with standard cable"", ""Dishes and silverware"", ""Smoke alarm"", ""Bathtub"", ""Cooking basics"", ""Shampoo"", ""Single level home"", ""Dryer"", ""Kitchen"", ""Wifi""]",$699.00,31,90,31,31,90,90,31.0,90.0,,t,29,59,89,179,2025-06-17,168,0,0,179,0,0,0.0,2015-08-13,2019-11-20,4.9,4.92,4.87,4.93,4.9,4.92,4.75,,f,4,4,0,0,1.4
147,237988,https://www.airbnb.com/rooms/237988,20250617032927,2025-06-17,city scrape,Venice Walk Street Modern 2BR House,The contemporary cottage is an open floor plan on the first floor with two bedrooms upstairs - a master with a King size bed and a second bedroom with TWO double bunks.  Everything you need for your vacation or extended work stay is here - EVERYTHING.,"The house is walking distance to Abbot Kinney, Lincoln and Venice boulevards, and the Venice beaches. It's a short drive to Santa Monica and Marina del Rey. The house is just a 20-minute cab ride from LAX.",https://a0.muscache.com/pictures/104835580/c80a4111_original.jpg,1247886,https://www.airbnb.com/users/show/1247886,Megan,2011-10-04,"Los Angeles, CA","I'm a writer and lay-stylist who lives between my yurt in Wyoming and the best little oasis in Venice. I started hosting folks in my Boulder, Colorado home years ago am now enjoy extending the hospitality vibe in Venice!.
www.littlemovingspaces.com and www.megangriswold.com

Favorite writers: Bill Clegg, Alexandra Fuller and Barry Lopez
Favorite movie: Albert Brook's 'Lost in America'
Favorite food: Street tacos in Mexico and a non-fishy caesar salad
Favorite music: Ben Howard
Current  favorite play: The Ferryman or Heisenberg, The Uncertainty Principle
Favorite destination: A new one!

my hosting philosophy...mi casa es su casa. for real-sies",,,,f,https://a0.muscache.com/im/users/1247886/profile_pic/1317763971/original.jpg?aki_policy=profile_small,https://a0.muscache.com/im/users/1247886/profile_pic/1317763971/original.jpg?aki_policy=profile_x_medium,Venice,4.0,8.0,"['email', 'phone']",t,t,Neighborhood highlights,Venice,City of Los Angeles,33.9943,-118.45642,Entire home,Entire home/apt,5,2.5,2.5 baths,2.0,4.0,"[""Stove"", ""Extra pillows and blankets"", ""Free street parking"", ""Refrigerator"", ""First aid kit"", ""Essentials"", ""Outdoor furniture"", ""Dishwasher"", ""Exterior security cameras on property"", ""BBQ grill"", ""Washer"", ""Air conditioning"", ""Fire extinguisher"", ""Microwave"", ""Backyard"", ""Oven"", ""Patio or balcony"", ""Hot water"", ""Luggage dropoff allowed"", ""Building staff"", ""Hair dryer"", ""Coffee maker"", ""Heating"", ""Carbon monoxide alarm"", ""Iron"", ""Hangers"", ""Indoor fireplace"", ""Fire pit"", ""TV with standard cable"", ""Dishes and silverware"", ""Smoke alarm"", ""Self check-in"", ""Bathtub"", ""Cooking basics"", ""Shampoo"", ""Dryer"", ""Bed linens"", ""Kitchen"", ""Wifi"", ""Body soap""]","$1,499.00",30,1125,30,30,1125,1125,30.0,1125.0,,t,29,59,89,269,2025-06-17,102,0,0,197,0,0,0.0,2015-07-24,2020-10-05,4.94,4.88,4.92,4.96,4.89,4.83,4.73,,f,4,4,0,0,0.85
148,239032,https://www.airbnb.com/rooms/239032,20250617032927,2025-06-17,city scrape,Topanga Mtn Guest House Detached,"Relax in total comfort in our free standing, non attached Topanga Guest House. Kick back and enjoy the abundant nature that surrounds us.  Located between the Pacific Ocean and the Valley you are also minutes away from every modern convience LA has to offer.","Topanga is a fantastic place.  I grew up in New Mexico on a ranch with no electricity, no running water, and no telephone.   It was an environment where you truly grew to appreciate nature.  I live and work in Los Angeles, Topanga keeps me in contact with nature and my roots.",https://a0.muscache.com/pictures/15415295/b7e2aad2_original.jpg,1027744,https://www.airbnb.com/users/show/1027744,Thaddeus,2011-08-27,"Los Angeles, CA","I am a Lover of Art, Photography, Adventure, and Discovery.  I am a Director of Photography in the film and television industry who's credits include the Oscar Nominated ""Invisible War"", ""Who Killed The Electric Car"" and many others.

The only thing more important to me then these pursuits are my Family who allow me to rediscover all that is dear to me on a daily basis.   I am married to a wonderful woman, and have 2 beautiful and smart children.  I love to travel and experience.  Learning should always be a passion.  ",,,88%,t,https://a0.muscache.com/im/pictures/user/User-1027744/original/51353809-8f03-4517-90bd-5e85a5fbdd5d.jpeg?aki_policy=profile_small,https://a0.muscache.com/im/pictures/user/User-1027744/original/51353809-8f03-4517-90bd-5e85a5fbdd5d.jpeg?aki_policy=profile_x_medium,Topanga,2.0,4.0,"['email', 'phone']",t,f,Neighborhood highlights,Topanga,Unincorporated Areas,34.09928,-118.59125,Entire guesthouse,Entire home/apt,4,1.0,1 bath,1.0,3.0,"[""Stove"", ""Extra pillows and blankets"", ""Free street parking"", ""Refrigerator"", ""First aid kit"", ""Essentials"", ""Free parking on premises"", ""BBQ grill"", ""HDTV with Netflix"", ""Pets allowed"", ""Washer"", ""Air conditioning"", ""Fire extinguisher"", ""Crib"", ""Portable fans"", ""Pack \u2019n play/Travel crib"", ""Microwave"", ""Oven"", ""Hot water"", ""Luggage dropoff allowed"", ""Mountain view"", ""Hair dryer"", ""Coffee maker"", ""Heating"", ""Carbon monoxide alarm"", ""Iron"", ""Private entrance"", ""Private patio or balcony"", ""Hangers"", ""Dishes and silverware"", ""Smoke alarm"", ""Self check-in"", ""Dedicated workspace"", ""Cooking basics"", ""Shampoo"", ""Dryer"", ""Bed linens"", ""Kitchen"", ""Long term stays allowed"", ""Babysitter recommendations"", ""Wifi"", ""Lockbox""]",$225.00,3,90,3,3,90,90,3.0,90.0,,t,9,9,9,81,2025-06-17,275,0,0,9,1,0,0.0,2013-05-08,2024-01-13,4.79,4.88,4.64,4.94,4.96,4.9,4.81,,f,2,2,0,0,1.86
149,241906,https://www.airbnb.com/rooms/241906,20250617032927,2025-06-17,previous scrape,"One Private Room in Studio City, CA",,,https://a0.muscache.com/pictures/2274779/a269089e_original.jpg,1242157,https://www.airbnb.com/users/show/1242157,Catherine,2011-10-03,"Los Angeles, CA","I'm an actor by trade.  I'm originally from Boston with east coast sensibilities.  I do not drink and I enjoy quiet environments.  I won't be in the apartment too much during the day only at night.  I'll be busy auditioning, taking meetings and hitting all the museums. I'm friendly but not a chit-chatter (small talk is a form of torture for me), I'm very considerate of people and their spaces.  I love to drink coffee and coconut water.  I love other people's pets and would totally walk your dog or pet your cat.  I'm an actor but atypical of actor behaviors - I'm chill, mellow and sane with a good sense of humor.  I'm happily married and detest any sort of drama.  Love to watch movies and see live theater.  Im just a girl in her 30's who likes to laugh, loves to eat all kinds of food, and relish in quiet and alone time.  But if you want to hang, I'm down.  If not, I'll do my own thing and it's totally cool.  Just need a place to stay during my play run.",,,,f,https://a0.muscache.com/im/users/1242157/profile_pic/1317670201/original.jpg?aki_policy=profile_small,https://a0.muscache.com/im/users/1242157/profile_pic/1317670201/original.jpg?aki_policy=profile_x_medium,Studio City,1.0,1.0,['phone'],t,f,,Studio City,City of Los Angeles,34.14461,-118.4158,Private room in rental unit,Private room,1,,,1.0,,[],,30,760,30,30,760,760,30.0,760.0,,,0,0,0,0,2025-06-17,0,0,0,0,0,0,,,,,,,,,,,,f,1,0,1,0,
150,242108,https://www.airbnb.com/rooms/242108,20250617032927,2025-06-18,city scrape,House + Garage 2 Bed 2 Bath near Carson & Lakewood,"You can get the entire 2-story house with private balcony, back yard and garage parking. <br /><br />One of a kind, 2 intimate bedrooms, 2 luxurious bathrooms, cozy living room, casual elegant dining room and well equipped kitchen with everything you need.","Nearby farmer's market, Golf course, horseback riding, biking along the bike trail.  <br /><br />Check out the local favorite BBQ restaurant JONNY RIBS just around the corner, SIZZLER across the street, great place to shop at Lakewood mall down the street.<br /><br />Also we are just a few blocks from the Bixby Knoll neighborhood to explore on a variety of restaurants and small independent shops.  <br /><br />Less than 10 minute drive to Lakewood, StubHub Center, Carson, Cal state university Long Beach, downtown Long Beach and Convention Center.",https://a0.muscache.com/pictures/ed6d7df3-978a-4157-b64e-b37bfeaa6586.jpg,1270782,https://www.airbnb.com/users/show/1270782,William,2011-10-10,"Long Beach, CA","I enjoy being a resource for where you want to go and how to get there. I can help you figure out the best restaurants around, what you are looking to spend your day during your visit, or make an arrangement for services you need. 

We are specialized in providing short term vacation rentals or with month long option stay.  Currently we manage 9 vacation properties in Long Beach area to meet your travel need and we will give you the reliable service as you are looking for.  When you book with us, your stay will be well taken care of and know that you can have a peace of mind.

Contact us and request what you need the purpose of your stay; we offer special promotions and deal package that fit you the best. 

Even if the calendar shows your desired dates as unavailable, do not hesitate to reach out to me.  We have other properties in the area with availabilities might fit your need.

Many museum in LA, Long beach, orange county offered free admission to anyone, you will share all the information with our guests.

All of our vacation properties are rent fully furnished for you and your family to enjoy time in privacy and have the convenience of your home away from home.  
On your arrival, you will find further guidance, information and detail about the city you are visiting.  We are always here to help 24/7. ",within a day,100%,100%,f,https://a0.muscache.com/im/users/1270782/profile_pic/1322095543/original.jpg?aki_policy=profile_small,https://a0.muscache.com/im/users/1270782/profile_pic/1322095543/original.jpg?aki_policy=profile_x_medium,Long Beach,7.0,13.0,"['email', 'phone']",t,t,Neighborhood highlights,Long Beach,Other Cities,33.84705,-118.19424,Entire home,Entire home/apt,6,2.0,2 baths,2.0,3.0,"[""Extra pillows and blankets"", ""Host greets you"", ""Coffee"", ""BBQ grill: gas"", ""Refrigerator"", ""Free street parking"", ""Baking sheet"", ""First aid kit"", ""Essentials"", ""Outdoor furniture"", ""Dishwasher"", ""Drying rack for clothing"", ""Clothing storage: walk-in closet, closet, and wardrobe"", ""Books and reading material"", ""Exterior security cameras on property"", ""Ethernet connection"", ""Washer"", ""Hot water kettle"", ""Paid crib - available upon request"", ""Ceiling fan"", ""Fire extinguisher"", ""Free residential garage on premises"", ""Portable fans"", ""Microwave"", ""Oven"", ""Hot water"", ""Luggage dropoff allowed"", ""Cleaning products"", ""55 inch TV with standard cable"", ""Hair dryer"", ""Coffee maker"", ""Shower gel"", ""Outdoor kitchen"", ""GE gas stove"", ""Carbon monoxide alarm"", ""Cleaning available during stay"", ""Central air conditioning"", ""Room-darkening shades"", ""Iron"", ""Toaster"", ""Private backyard"", ""Folding or convertible high chair - available upon request"", ""Changing table - available upon request"", ""Hangers"", ""Barbecue utensils"", ""Dining table"", ""Private patio or balcony"", ""Wine glasses"", ""Dishes and silverware"", ""Smoke alarm"", ""Bathtub"", ""Cooking basics"", ""Shampoo"", ""Dryer"", ""Babysitter recommendations"", ""Bed linens"", ""Kitchen"", ""Conditioner"", ""Long term stays allowed"", ""Blender"", ""Board games"", ""Wifi"", ""Bread maker"", ""Rice maker"", ""Central heating"", ""Body soap""]",$226.00,31,400,31,31,400,400,31.0,400.0,,t,30,60,90,269,2025-06-18,12,0,0,197,0,0,0.0,2012-02-24,2021-03-30,4.75,4.92,5.0,4.75,4.75,4.25,4.58,,f,7,7,0,0,0.07
151,245682,https://www.airbnb.com/rooms/245682,20250617032927,2025-06-17,previous scrape,Private Bd & Ba - Beautiful Santa Monica Mountains,"Enjoy your private bedroom & bathroom in the beautiful Santa Monica Mountains.  This area is a hidden gem.  In addition to the natural beauty in the mountains, its convenient & easy to get to beaches, near Malibu Lake, and outdoor activities; enjoy the local wineries, tasting rooms, & restaurants.",,https://a0.muscache.com/pictures/13738613/8678a129_original.jpg,1171857,https://www.airbnb.com/users/show/1171857,Monica,2011-09-17,"Agoura Hills, CA",I'm from Agoura (Ventura County/Los Angeles County line) California.  I very much enjoy meeting & getting to know people from all walks of life & all parts of the globe.  ,,,,f,https://a0.muscache.com/im/users/1171857/profile_pic/1316275130/original.jpg?aki_policy=profile_small,https://a0.muscache.com/im/users/1171857/profile_pic/1316275130/original.jpg?aki_policy=profile_x_medium,,1.0,1.0,"['email', 'phone']",t,f,,Unincorporated Santa Monica Mountains,Unincorporated Areas,34.11803,-118.78347,Private room in home,Private room,2,,1 private bath,,,"[""Stove"", ""Refrigerator"", ""First aid kit"", ""Essentials"", ""Free parking on premises"", ""Air conditioning"", ""Fire extinguisher"", ""Microwave"", ""Oven"", ""Hair dryer"", ""Coffee maker"", ""Heating"", ""Carbon monoxide alarm"", ""Iron"", ""Hangers"", ""Dishes and silverware"", ""Smoke alarm"", ""Breakfast"", ""Cooking basics"", ""Shampoo"", ""Kitchen"", ""Wifi""]",,3,21,3,3,21,21,3.0,21.0,,t,0,0,0,0,2025-06-17,81,0,0,0,0,0,,2012-03-21,2018-10-08,4.92,4.78,4.93,4.99,4.96,4.88,4.87,,f,1,0,1,0,0.5
152,30470,https://www.airbnb.com/rooms/30470,20250617032927,2025-06-17,city scrape,"Guest suite in a craftsman house, walk to studios","5-10 min walk to 3 major studios: Amazon, Apple, HBO. The room is at the back of the main house, next to the pond. At night, if the screen doors are open, one can hear the sound of the waterfall.",the house is on a cul-de-sac street. Not much traffic going through. Most houses on the block keep well their front yards.,https://a0.muscache.com/pictures/miso/Hosting-30470/original/b9568863-7ecf-492b-a091-69286e59778b.jpeg,105868,https://www.airbnb.com/users/show/105868,Luu,2010-04-09,"Culver City, CA",a couple from Los Angeles,within an hour,100%,67%,f,https://a0.muscache.com/im/users/105868/profile_pic/1318691217/original.jpg?aki_policy=profile_small,https://a0.muscache.com/im/users/105868/profile_pic/1318691217/original.jpg?aki_policy=profile_x_medium,Culver City,1.0,4.0,"['email', 'phone']",t,t,Neighborhood highlights,Culver City,Other Cities,34.02496,-118.38513,Private room,Private room,1,1.0,1 private bath,1.0,1.0,"[""Extra pillows and blankets"", ""Free street parking"", ""First aid kit"", ""Essentials"", ""Ethernet connection"", ""Private backyard \u2013 Fully fenced"", ""Fire extinguisher"", ""Portable fans"", ""Hot water"", ""Laundromat nearby"", ""Hair dryer"", ""Paid parking garage off premises"", ""Clothing storage"", ""Portable heater"", ""Shared beach access"", ""Room-darkening shades"", ""Iron"", ""Hangers"", ""Dedicated workspace"", ""Shampoo"", ""Lock on bedroom door"", ""Bed linens"", ""Private entrance"", ""Wifi"", ""Body soap""]",$170.00,1,21,1,1,21,21,1.0,21.0,,t,16,35,65,340,2025-06-17,35,3,1,173,3,18,3060.0,2022-04-30,2025-05-29,4.83,4.83,4.91,4.97,4.94,4.97,4.71,,f,1,0,1,0,0.92
153,32963,https://www.airbnb.com/rooms/32963,20250617032927,2025-06-17,city scrape,The Zanja Shangri-La,"Step back in time in this sleek, recently renovated mid-century modern bungalow.  Tastefully decorated with period-specific furniture and antiques as well as rare, original music and film memorabilia, this unique home is like a living museum of 20th century pop culture.  Property is two miles to the beach.      <br /><br />NOTE:  While clean, well-behaved pets are welcome, we must be notified in advance.  An additional $75 pet fee will be assessed.","The place is just around the corner from the picturesque Marina Del Rey, the trendy restaurants and shops on Abbot Kinney, and the hip and historic Venice Beach. Explore newer nightlife hotspots in Mar Vista, too.",https://a0.muscache.com/pictures/76f8b404-8ab7-4659-b721-6f95d2a6b087.jpg,142776,https://www.airbnb.com/users/show/142776,Spencer,2010-06-11,"Los Angeles, CA","I'm a traveller myself and have been the beneficiary of incredible hospitality in the many places I've had the good fortune of visiting, so I'm only too happy to try and pay that forward at my properties.  My goal is to provide comfort and relative privacy for you and respite from the hustle and bustle of the city, but get you close enough to the action so you can partake when the spirit moves you.",within an hour,100%,98%,t,https://a0.muscache.com/im/users/142776/profile_pic/1276384511/original.jpg?aki_policy=profile_small,https://a0.muscache.com/im/users/142776/profile_pic/1276384511/original.jpg?aki_policy=profile_x_medium,Culver City,6.0,9.0,"['email', 'phone', 'work_email']",t,t,Neighborhood highlights,Culver City,Other Cities,33.99327,-118.44407,Entire home,Entire home/apt,3,1.0,1 bath,2.0,2.0,"[""Extra pillows and blankets"", ""Free street parking"", ""Refrigerator"", ""First aid kit"", ""Essentials"", ""Outdoor furniture"", ""Dishwasher"", ""Exterior security cameras on property"", ""Pets allowed"", ""Fast wifi \u2013 214 Mbps"", ""Hot water kettle"", ""Ceiling fan"", ""Microwave"", ""Oven"", ""Patio or balcony"", ""Hot water"", ""Hair dryer"", ""Coffee maker"", ""Carbon monoxide alarm"", ""Keypad"", ""Central air conditioning"", ""Iron"", ""Kenmore gas stove"", ""Hangers"", ""43 inch TV with Roku"", ""Dining table"", ""Shared backyard \u2013 Fully fenced"", ""Fire pit"", ""Dishes and silverware"", ""Smoke alarm"", ""Self check-in"", ""Dedicated workspace"", ""Bathtub"", ""Cooking basics"", ""Shampoo"", ""Single level home"", ""Bed linens"", ""Kitchen"", ""Long term stays allowed"", ""Central heating"", ""Body soap""]",$158.00,3,30,2,5,1125,1125,2.6,1125.0,,t,5,20,44,208,2025-06-17,269,35,4,136,40,210,33180.0,2011-08-01,2025-06-07,4.91,4.92,4.91,4.99,4.97,4.89,4.8,,f,1,1,0,0,1.59
154,394508,https://www.airbnb.com/rooms/394508,20250617032927,2025-06-17,city scrape,Beautiful Private Bungalow Monthly Discounts !,"Beautiful Craftsman Cottage , Minutes from Universal, Warner, Paramount, Netflix -Best Discounted rate available for such an Oasis ! It’s Tranquil, Quiet , and Just 7 minutes walk to all the great attractions, including Restaurants, Live Theater, Live Music, Walk Of Fame, Metro To Universal Studios & Downtown! WE WELCOME ALL!",I love that you can walk everywhere and come home to a quiet residential neighborhood. ! Love that about my property!,https://a0.muscache.com/pictures/8928537/33f07ba8_original.jpg,1972326,https://www.airbnb.com/users/show/1972326,Craig Martin,2012-03-19,"Los Angeles, CA","Business owner,  Entertainment specialist. I have worked in my field of expertise for 20 Plus years. I have own and operated my Vacation rentals for the last 10. I am quiet, enjoy the arts, fine food and music as well as sporting activities. I am very diverse in knowledge  of the history in Los Angeles . I have lived and traveled extensively abroad and have a thorough and broad background with many cultures and have a great understanding of what is expected and appreciate by travelers . ",,,100%,t,https://a0.muscache.com/im/pictures/user/934773cb-ec84-4527-98a9-f9b67dd48308.jpg?aki_policy=profile_small,https://a0.muscache.com/im/pictures/user/934773cb-ec84-4527-98a9-f9b67dd48308.jpg?aki_policy=profile_x_medium,Hollywood,1.0,2.0,"['email', 'phone']",t,t,Neighborhood highlights,Hollywood,City of Los Angeles,34.09669,-118.33316,Entire cottage,Entire home/apt,2,1.0,1 bath,1.0,2.0,"[""Stove"", ""Extra pillows and blankets"", ""Host greets you"", ""Coffee"", ""Free street parking"", ""Refrigerator"", ""Baking sheet"", ""First aid kit"", ""Essentials"", ""Outdoor furniture"", ""Exterior security cameras on property"", ""Hot water kettle"", ""Air conditioning"", ""Ceiling fan"", ""Fire extinguisher"", ""Portable fans"", ""Microwave"", ""Oven"", ""Patio or balcony"", ""Hot water"", ""Luggage dropoff allowed"", ""Cleaning products"", ""Hair dryer"", ""Coffee maker"", ""Shower gel"", ""Heating"", ""Carbon monoxide alarm"", ""Room-darkening shades"", ""Iron"", ""Bose Bluetooth sound system"", ""Toaster"", ""Hangers"", ""Paid street parking off premises"", ""Wine glasses"", ""Dishes and silverware"", ""Smoke alarm"", ""Cooking basics"", ""Clothing storage: closet"", ""Bed linens"", ""Kitchen"", ""Long term stays allowed"", ""50 inch HDTV with Roku, standard cable"", ""Blender"", ""Sun loungers"", ""Private entrance"", ""Freezer"", ""Wifi"", ""Rice maker""]",$169.00,5,90,5,5,90,90,5.0,90.0,,t,16,46,75,75,2025-06-17,117,7,0,75,15,70,11830.0,2012-04-03,2024-10-21,4.85,4.93,4.76,4.95,4.96,4.95,4.81,HSR22-003513,f,1,1,0,0,0.73
155,394904,https://www.airbnb.com/rooms/394904,20250617032927,2025-06-17,city scrape,Reduced Modern Getty 1 House walk to Beach!,"SPECIAL REDUCED RATES 4 PALISADES & MALIBU- A sun-filled spacious, modern Zen-like architectural 1 bedroom, 2 level masterpiece set in a large tranquil bamboo garden porch compound, private parking. Open space living & dining area, skylit vaulted ceilings, entertainment media center, new designer kitchen, Bedroom, bathroom and private front yard. The 2nd level has a master bedroom, California king custom-made bed, ensuite bathroom, walk-in tiled shower, and a view deck.  Small pets should be ok.",You will be given an extensive NEIGHBORHOOD GUIDE for Santa Monica and Los Angeles great things to do!!,https://a0.muscache.com/pictures/4430485/e1838c87_original.jpg,10156476,https://www.airbnb.com/users/show/10156476,Robert,2013-11-20,"Los Angeles, CA","Professional Visual Artist: fine art photographer, filmmaker, video installations - exhibiting my work in galleries and museums worldwide.",within an hour,100%,80%,,https://a0.muscache.com/im/users/10156476/profile_pic/1389247192/original.jpg?aki_policy=profile_small,https://a0.muscache.com/im/users/10156476/profile_pic/1389247192/original.jpg?aki_policy=profile_x_medium,Santa Monica,14.0,15.0,"['email', 'phone']",t,t,Neighborhood highlights,Santa Monica,Other Cities,34.00351333618164,-118.47799682617188,Entire home,Entire home/apt,3,1.0,1 bath,1.0,3.0,"[""Free street parking"", ""Baking sheet"", ""First aid kit"", ""Essentials"", ""Dishwasher"", ""TV"", ""BBQ grill"", ""Free carport on premises \u2013 1 space"", ""Pets allowed"", ""Washer"", ""Hot water kettle"", ""Private backyard \u2013 Fully fenced"", ""Baby safety gates"", ""Air conditioning"", ""Ceiling fan"", ""Safe"", ""Crib"", ""Fire extinguisher"", ""Hot water"", ""Luggage dropoff allowed"", ""Cleaning products"", ""Hair dryer"", ""Coffee maker"", ""Heating"", ""Carbon monoxide alarm"", ""Room-darkening shades"", ""Iron"", ""Barbecue utensils"", ""Hangers"", ""Private patio or balcony"", ""Indoor fireplace"", ""High chair"", ""Fireplace guards"", ""Wine glasses"", ""Dishes and silverware"", ""Smoke alarm"", ""Dining table"", ""Fire pit"", ""Self check-in"", ""Bosch refrigerator"", ""Dedicated workspace"", ""Cooking basics"", ""Shampoo"", ""Dryer"", ""Bed linens"", ""Kitchen"", ""Long term stays allowed"", ""Bosch stainless steel oven"", ""Private entrance"", ""Freezer"", ""Wifi"", ""Lockbox"", ""Body soap""]",$490.00,3,180,3,3,180,180,3.0,180.0,,t,8,27,57,332,2025-06-17,63,8,0,165,8,48,23520.0,2013-01-06,2025-05-10,4.92,4.86,4.81,4.97,5.0,4.95,4.68,241180,f,9,8,1,0,0.42
156,395221,https://www.airbnb.com/rooms/395221,20250617032927,2025-06-18,city scrape,Rodeo Drive Studio with Pool and Private Garden,"Escape to this studio apartment tucked away on an historic estate, once home to Joe Kennedy. Secluded from the main house by a tall hedge of bougainvillea, the studio apartment is completely private.  An open-plan living area opens to a private backyard patio. The apartment is simple, functional and comfortable, but not luxurious. The neighborhood is tranquil and safe. Within an easy walk to downtown BH. During the summer months, guests have the use of a salt water pool 10 am — 6 pm. EV charger.","The home sits in the flats of the residential district, an easy walk to downtown Beverly HIlls. This iconic area is like a village, where it is possible to chose from a wide assortment of cafes, shops, and restaurants. From the home, it's also an easy to drive to the beach, downtown, or the Valley.",https://a0.muscache.com/pictures/d551ca6d-e0f3-458c-9031-310c90705c32.jpg,1939242,https://www.airbnb.com/users/show/1939242,Deborah,2012-03-17,"Beverly Hills, CA","Wife, mother of three boys, docmentary writer director for History Channel, painter, author of two books.",within a few hours,100%,94%,t,https://a0.muscache.com/im/pictures/user/e1605b9a-f250-4d84-88c3-e1ed3a4d0660.jpg?aki_policy=profile_small,https://a0.muscache.com/im/pictures/user/e1605b9a-f250-4d84-88c3-e1ed3a4d0660.jpg?aki_policy=profile_x_medium,Beverly Hills,3.0,3.0,"['email', 'phone']",t,f,Neighborhood highlights,Beverly Hills,Other Cities,34.0785,-118.41364,Entire guesthouse,Entire home/apt,2,1.0,1 bath,1.0,2.0,"[""Stove"", ""Extra pillows and blankets"", ""Host greets you"", ""Coffee"", ""Free street parking"", ""Refrigerator"", ""Baking sheet"", ""Essentials"", ""Ethernet connection"", ""Washer"", ""Hot water kettle"", ""Air conditioning"", ""Microwave"", ""Pack \u2019n play/Travel crib"", ""Backyard"", ""Oven"", ""Hot water"", ""Luggage dropoff allowed"", ""Cleaning products"", ""Hair dryer"", ""Coffee maker"", ""Shower gel"", ""Clothing storage"", ""Heating"", ""Carbon monoxide alarm"", ""Shared outdoor pool - available seasonally, open specific hours, pool cover, saltwater"", ""Iron"", ""Toaster"", ""Free driveway parking on premises \u2013 1 space"", ""Barbecue utensils"", ""Hangers"", ""Private patio or balcony"", ""Dining table"", ""Garden view"", ""TV with standard cable"", ""Dishes and silverware"", ""Smoke alarm"", ""Dedicated workspace"", ""Cooking basics"", ""Single level home"", ""Shampoo"", ""Dryer"", ""Bed linens"", ""Kitchen"", ""Conditioner"", ""Long term stays allowed"", ""EV charger"", ""Freezer"", ""Wifi"", ""Body soap""]",$274.00,5,700,1,5,700,700,5.0,700.0,,t,1,1,10,134,2025-06-18,248,30,4,70,43,255,69870.0,2014-06-23,2025-06-09,4.96,4.96,4.91,4.98,4.97,4.99,4.93,,f,3,3,0,0,1.85
157,395305,https://www.airbnb.com/rooms/395305,20250617032927,2025-06-18,city scrape,Guest house with kitchen & bathroom,We have 1 real bed and the other bed is a sofa bed. You will pay extra for another guest after 2 people. We don't have a laundry access and we don't allow any parties in our guest house. No smoking in the guest house.,It's a quiet neighborhood.,https://a0.muscache.com/pictures/10878098/ceed1269_original.jpg,1975664,https://www.airbnb.com/users/show/1975664,Somroy,2012-03-20,"Los Angeles, CA",we are a couple who came from Thailand. We have been living here more than 6 years and we bought our house a year ago. We are very nice and friendly and want to share our own experience with you if you want to. We love to live in LA because we love the weather. We love the area of the house and we hope you will enjoy it.,,,50%,f,https://a0.muscache.com/im/users/1975664/profile_pic/1332268080/original.jpg?aki_policy=profile_small,https://a0.muscache.com/im/users/1975664/profile_pic/1332268080/original.jpg?aki_policy=profile_x_medium,Glendale,1.0,1.0,"['email', 'phone']",t,f,Neighborhood highlights,Glassell Park,City of Los Angeles,34.12887,-118.23526,Entire home,Entire home/apt,4,1.0,1 bath,1.0,2.0,"[""Heating"", ""Shampoo"", ""Carbon monoxide alarm"", ""Coffee maker"", ""Wifi"", ""Refrigerator"", ""Iron"", ""Air conditioning"", ""Kitchen"", ""Essentials"", ""Hangers"", ""TV with standard cable"", ""Hair dryer""]",$104.00,30,1125,30,30,1125,1125,30.0,1125.0,,t,30,60,90,365,2025-06-18,291,0,0,197,0,0,0.0,2012-05-12,2020-03-20,4.9,4.91,4.89,4.93,4.91,4.8,4.8,Exempt - This listing is a transient occupancy residential structure,f,1,1,0,0,1.82
158,400940,https://www.airbnb.com/rooms/400940,20250617032927,2025-06-17,city scrape,"Luxury Seaside Studio,  Pool","Our oasis.  Enjoy peace and tranquility in our very private guest space.  Lay out by the pool, take a walk or pick up electric scooters around town for a ride to the waters edge or a 3 minute walk to some of the area's best eateries.  A foodies paradise.","Very quiet, primarily single family home neighborhood with plenty of free street parking.  Lots of very high quality restaurants within walking distance of our home.",https://a0.muscache.com/pictures/60493dd1-ae33-452b-99e4-d9b7315b0b24.jpg,2001210,https://www.airbnb.com/users/show/2001210,Rose Ann,2012-03-24,,"My husband and I are new empty nesters (I'm a teacher and he's an Advertising Executive), parents and foodies.  We are so fortunate to be residents of an amazing community that makes us feel like we are in a small town- not a large, urban, metropolitan city.  We made this our forever home over 20 ago and have been exploring the westside together ever since.  We have 2 adult children, who are the center of our universe. We love to travel and enjoy VERY GOOD food.  We've been to China, which has been our favorite destination so far, Greece, Italy, Great Britain and Russia.  

We look forward to your visit with us, so we can share our community of excellent restaurants, great hangouts and a relaxing vacation- where you too can experience the Westside, like a local.",within an hour,100%,98%,t,https://a0.muscache.com/im/users/2001210/profile_pic/1332635739/original.jpg?aki_policy=profile_small,https://a0.muscache.com/im/users/2001210/profile_pic/1332635739/original.jpg?aki_policy=profile_x_medium,Del Rey,1.0,2.0,"['email', 'phone']",t,t,Neighborhood highlights,Del Rey,City of Los Angeles,33.99077,-118.42775,Entire home,Entire home/apt,2,1.0,1 bath,0.0,1.0,"[""Extra pillows and blankets"", ""Coffee"", ""Free street parking"", ""Refrigerator"", ""First aid kit"", ""Shared hot tub"", ""Shared patio or balcony"", ""Essentials"", ""Outdoor furniture"", ""Free parking on premises"", ""Books and reading material"", ""Air conditioning"", ""Ceiling fan"", ""Children\u2019s books and toys"", ""Microwave"", ""Mini fridge"", ""Hot water"", ""Luggage dropoff allowed"", ""Hair dryer"", ""Coffee maker"", ""Shower gel"", ""Clothing storage"", ""Heating"", ""Carbon monoxide alarm"", ""Keypad"", ""Iron"", ""Toaster"", ""Private entrance"", ""Outdoor dining area"", ""Hangers"", ""Indoor fireplace"", ""Dining table"", ""TV with standard cable"", ""Wine glasses"", ""Dishes and silverware"", ""Smoke alarm"", ""Shared backyard \u2013 Fully fenced"", ""Self check-in"", ""Dedicated workspace"", ""Cooking basics"", ""Single level home"", ""Shampoo"", ""Shared pool"", ""Bed linens"", ""Kitchen"", ""Conditioner"", ""Blender"", ""Board games"", ""Freezer"", ""Wifi"", ""Rice maker"", ""Body soap""]",$145.00,1,29,1,1,29,29,1.0,29.0,,t,5,15,25,107,2025-06-17,751,68,3,107,79,255,36975.0,2012-04-10,2025-06-01,4.75,4.8,4.65,4.91,4.87,4.82,4.73,HSR24-003745,f,1,1,0,0,4.68
159,400984,https://www.airbnb.com/rooms/400984,20250617032927,2025-06-17,city scrape,Urban Farm Gardener's Studio,Use CONTACT HOST button ONLY! Do NOT use Request To Book button until confirmed. Please mention that you have read the entire text re: animals ect. below.,,https://a0.muscache.com/pictures/4514851/e1446e8f_original.jpg,1529054,https://www.airbnb.com/users/show/1529054,Cyn-Anthony,2011-12-22,"West Hollywood, CA","We are LA artists, but have designed spaces to pretend we live  elsewhere, perhaps in Pooh's Tree, Calder's Circus or on a flowery ranchito, next door to Trotsky in Coyoacan. Such pet filled places aren't for everyone, but consider a stay with us if you like quiet folks and friendly farm animals! ",within a day,100%,,f,https://a0.muscache.com/im/users/1529054/profile_pic/1343366958/original.jpg?aki_policy=profile_small,https://a0.muscache.com/im/users/1529054/profile_pic/1343366958/original.jpg?aki_policy=profile_x_medium,West Hollywood,3.0,4.0,"['email', 'phone']",t,t,,West Hollywood,Other Cities,34.08736,-118.35392,Entire guesthouse,Entire home/apt,1,1.0,1 bath,1.0,1.0,"[""Heating"", ""Pets allowed"", ""Host greets you"", ""Shampoo"", ""Carbon monoxide alarm"", ""Free street parking"", ""Luggage dropoff allowed"", ""First aid kit"", ""Fire extinguisher"", ""Essentials"", ""Long term stays allowed"", ""Hangers"", ""Wifi"", ""Hair dryer"", ""Smoke alarm""]",$114.00,30,60,30,30,60,60,30.0,60.0,,t,30,60,90,365,2025-06-17,8,0,0,198,0,0,0.0,2012-07-16,2016-03-27,5.0,5.0,4.88,5.0,5.0,5.0,4.88,,f,3,3,0,0,0.05
160,402053,https://www.airbnb.com/rooms/402053,20250617032927,2025-06-17,city scrape,Woodland Hills / Calabasas where you are the Star,TAXES NOT CHARGED AFTER day 31.<br />PRIVATE ENTRANCE. <br />Great residential location far from the city noise but very close to<br />many interesting areas.<br />A walking distance to Hidden Hills where many famous call home.<br />Our guests will enjoy the pool and backyard.,"Woodland Hills, Calabasas, West Hills, Warner Center area.<br /><br />Our neighborhood is peaceful, friendly  and full of greenery. We are far from the city noise. And, close to Restaurants, Movie Theaters, Markets, Coffee Shops, and nice Shopping Centers (Topanga Mall, The Village, The Commons at Calabasas, and Fallbrook Shopping Center)<br /><br />For cultural lovers, we have a NEW Valley Performing Arts Center ( V-Pac connected to our local university ( C-Sun, Cal. State Univ. - Northridge) . 30 - 35 minute drive to Downtown L.A. Also, close to excellent express bus lines that you can drive and park to ride from Woodland Hills across the valley to No Ho, Universal City, The Getty Center, the Skirball Center and the Annenberg Beach House are all wonderful places to visit.<br />For the nature lovers, Topanga Canyon , Malibu Canyon, Santa Monica Mountains and others provide it all - from horseback riding to hiking, and WINERIES!<br />Balboa Park and even some nice jewels of Japanese Ga",https://a0.muscache.com/pictures/5613401/5a4b6b41_original.jpg,2006759,https://www.airbnb.com/users/show/2006759,Cathy,2012-03-25,"California, United States","Born in Entre Ríos, Argentina.  I  love to travel and I am very interested in different cultures. 
I can not live without my family, music, chocolate, a good book and my dog.
My travel destinations  were Spain, Itay, France, China, Israel, Petra (Jordan), Athens and the beautiful isles  Mykonos and Santorini in Greece. My latest trips to Tokyo, Kyoto (Japan),Croatia and the beautiful little Montenegro made me realize that every country not only has incredible places but the unique people that makes them shine.
Reading, listen to classical music and cooking are my hobbies.
My motto: "" Be kind, listen and be helpful""",within an hour,100%,100%,f,https://a0.muscache.com/im/users/2006759/profile_pic/1332718787/original.jpg?aki_policy=profile_small,https://a0.muscache.com/im/users/2006759/profile_pic/1332718787/original.jpg?aki_policy=profile_x_medium,Woodland Hills/Warner Center,3.0,5.0,"['email', 'phone']",t,t,Neighborhood highlights,Woodland Hills,City of Los Angeles,34.17028045654297,-118.6543960571289,Entire rental unit,Entire home/apt,2,1.0,1 bath,1.0,1.0,"[""Extra pillows and blankets"", ""Host greets you"", ""Free street parking"", ""Refrigerator"", ""First aid kit"", ""Essentials"", ""Outdoor furniture"", ""Books and reading material"", ""Private pool"", ""Ethernet connection"", ""BBQ grill"", ""Pets allowed"", ""Private backyard \u2013 Fully fenced"", ""Fire extinguisher"", ""Portable fans"", ""Microwave"", ""Kitchenette"", ""Hot water"", ""Luggage dropoff allowed"", ""Cleaning products"", ""Hair dryer"", ""Coffee maker"", ""Shower gel"", ""Heating"", ""Carbon monoxide alarm"", ""Central air conditioning"", ""Iron"", ""Toaster"", ""Outdoor dining area"", ""Barbecue utensils"", ""Hangers"", ""Private patio or balcony"", ""TV with standard cable"", ""Wine glasses"", ""Dishes and silverware"", ""Smoke alarm"", ""Dedicated workspace"", ""Cooking basics"", ""Single level home"", ""Shampoo"", ""Clothing storage: closet"", ""Bed linens"", ""Conditioner"", ""Long term stays allowed"", ""Private entrance"", ""Freezer"", ""Wifi"", ""Body soap""]",$85.00,30,1125,30,30,1125,1125,30.0,1125.0,,t,0,30,60,335,2025-06-17,133,2,0,168,3,120,10200.0,2012-06-18,2024-12-11,4.79,4.87,4.93,4.93,4.89,4.86,4.72,HSR19-004098,f,3,3,0,0,0.84
161,408035,https://www.airbnb.com/rooms/408035,20250617032927,2025-06-17,city scrape,Stylish Guest Suite Available in L.A. Miracle Mile,"Miracle Mile Area/Adjacent to Beverly Hills. Conveniently located in Los Angeles southeast of Olympic and Fairfax Boulevards junction. Recently renovated, stylish 1-Bdrm. guest suite with everything you need for a comfortable visit.","The Miracle Mile neighborhood is conveniently located to greater Los Angeles and beyond. The Guest Suite is Beverly Hills adjacent to the Fairfax District near the Los Angeles County Museum of Art (LACMA), Olympic Medical Center, Cedar Sinai Medical facilities, Little Ethiopia, Farmer's Market and The Grove, Third Street shops and the Beverly Center.",https://a0.muscache.com/pictures/hosting/Hosting-U3RheVN1cHBseUxpc3Rpbmc6NDA4MDM1/original/9a703894-41b6-495b-b9b9-6e5e8d6e912b.jpeg,2031878,https://www.airbnb.com/users/show/2031878,Alison Rose,2012-03-29,"Los Angeles, CA","I have many interests. I am most fulfilled by my interests in history, architecture and design, fashion, cultural activities and travelling. I am a great neighbor and civically minded. I have a wealth of knowledge about the City of Los Angeles and the State of California.",,,0%,f,https://a0.muscache.com/im/users/2031878/profile_pic/1333049624/original.jpg?aki_policy=profile_small,https://a0.muscache.com/im/users/2031878/profile_pic/1333049624/original.jpg?aki_policy=profile_x_medium,Mid-Wilshire,1.0,1.0,"['email', 'phone']",t,t,Neighborhood highlights,Mid-Wilshire,City of Los Angeles,34.05542,-118.35994,Entire guest suite,Entire home/apt,2,1.0,1 bath,1.0,1.0,"[""Free street parking"", ""Refrigerator"", ""Essentials"", ""Outdoor furniture"", ""Free parking on premises"", ""Hot water kettle"", ""Ceiling fan"", ""Washer \u2013\u00a0In unit"", ""Portable fans"", ""Microwave"", ""Oven"", ""Kitchenette"", ""Hot water"", ""Heating"", ""Carbon monoxide alarm"", ""Cleaning available during stay"", ""Iron"", ""Outdoor dining area"", ""Hangers"", ""Dining table"", ""TV with standard cable"", ""Wine glasses"", ""Dishes and silverware"", ""Smoke alarm"", ""Cooking basics"", ""Dryer \u2013\u00a0In unit"", ""Bed linens"", ""Long term stays allowed"", ""Blender"", ""Wifi""]",$129.00,30,184,30,30,184,184,30.0,184.0,,t,16,46,76,351,2025-06-17,0,0,0,184,0,0,0.0,,,,,,,,,,,f,1,1,0,0,
162,409740,https://www.airbnb.com/rooms/409740,20250617032927,2025-06-18,city scrape,Hollywood Hills  / Skyline views / Private Sauna,"Welcome to your stunning modern retreat nestled in the iconic Hollywood Hills! This 3-bedroom, 3-bathroom home offers breathtaking 280-degree views of lush gardens, rolling hills, and the dazzling Los Angeles skyline. Just off Mulholland Drive, this serene yet luxurious hideaway is perfect for experiencing peaceful nature while staying close to Hollywood. <br /><br />We do offer a fourth bedroom if you are interested for an additional $100 per night if available .",We take pride on our quite community. If you are looking for a party house PLEASE LOOK ELSEWHERE. This is not the house for you. LOUD MUSIC or noise that is excessiveWILL NOT BE TOLERATED. THIS IS A NO SMOKING HOUSE...(you are welcome to smoke outside) We reserve the right to cancel your reservation at anytime without a refund.,https://a0.muscache.com/pictures/hosting/Hosting-409740/original/9ebd0b59-117f-4537-bc29-3aced6ce9975.jpeg,3608303,https://www.airbnb.com/users/show/3608303,Veronica,2012-09-18,"Los Angeles, CA","We live in the Hollywood Hills. We love being an Airbnb host. Everyone who has come and stayed has been so wonderful. We have been introduced to so many amazing spirits from all walks of life and have heard so many interesting stories. We feel so blessed to have the opportunity to open our home up to all the incredibly grateful people out there all over the world. Its gives us so much  joy to see guests leave Los Angeles with such memorable experiences.   It's an honor to be a host and a member of the Airbnb community.
Welcome to our home! ",within an hour,100%,100%,t,https://a0.muscache.com/im/pictures/user/User-3608303/original/1eb513b4-e285-41b2-91dd-2134ba2bda9e.jpeg?aki_policy=profile_small,https://a0.muscache.com/im/pictures/user/User-3608303/original/1eb513b4-e285-41b2-91dd-2134ba2bda9e.jpeg?aki_policy=profile_x_medium,Hollywood Hills,2.0,4.0,"['email', 'phone']",t,t,Neighborhood highlights,Hollywood Hills West,City of Los Angeles,34.12244,-118.36029,Entire home,Entire home/apt,6,3.0,3 baths,3.0,3.0,"[""Extra pillows and blankets"", ""Free street parking"", ""Miele stove"", ""Essentials"", ""Outdoor furniture"", ""Free washer \u2013 In unit"", ""Hot water kettle"", ""Kirkland  body soap"", ""Safe"", ""Portable fans"", ""Valley view"", ""Pack \u2019n play/Travel crib"", ""Mini fridge"", ""Carbon monoxide alarm"", ""Central air conditioning"", ""Trash compactor"", ""Bose Bluetooth sound system"", ""Children\u2019s dinnerware"", ""Dishes and silverware"", ""Smoke alarm"", ""60 inch HDTV with premium cable, standard cable"", ""Bathtub"", ""Long term stays allowed"", ""Indoor fireplace: gas"", ""Refrigerator"", ""First aid kit"", ""Resort access"", ""Clothing storage: closet and dresser"", ""Free parking on premises"", ""Dishwasher"", ""Drying rack for clothing"", ""BBQ grill"", ""City skyline view"", ""Private backyard \u2013 Fully fenced"", ""Baby safety gates"", ""Fire extinguisher"", ""Crib"", ""Oven"", ""Hot water"", ""Mountain view"", ""Hair dryer"", ""Coffee maker"", ""Heating"", ""Cleaning available during stay"", ""Garden view"", ""Self check-in"", ""Baby bath"", ""Cooking basics"", ""Shampoo"", ""AC - split type ductless system"", ""Kitchen"", ""Blender"", ""Sun loungers"", ""Freezer"", ""Lockbox"", ""Game console"", ""Pocket wifi"", ""Baking sheet"", ""Books and reading material"", ""Exterior security cameras on property"", ""Kirkland conditioner"", ""Luggage dropoff allowed"", ""Cleaning products"", ""Barbecue utensils"", ""Private patio or balcony"", ""High chair"", ""Bed linens"", ""Coffee"", ""Golf course view"", ""Private sauna"", ""Ethernet connection"", ""Outdoor shower"", ""Pets allowed"", ""Children\u2019s books and toys"", ""Microwave"", ""Free dryer \u2013 In unit"", ""Shower gel"", ""Iron"", ""Toaster"", ""Hangers"", ""Dining table"", ""Wine glasses"", ""Dedicated workspace"", ""EV charger"", ""Wifi""]",$476.00,3,120,2,3,1125,1125,3.0,1125.0,,t,15,28,55,166,2025-06-18,263,27,2,162,25,162,77112.0,2012-04-26,2025-06-03,4.88,4.85,4.87,4.86,4.87,4.9,4.75,HSR23-003741,f,1,1,0,0,1.64
163,253683,https://www.airbnb.com/rooms/253683,20250617032927,2025-06-18,city scrape,Charming 2 Bedrooms 2 Baths Villa Patio BBQ Garage,"It’s the perfect home away home!! Secured yard, relaxing balcony with water mist system off bedroom suite, whimsy garden with water fountain, relaxing backyard and a patio for private outdoor BBQ cooking area with speakers, water mist system.","This villa house just a few blocks from the Bixby knoll neighborhood to explore on a variety of restaurants and small independent shops.  5 minute drive down to Lakewood shopping mall, 10 minute from Long Beach Convention center and LB Airport, 20 minute from LAX international airport.",https://a0.muscache.com/pictures/2914218/8b34602e_original.jpg,1270782,https://www.airbnb.com/users/show/1270782,William,2011-10-10,"Long Beach, CA","I enjoy being a resource for where you want to go and how to get there. I can help you figure out the best restaurants around, what you are looking to spend your day during your visit, or make an arrangement for services you need. 

We are specialized in providing short term vacation rentals or with month long option stay.  Currently we manage 9 vacation properties in Long Beach area to meet your travel need and we will give you the reliable service as you are looking for.  When you book with us, your stay will be well taken care of and know that you can have a peace of mind.

Contact us and request what you need the purpose of your stay; we offer special promotions and deal package that fit you the best. 

Even if the calendar shows your desired dates as unavailable, do not hesitate to reach out to me.  We have other properties in the area with availabilities might fit your need.

Many museum in LA, Long beach, orange county offered free admission to anyone, you will share all the information with our guests.

All of our vacation properties are rent fully furnished for you and your family to enjoy time in privacy and have the convenience of your home away from home.  
On your arrival, you will find further guidance, information and detail about the city you are visiting.  We are always here to help 24/7. ",within a day,100%,100%,f,https://a0.muscache.com/im/users/1270782/profile_pic/1322095543/original.jpg?aki_policy=profile_small,https://a0.muscache.com/im/users/1270782/profile_pic/1322095543/original.jpg?aki_policy=profile_x_medium,Long Beach,7.0,13.0,"['email', 'phone']",t,t,Neighborhood highlights,Long Beach,Other Cities,33.84731,-118.19586,Entire home,Entire home/apt,6,2.0,2 baths,2.0,3.0,"[""Stove"", ""Extra pillows and blankets"", ""Host greets you"", ""Coffee"", ""Free street parking"", ""Refrigerator"", ""Baking sheet"", ""First aid kit"", ""Essentials"", ""Outdoor furniture"", ""Free parking on premises"", ""50 inch HDTV with standard cable, Netflix, Roku"", ""Dishwasher"", ""Exterior security cameras on property"", ""Free washer \u2013 In unit"", ""Ethernet connection"", ""BBQ grill"", ""Hot water kettle"", ""Air conditioning"", ""Outlet covers"", ""Ceiling fan"", ""Crib"", ""Portable fans"", ""Fire extinguisher"", ""Microwave"", ""Oven"", ""Backyard"", ""Hot water"", ""Luggage dropoff allowed"", ""Cleaning products"", ""Hair dryer"", ""Coffee maker"", ""Shower gel"", ""Clothing storage"", ""Outdoor kitchen"", ""Carbon monoxide alarm"", ""Cleaning available during stay"", ""Room-darkening shades"", ""Iron"", ""Toaster"", ""Children\u2019s dinnerware"", ""Barbecue utensils"", ""Hangers"", ""Private patio or balcony"", ""Dining table"", ""High chair"", ""Wine glasses"", ""Dishes and silverware"", ""Smoke alarm"", ""Baby bath"", ""Dedicated workspace"", ""Bathtub"", ""Cooking basics"", ""Shampoo"", ""Dryer"", ""Bed linens"", ""Kitchen"", ""Conditioner"", ""Long term stays allowed"", ""Blender"", ""Private entrance"", ""Wifi"", ""Bread maker"", ""Rice maker"", ""Central heating"", ""Body soap""]",$186.00,31,340,31,31,1125,1125,31.0,1125.0,,t,30,60,90,365,2025-06-18,26,1,0,197,0,62,11532.0,2013-03-20,2025-05-02,4.85,4.77,4.92,4.88,4.88,4.35,4.81,,t,7,7,0,0,0.17
164,254320,https://www.airbnb.com/rooms/254320,20250617032927,2025-06-17,previous scrape,Large 1-Bedroom Guest House in Great Location,"Huge private guest house in great Studio City ""South of the Blvd"" neighborhood. Over 800 sf of space including a separate bedroom with a queen bed and  kitchenette stocked with essentials. Enjoy a great outdoor space, a large pool, and easy access to all major freeways. SoCal living at its best.","Studio City and Ventura Blvd (within walking distance) is a vibrant community convenient to everything in LA. Great shops and restaurants, famed Sushi Row, cafes, bars, easy access to outdoor spaces and beautiful hikes (eg Fryman Canyon) and close to all the studios and landmarks.",https://a0.muscache.com/pictures/miso/Hosting-254320/original/a3e42b92-4000-4375-bbdc-8d121b0ce31c.jpeg,343842,https://www.airbnb.com/users/show/343842,Jane Rose,2011-01-11,"Los Angeles, CA","An east coast transplant who loves books, film, travel, outdoor activities and good food/wine. I've written several books - including a bed & breakfast guide to Australia - and am constantly researching my next project. Home is shared with my husband - a great cook and gardener. We're easy-going, always up for an adventure, and happy to provide guidance to those looking for unique things to do in LA.",within a few hours,100%,94%,t,https://a0.muscache.com/im/users/343842/profile_pic/1354030552/original.jpg?aki_policy=profile_small,https://a0.muscache.com/im/users/343842/profile_pic/1354030552/original.jpg?aki_policy=profile_x_medium,Studio City,1.0,2.0,"['email', 'phone']",t,t,Neighborhood highlights,Studio City,City of Los Angeles,34.13973,-118.40872,Entire guesthouse,Entire home/apt,3,,1 bath,1.0,,"[""Extra pillows and blankets"", ""Free street parking"", ""Refrigerator"", ""Shared patio or balcony"", ""Essentials"", ""Outdoor furniture"", ""Free parking on premises"", ""Free washer \u2013 In building"", ""BBQ grill"", ""Pool view"", ""32 inch TV with Apple TV, standard cable"", ""Children\u2019s books and toys"", ""Window AC unit"", ""Microwave"", ""Shared pool - available seasonally, open 24 hours, heated, lap pool, pool toys"", ""Hot water"", ""Luggage dropoff allowed"", ""Hair dryer"", ""Coffee maker"", ""Heating"", ""Carbon monoxide alarm"", ""Iron"", ""Private entrance"", ""Fast wifi \u2013 232 Mbps"", ""Outdoor dining area"", ""Free dryer \u2013 In building"", ""Hangers"", ""Shared backyard \u2013 Fully fenced"", ""Dishes and silverware"", ""Smoke alarm"", ""Self check-in"", ""Dedicated workspace"", ""Shampoo"", ""Bed linens"", ""Long term stays allowed"", ""Smart lock"", ""Board games""]",,2,60,2,2,60,60,2.0,60.0,,t,14,24,54,234,2025-06-17,193,11,3,162,12,66,,2012-06-17,2025-06-08,4.91,4.93,4.82,4.98,4.96,4.99,4.87,HSR24-003561,f,1,1,0,0,1.22
165,254844,https://www.airbnb.com/rooms/254844,20250617032927,2025-06-18,city scrape,The Oasis in Beverly Hills.,"Place is very nice decorated , witch a special touch of African and modern style, with mostly white furniture. Nice master bedroom with a California King matrass . Beautiful outdoor space with views over town and Downtown . Nice pool and outdoor bamboo bed to enjoy the sunrise and the views. <br />Outside the kitchen as well great outdoor space to enjoy the coffe or romantic time with a glass of wine or tea for sunsets and sunrises","I love living in Beverly Hills since I feel like I'm in Europe with Cannon views and at the same time you have city view . I feel like I'm in romantic vacation in my house , I put s lot of heart to decorate it with a touch of every culture :)) Bali , Africa, modern ..,<br />If you want to have romantic time that's the best place ❤️",https://a0.muscache.com/pictures/fc6bac53-2735-4fa6-a354-de52f1d24691.jpg,1338512,https://www.airbnb.com/users/show/1338512,Kasia,2011-10-26,"Los Angeles, CA","i love life!

Wifi is working ! clean and very Nicely decorated. Looks better Evan than on the pictures :) If you want to experience a nice romantic time you have just found the best place for it. 
Very close everywhere, 5 min to Rodeo Drive , 3 min to Beverly Hills Hotel , 10 min to Hollywood and 20 to Malibu. Amazing view and very relaxing outdoor space:) you will love it!!! 
Uber can arrive in 3-5 min so easy to move around if you don't have a car.",,,100%,t,https://a0.muscache.com/im/users/1338512/profile_pic/1320450406/original.jpg?aki_policy=profile_small,https://a0.muscache.com/im/users/1338512/profile_pic/1320450406/original.jpg?aki_policy=profile_x_medium,Bel Air/Beverly Crest,1.0,2.0,"['email', 'phone']",t,t,Neighborhood highlights,Beverly Crest,City of Los Angeles,34.09365724616285,-118.43545058668543,Entire home,Entire home/apt,4,2.5,2.5 baths,2.0,2.0,"[""Stove"", ""Free street parking"", ""Refrigerator"", ""Free parking on premises"", ""Dishwasher"", ""Private pool"", ""Pets allowed"", ""Washer"", ""City skyline view"", ""Air conditioning"", ""Microwave"", ""Backyard"", ""Oven"", ""Patio or balcony"", ""Hot water"", ""Mountain view"", ""Hair dryer"", ""Coffee maker"", ""Heating"", ""Keypad"", ""Iron"", ""Hangers"", ""Indoor fireplace"", ""TV with standard cable"", ""Dishes and silverware"", ""Smoke alarm"", ""Self check-in"", ""Cooking basics"", ""Dryer"", ""Kitchen"", ""Wifi""]",$760.00,3,30,3,3,30,30,3.0,30.0,,t,2,2,3,278,2025-06-18,258,13,0,110,29,78,59280.0,2012-07-15,2024-12-09,4.61,4.75,4.61,4.65,4.58,4.78,4.55,HSR25-000008,f,1,1,0,0,1.64
166,578100,https://www.airbnb.com/rooms/578100,20250617032927,2025-06-17,city scrape,Roomy studio in Mar Vista,"Spacious studio with full bath and kitchenette for rent in our home. Private entrance, fully furnished with bed, couch, and T.V. Ideal for a student, with access to bus routes and close to SMC and West LA. <br /><br />Patio, fully furnished studio with bed, couch, kitchenette, tv, and bathroom and large backyard. <br /><br />We are on a central location near Venice beach Santa Monica. We have a Sunday farmers market every week within walking distance.",,https://a0.muscache.com/pictures/18314f76-9bf9-400c-b67f-be098348fd94.jpg,2822669,https://www.airbnb.com/users/show/2822669,Michelle,2012-07-03,"Los Angeles, CA","Hi, I am from England originally, and my husband is Welsh. We like spending time together as a family. We are parents to a wonderful 15 year old daughter. we also have a 8 year old playful labradoodle that we adopted when she was 4 months. We love meeting new people and discovering new things. We enjoy many different cultures and are open minded. I love Los Angeles as my family are close by. I love to laugh and yes I do laugh at myself too. We are centered around celebrating life, food and family.",,,0%,f,https://a0.muscache.com/im/users/2822669/profile_pic/1417492213/original.jpg?aki_policy=profile_small,https://a0.muscache.com/im/users/2822669/profile_pic/1417492213/original.jpg?aki_policy=profile_x_medium,Mar Vista,1.0,3.0,"['email', 'phone']",t,t,,Mar Vista,City of Los Angeles,34.00758,-118.43713,Entire guesthouse,Entire home/apt,1,1.0,1 bath,1.0,1.0,"[""Host greets you"", ""Free street parking"", ""Refrigerator"", ""Essentials"", ""Outdoor furniture"", ""Exterior security cameras on property"", ""TV"", ""BBQ grill"", ""Fire extinguisher"", ""Microwave"", ""Hot water"", ""Luggage dropoff allowed"", ""Coffee maker"", ""Hair dryer"", ""Carbon monoxide alarm"", ""Cleaning available during stay"", ""Iron"", ""Outdoor dining area"", ""Hangers"", ""Fire pit"", ""Dishes and silverware"", ""Smoke alarm"", ""Cooking basics"", ""Shampoo"", ""Kitchen"", ""Long term stays allowed"", ""Private entrance"", ""Wifi"", ""Backyard - Fully fenced""]",$63.00,30,1125,30,30,1125,1125,30.0,1125.0,,t,0,0,15,290,2025-06-17,20,0,0,123,0,0,0.0,2014-09-21,2022-05-31,4.95,4.75,4.6,5.0,4.95,4.85,4.85,,f,1,1,0,0,0.15
167,579927,https://www.airbnb.com/rooms/579927,20250617032927,2025-06-17,city scrape,"Upscale Custom-Built House | walk to Beach, Canals","Spacious Custom-Built Home in Venice Beach!<br /><br />True California Living with multiple outdoor patios that seamlessly blend into the living space, offering a one-of-a-kind indoor/outdoor experience.",The BEST location in Venice Beach!<br />Located on a quiet safe side of the Canals. <br />Short walk to all areas of Venice Beach:<br />- Beach: 2 minute walk <br />- Washington Blvd: 1 minute walk to shops/restaurants<br />- Venice Boardwalk: 4 minute walk<br />- Venice Canals: right there<br />- Abbot Kinney Blvd: 10 minute walk,https://a0.muscache.com/pictures/hosting/Hosting-U3RheVN1cHBseUxpc3Rpbmc6NTc5OTI3/original/8505ca16-5bd4-4e4d-a6e3-ac598435e923.jpeg,7095361,https://www.airbnb.com/users/show/7095361,Ilya,2016-06-04,"Marina del Rey, CA",,within an hour,89%,57%,t,https://a0.muscache.com/im/pictures/user/User-7095361/original/e0037a25-ce7c-43db-81b3-186df8368ae5.jpeg?aki_policy=profile_small,https://a0.muscache.com/im/pictures/user/User-7095361/original/e0037a25-ce7c-43db-81b3-186df8368ae5.jpeg?aki_policy=profile_x_medium,Venice,15.0,26.0,"['email', 'phone']",t,t,Neighborhood highlights,Venice,City of Los Angeles,33.98185,-118.46691,Entire home,Entire home/apt,6,3.0,3 baths,3.0,3.0,"[""Extra pillows and blankets"", ""Coffee"", ""Free street parking"", ""Refrigerator"", ""Baking sheet"", ""Method body soap"", ""First aid kit"", ""Essentials"", ""Outdoor furniture"", ""Free parking on premises"", ""Housekeeping available from 8:00\u202fAM to 3:00\u202fPM, every day - available at extra cost"", ""Dishwasher"", ""Drying rack for clothing"", ""Wolf stainless steel gas stove"", ""Books and reading material"", ""Exterior security cameras on property"", ""Free washer \u2013 In unit"", ""City skyline view"", ""Hot water kettle"", ""Private backyard \u2013 Fully fenced"", ""Fire extinguisher"", ""Portable fans"", ""Free dryer \u2013 In unit"", ""Microwave"", ""Oven"", ""Hot water"", ""Luggage dropoff allowed"", ""Cleaning products"", ""Hammock"", ""Hair dryer"", ""Coffee maker"", ""Shower gel"", ""Heating"", ""Carbon monoxide alarm"", ""Keypad"", ""Central air conditioning"", ""Room-darkening shades"", ""Iron"", ""Freezer"", ""Toaster"", ""Outdoor dining area"", ""Clothing storage: walk-in closet, closet, wardrobe, and dresser"", ""Beach access \u2013 Beachfront"", ""Hangers"", ""Private patio or balcony"", ""Dining table"", ""TV with standard cable"", ""Fireplace guards"", ""Dishes and silverware"", ""Smoke alarm"", ""Wine glasses"", ""Self check-in"", ""Dedicated workspace"", ""Bathtub"", ""Cooking basics"", ""Shampoo"", ""Method conditioner"", ""Bed linens"", ""Fast wifi \u2013 502 Mbps"", ""Kitchen"", ""Long term stays allowed"", ""Sun loungers"", ""Private entrance"", ""Canal view""]",$540.00,5,365,2,5,365,365,5.0,365.0,,t,22,32,32,96,2025-06-17,139,19,0,96,14,190,102600.0,2014-04-29,2025-05-17,4.82,4.86,4.86,4.89,4.89,4.88,4.66,HSR24-000853,f,13,13,0,0,1.03
168,584489,https://www.airbnb.com/rooms/584489,20250617032927,2025-06-17,city scrape,"Beautiful, charming, quiet retreat",,,https://a0.muscache.com/pictures/9236827/ea904390_original.jpg,2880069,https://www.airbnb.com/users/show/2880069,Linda,2012-07-09,"Calabasas, CA","I am a landscape contractor, working all over greater Los Angeles county. My favorite garden is my own, where I spend Saturdays taking care of everything, making the garden special for my guests, fairies and other garden visitors seen or unseen. I along with my cat Betty and my Russell terrier Jade,  look forward to time off from work, when we can enjoy the garden, a hike in the mountains, a swim at Pepperdine or a relaxing time with friends. I grew up in Boston, traveling west with all the other hippies of the day, with a flower in my hair! I lived in the bay area from 71' til 84'........have I given away my age :-) I owned and operated a flower shop in San Anselmo until I moved to Malibu where I have lived since.......just up the road now, in Calabasas, where I can be closer to the mountains!
Small dogs are allowed but must be pre approved. An additional pet cleaning fee is required. ",within an hour,100%,83%,t,https://a0.muscache.com/im/users/2880069/profile_pic/1384917240/original.jpg?aki_policy=profile_small,https://a0.muscache.com/im/users/2880069/profile_pic/1384917240/original.jpg?aki_policy=profile_x_medium,,1.0,2.0,"['email', 'phone']",t,f,,Calabasas,Other Cities,34.12602,-118.65684,Entire guesthouse,Entire home/apt,2,1.0,1 bath,1.0,2.0,"[""Stove"", ""Extra pillows and blankets"", ""Refrigerator"", ""First aid kit"", ""Essentials"", ""Free parking on premises"", ""Dishwasher"", ""Pets allowed"", ""Washer"", ""Air conditioning"", ""Fire extinguisher"", ""Microwave"", ""Backyard"", ""Oven"", ""Patio or balcony"", ""Hot water"", ""Hair dryer"", ""Coffee maker"", ""Heating"", ""Carbon monoxide alarm"", ""Iron"", ""Hangers"", ""TV with standard cable"", ""Dishes and silverware"", ""Smoke alarm"", ""Cooking basics"", ""Shampoo"", ""Dryer"", ""Bed linens"", ""Kitchen"", ""Private entrance"", ""Wifi""]",$202.00,7,30,7,7,1125,1125,7.0,1125.0,,t,0,13,40,130,2025-06-17,142,5,0,130,9,70,14140.0,2012-11-25,2025-02-22,4.95,4.94,4.95,4.98,4.98,4.97,4.89,,t,1,1,0,0,0.93
169,584724,https://www.airbnb.com/rooms/584724,20250617032927,2025-06-17,city scrape,The Charlie WeHo Luxurious 2BDR/2BATH Apartment,"Upper level, luxurious, two-story two-bedroom two bath suite. The open living room and dining floor plan portray beauty and character with natural material and earthy colors, perfect for families. The built in office spaces, plush armchairs and large walk in closets make you feel right at home. Each unit has it's private rooftop patio which overlook the hotels grounds.","The ultimate luxury in Los Angeles is that of sanctuary, a place removed from the cacophonous commotion of the city, while still posted in the city’s bustling epicenter.<br /><br />The Charlie is located on Sweetzer Ave, right between Melrose and Santa Monica Blvd. Right around the corner from a buffet of restaurants, shops and more.",https://a0.muscache.com/pictures/4bfd222c-be62-4b4d-9a8d-30b89f58dbf5.jpg,2881219,https://www.airbnb.com/users/show/2881219,Dylan,2012-07-09,"Los Angeles, CA","Hidden behind a wooden gate on a quiet residential street in West Hollywood, a compound of English Tudor-style bungalows has become a fairy-tale-like home away from home for those lucky enough to discover its charms. Sprinkled with the pixie dust of Hollywood history, the property at 819 North Sweetzer was once owned by film legend Charlies Spencer Chaplin, infamous for his sexual exploits, and famous for his artistic proliferation. Chaplin built this cluster of cottages after purchasing the land – once a farm owned by actress Ruth Gordon’s family – in 1924. Converted into the exclusive Charlie Hotel in 2008, it has played host to a constellation of starlets both in Chaplin's time and now. It remains, after all these years, a place of refuge for the beautiful and creative. ",,,,f,https://a0.muscache.com/im/users/2881219/profile_pic/1341859883/original.jpg?aki_policy=profile_small,https://a0.muscache.com/im/users/2881219/profile_pic/1341859883/original.jpg?aki_policy=profile_x_medium,,1.0,5.0,"['email', 'phone']",t,f,Neighborhood highlights,Beverly Grove,City of Los Angeles,34.08507,-118.3697,Entire rental unit,Entire home/apt,4,2.0,2 baths,2.0,2.0,"[""Stove"", ""Extra pillows and blankets"", ""Host greets you"", ""Refrigerator"", ""Baking sheet"", ""Essentials"", ""Free parking on premises"", ""Washer"", ""Baby safety gates"", ""Air conditioning"", ""Crib"", ""Microwave"", ""Pack \u2019n play/Travel crib"", ""Backyard"", ""Oven"", ""Hot water"", ""Luggage dropoff allowed"", ""Hair dryer"", ""Coffee maker"", ""Shower gel"", ""Heating"", ""Carbon monoxide alarm"", ""Iron"", ""Hangers"", ""TV with standard cable"", ""Dishes and silverware"", ""Smoke alarm"", ""Cooking basics"", ""Shampoo"", ""Dryer"", ""Bed linens"", ""Kitchen"", ""Long term stays allowed"", ""Private entrance"", ""Wifi""]",$943.00,30,31,30,30,31,31,30.0,31.0,,t,27,57,87,362,2025-06-17,0,0,0,195,0,0,0.0,,,,,,,,,,,f,1,1,0,0,
170,586709,https://www.airbnb.com/rooms/586709,20250617032927,2025-06-17,city scrape,Bungalow in the sky,Mid century furnishings. The house is 110 years old. Your living room is a huge deck with sweeping views of LA including Hollywood sign. Your own private entrance. Pretty cool spot. One in a million. Thanks,Very cool and eclectic neighborhood. Many artists actors. Super groovy with fabulous walks to be had,https://a0.muscache.com/pictures/8044385/66df3291_original.jpg,2892483,https://www.airbnb.com/users/show/2892483,Ernesto,2012-07-10,"Los Angeles, CA","Thank you for taking a look at my little tree house in the sky..My listing can be a bit confusing but here is the skinny. I usually am renting the downstairs unit which consists of a bedroom with a Queen size bed and walk in closet and very spacious bathroom with shower that has features for handicapped usage.. The living room is essentially a huge deck the size of a huge living room you can enjoy for yoga and working on outdoor furniture and chaise lounges.I also have my own private hiking trail behind my property and am very close to all the  cool eating and coffee shops Echo Park has to offer. I am 7 minutes to Echo Park lake and Silverlake reservoir which are both great for walking with your partner or pet if you bring either or both. I'm 3 minutes form Elysian Park which is attached to Dodger Stadium and is an incredible hiking and wildlife refuge. From the deck you have a spectacular view of the LA basin.You can see some of the most iconic sights of Los Angeles without leaving your bed.For example a beautiful view of Griffith Park ,Griffith Observatory, The Hollywood sign, Pacific Design Center,you can even see the Getty Center and Century City looking west. If you look the other direction you have all Glendale and Burbank and the snow covered mountains in winter. There is also quite a nice garden work in progress. You have your own private entrance and every amenity , cleaning and disinfecting products one would need. I tend to stock Kiehls and Aesop products. Also has nice small refrigerator and microwave.Flat screen TV wifi and every cable channel.  In other words I think you will love staying here.During these times,things have changed. I have never been one to have to give so many details. The place was always booked before the pandemic and I feel a need to reassure people that my place is safe and secure.With your own private entrance and (Website hidden by Airbnb) are free to use the kitchen upstairs which is a shared space or just shop for your own foods. There is no stove downstairs but their is a new microwave oven.Works great. Also hot watter kettle and coffee maker for your use.  I hope this helps somewhat in making your decisions to stay. Oh! and recently repainted and redid the whole deck!! There is also a fantastic grill outside for outdoor cooking. Ok I think Ive covered everything..Looking forward to seeing you soon.Best Ernesto ,Apple Jack and Isabella ",within an hour,100%,88%,t,https://a0.muscache.com/im/pictures/user/97aeae58-c134-42d5-93e9-ca0604903f9c.jpg?aki_policy=profile_small,https://a0.muscache.com/im/pictures/user/97aeae58-c134-42d5-93e9-ca0604903f9c.jpg?aki_policy=profile_x_medium,Echo Park,2.0,5.0,"['email', 'phone']",t,t,Neighborhood highlights,Echo Park,City of Los Angeles,34.09322,-118.25024,Private room in home,Private room,2,1.0,1 private bath,1.0,1.0,"[""Stove"", ""Extra pillows and blankets"", ""Coffee"", ""Free street parking"", ""Refrigerator"", ""Baking sheet"", ""First aid kit"", ""Essentials"", ""Outdoor furniture"", ""Dishwasher"", ""Drying rack for clothing"", ""Books and reading material"", ""Exterior security cameras on property"", ""Free washer \u2013 In unit"", ""Ethernet connection"", ""BBQ grill"", ""HDTV with Apple TV"", ""Pets allowed"", ""Hot water kettle"", ""Private backyard \u2013 Fully fenced"", ""Kiehls, Aesop, Malin and Goetz body soap"", ""Fire extinguisher"", ""Portable fans"", ""Valley view"", ""Free dryer \u2013 In unit"", ""Microwave"", ""Mini fridge"", ""Hot water"", ""Oven"", ""Cleaning products"", ""Coffee maker: Nespresso, pour-over coffee"", ""Mountain view"", ""Luggage dropoff allowed"", ""Hair dryer"", ""Shower gel"", ""Exercise equipment: stationary bike, yoga mat"", ""Heating"", ""Carbon monoxide alarm"", ""Cleaning available during stay"", ""Central air conditioning"", ""Room-darkening shades"", ""Iron"", ""Toaster"", ""Private entrance"", ""Outdoor dining area"", ""Barbecue utensils"", ""Hangers"", ""Private patio or balcony"", ""Dining table"", ""Wine glasses"", ""Dishes and silverware"", ""Smoke alarm"", ""Dedicated workspace"", ""Cooking basics"", ""Shampoo"", ""Lock on bedroom door"", ""Beach essentials"", ""Bed linens"", ""Long term stays allowed"", ""Kiehls conditioner"", ""Blender"", ""Babysitter recommendations"", ""Freezer"", ""Wifi"", ""Rice maker""]",$160.00,4,60,4,4,60,60,4.0,60.0,,t,29,59,89,89,2025-06-17,116,2,1,89,4,16,2560.0,2012-12-29,2025-06-02,4.85,4.77,4.89,4.98,4.99,4.97,4.78,HSR19-000453,f,2,1,1,0,0.76
171,33447,https://www.airbnb.com/rooms/33447,20250617032927,2025-06-17,previous scrape,Malibu Guest house/ near beach,,".2 of Mi to Little Dume Beach, <br />one mile  to Point Dume Beach,<br />/ Westward Beach<br />2.2 miles to Zuma Beach<br />2.6 miles to Paradise Cove<br />9.8 miles to Malibu Pier<br />10 miles to Nobu<br />21 miles from Santa Monica<br />39 miles to Universal Studios<br />43.2 miles to Hollywood<br />31.3 miles to Los Angeles International Airport (LAX)<br />35 miles from the Van Nuys Airport",https://a0.muscache.com/pictures/343136/f469073a_original.jpg,144837,https://www.airbnb.com/users/show/144837,Patricia,2010-06-15,"Malibu, CA","We love sharing our beautiful Point Dume Peninsula and surrounding beaches.
 My Career - Cinematography- Husband also in entertainment. 
We enjoy tennis, hiking, biking, films, and art.  Hometowns Memphis, Tenn.,Oxford, Miss, and  lovely Malibu, California. Montana, Manhattan, N.Y. , Sweden, Ireland , are part of us .
 Enjoy interesting, kind people during their travels. We have an amazing list of guests, from authors, architects, athletes, performers, young professionals, to parents and grandparents.",,,,f,https://a0.muscache.com/im/users/144837/profile_pic/1406696531/original.jpg?aki_policy=profile_small,https://a0.muscache.com/im/users/144837/profile_pic/1406696531/original.jpg?aki_policy=profile_x_medium,Malibu,1.0,1.0,"['email', 'phone']",t,t,Neighborhood highlights,Malibu,Other Cities,34.01451,-118.8064,Entire guesthouse,Entire home/apt,2,,1 bath,1.0,,"[""Stove"", ""Extra pillows and blankets"", ""Host greets you"", ""Free street parking"", ""Refrigerator"", ""First aid kit"", ""Essentials"", ""Free parking on premises"", ""Air conditioning"", ""Outlet covers"", ""Fire extinguisher"", ""Children\u2019s books and toys"", ""Microwave"", ""Backyard"", ""Oven"", ""Patio or balcony"", ""Hot water"", ""Hair dryer"", ""Coffee maker"", ""Heating"", ""Carbon monoxide alarm"", ""Iron"", ""Hangers"", ""TV with standard cable"", ""Dishes and silverware"", ""Smoke alarm"", ""Bathtub"", ""Cooking basics"", ""Shampoo"", ""Single level home"", ""Beach essentials"", ""Bed linens"", ""Kitchen"", ""Long term stays allowed"", ""Private entrance"", ""Wifi""]",,30,200,30,30,200,200,30.0,200.0,,t,0,0,0,0,2025-06-17,332,0,0,0,0,0,,2010-07-12,2020-03-16,4.95,4.92,4.93,4.98,4.97,4.96,4.93,,f,1,1,0,0,1.83
172,411757,https://www.airbnb.com/rooms/411757,20250617032927,2025-06-17,previous scrape,Bdrm avail in cute 2BR - Silverlake,"Private bedroom in small but cozy 2 bedroom apartment in GREAT location on the east side, nestled in-between the farmers market + Sunset Junction in Silverlake.","Silverlake is a great place to live and hang out. The apartment is just steps away from Sunset Junction, so out of the expanse of LA you are very lucky to walk to anything you need + be within 20 minutes of almost the entire central LA expanse.",https://a0.muscache.com/pictures/7f912d23-64d6-40d0-b4b6-11d88eb4a99c.jpg,1676128,https://www.airbnb.com/users/show/1676128,Laura,2012-01-30,"Los Angeles, CA","My name is Laura, 27, work in the music industry + loving every second of it. Based in LA but traveling more and more - and more travels means more availability on my place :) ",,,,f,https://a0.muscache.com/im/pictures/user/3ac868b3-15d3-432b-a924-78df8f208608.jpg?aki_policy=profile_small,https://a0.muscache.com/im/pictures/user/3ac868b3-15d3-432b-a924-78df8f208608.jpg?aki_policy=profile_x_medium,Silver Lake,1.0,1.0,"['email', 'phone', 'work_email']",t,t,Neighborhood highlights,Silver Lake,City of Los Angeles,34.0929,-118.27854,Private room in rental unit,Private room,1,,1 bath,,,"[""TV"", ""Heating"", ""Pets allowed"", ""Washer"", ""Shampoo"", ""Dryer"", ""Carbon monoxide alarm"", ""Air conditioning"", ""First aid kit"", ""Kitchen"", ""Essentials"", ""Hangers"", ""Wifi"", ""Hair dryer"", ""Smoke alarm""]",,30,365,30,30,365,365,30.0,365.0,,t,0,0,0,0,2025-06-17,4,0,0,0,0,0,,2013-07-27,2016-06-05,5.0,4.5,4.5,5.0,5.0,5.0,5.0,,f,1,0,1,0,0.03
173,413761,https://www.airbnb.com/rooms/413761,20250617032927,2025-06-17,city scrape,Architectural Santa Monica Home,"You will love the architectural beauty and natural light of our Santa Monica home, walking distance from the beach and Main Street shopping / dining.",,https://a0.muscache.com/pictures/hosting/Hosting-U3RheVN1cHBseUxpc3Rpbmc6NDEzNzYx/original/345ecaa4-4dc1-4397-a82c-01044dd430e1.jpeg,2058273,https://www.airbnb.com/users/show/2058273,Michelle,2012-04-02,"Los Angeles, CA","I'm from Dallas, Texas and my husband is from NY, but we are both very happy to call California our home. We love having guests, and we look forward to meeting you! ",,,,f,https://a0.muscache.com/im/users/2058273/profile_pic/1421779019/original.jpg?aki_policy=profile_small,https://a0.muscache.com/im/users/2058273/profile_pic/1421779019/original.jpg?aki_policy=profile_x_medium,Santa Monica,1.0,1.0,"['email', 'phone']",t,t,,Santa Monica,Other Cities,34.00599,-118.47871,Entire home,Entire home/apt,10,1.0,1 bath,2.0,3.0,"[""Stove"", ""Extra pillows and blankets"", ""Gym"", ""Coffee"", ""Free street parking"", ""Refrigerator"", ""Baking sheet"", ""Essentials"", ""Free parking on premises"", ""Dishwasher"", ""Books and reading material"", ""Exterior security cameras on property"", ""Children's playroom"", ""Pets allowed"", ""Washer"", ""Hot tub"", ""Hot water kettle"", ""Air conditioning"", ""Microwave"", ""Mini fridge"", ""Oven"", ""Hot water"", ""Luggage dropoff allowed"", ""Cleaning products"", ""Sound system"", ""Hair dryer"", ""Coffee maker"", ""Shower gel"", ""Clothing storage"", ""Heating"", ""Carbon monoxide alarm"", ""Cleaning available during stay"", ""Room-darkening shades"", ""Iron"", ""Toaster"", ""Private entrance"", ""Barbecue utensils"", ""Hangers"", ""Indoor fireplace"", ""Dining table"", ""TV with standard cable"", ""Wine glasses"", ""Dishes and silverware"", ""Smoke alarm"", ""Dedicated workspace"", ""Bathtub"", ""Cooking basics"", ""Shampoo"", ""Dryer"", ""Bed linens"", ""Kitchen"", ""Pool"", ""Blender"", ""Sun loungers"", ""Board games"", ""Freezer"", ""Wifi"", ""Rice maker""]",$891.00,31,38,31,31,38,38,31.0,38.0,,t,9,32,32,266,2025-06-17,0,0,0,99,0,0,0.0,,,,,,,,,,,f,1,1,0,0,
174,415357,https://www.airbnb.com/rooms/415357,20250617032927,2025-06-17,previous scrape,LASpacious Mod Sundec SpecialOFFER,,,https://a0.muscache.com/pictures/4825169/0dc83224_original.jpg,2065889,https://www.airbnb.com/users/show/2065889,Amy,2012-04-03,"Los Angeles, CA","Hello everyone and thank you for checking out my listing! I'm upbeat, Professional, qiuet, clean, happy, creative, NON Smoker, Non Drug using. If you have any questions, please feel free to contact me.",,,,f,https://a0.muscache.com/im/users/2065889/profile_pic/1334005516/original.jpg?aki_policy=profile_small,https://a0.muscache.com/im/users/2065889/profile_pic/1334005516/original.jpg?aki_policy=profile_x_medium,Sherman Oaks,1.0,1.0,"['email', 'phone']",t,f,,Sherman Oaks,City of Los Angeles,34.16354,-118.45621,Private room in rental unit,Private room,2,,1 private bath,,,"[""Heating"", ""Gym"", ""Washer"", ""Dryer"", ""Air conditioning"", ""Kitchen"", ""Free parking on premises"", ""Wifi"", ""Indoor fireplace"", ""TV with standard cable"", ""Pool""]",,180,270,180,180,270,270,180.0,270.0,,,0,0,0,0,2025-06-17,0,0,0,0,0,0,,,,,,,,,,,,f,1,0,1,0,
175,416651,https://www.airbnb.com/rooms/416651,20250617032927,2025-06-18,city scrape,Silver Lake - Apartment with VIEWS!,"Please note - LA now enforces 17% tax on Air BnB rentals, this addition fee that appears, can be waived on a monthly rental. Contact me to discuss further, and discounts apply!",,https://a0.muscache.com/pictures/4737494/a368bdd7_original.jpg,1647272,https://www.airbnb.com/users/show/1647272,Bianca,2012-01-24,,"I'm Bianca, my husband and I have a wonderful 4 unit building in Silver lake, Los Angeles and additional properties in Ojai, CA.
I've been on Air BnB since 2012 and have had many wonderful guests stay, some of which have become life long friends!
We look forward to sharing the love of our neighborhood with you!
We're in the entertainment industry and have a wonderful creative lifestyle. Thanks for viewing our listing.
Bianca",,,100%,f,https://a0.muscache.com/im/users/1647272/profile_pic/1331235202/original.jpg?aki_policy=profile_small,https://a0.muscache.com/im/users/1647272/profile_pic/1331235202/original.jpg?aki_policy=profile_x_medium,Silver Lake,3.0,15.0,"['email', 'phone', 'work_email']",t,t,,Silver Lake,City of Los Angeles,34.08609,-118.27127,Entire rental unit,Entire home/apt,2,1.0,1 bath,1.0,1.0,"[""Host greets you"", ""Free street parking"", ""Refrigerator"", ""Essentials"", ""TV"", ""Washer"", ""Air conditioning"", ""Fire extinguisher"", ""Backyard"", ""Hot water"", ""Coffee maker"", ""Hair dryer"", ""Heating"", ""Carbon monoxide alarm"", ""Hangers"", ""Dishes and silverware"", ""Smoke alarm"", ""Shampoo"", ""Dryer"", ""Kitchen"", ""Long term stays allowed"", ""Wifi""]",$213.00,30,365,30,30,365,365,30.0,365.0,,t,0,0,0,229,2025-06-18,16,0,0,61,0,0,0.0,2012-09-25,2022-07-29,4.81,4.88,4.88,4.94,5.0,5.0,4.69,Exempt - This listing is a transient occupancy residential structure,f,3,3,0,0,0.1
176,422037,https://www.airbnb.com/rooms/422037,20250617032927,2025-06-17,previous scrape,"Sweet, Quirky & Artistic Venice Cottage","Bright traditional craftsman with an open layout. Very Venice the old skool kinda way, simple, fresh, sunny and clean, easy energy. Quiet oasis. <br />ONLY ILONG TERM -  1 YEAR LEASE PREFERABLE, open to 6 months or as per agreement. NOT FURNISHED. <br /><br />Abbot Kinney, the beach, Ocean Front Walk, wonderful neighborhood with picturesque Venice walkways, Venice Canals all within a close range. Walk or bike. Hang. \.../",,https://a0.muscache.com/pictures/cd0de035-2e43-41fa-9bcb-d13d022293a1.jpg,2099007,https://www.airbnb.com/users/show/2099007,Eva,2012-04-09,"Los Angeles, CA","Hello everyone and thank you for checking out my listing! If you have any questions, please feel free to contact me.

True Venetian",,,,f,https://a0.muscache.com/im/users/2099007/profile_pic/1333986328/original.jpg?aki_policy=profile_small,https://a0.muscache.com/im/users/2099007/profile_pic/1333986328/original.jpg?aki_policy=profile_x_medium,Venice,1.0,1.0,"['email', 'phone']",t,t,,Venice,City of Los Angeles,33.99259880951632,-118.45674772083936,Entire cottage,Entire home/apt,4,,2 baths,2.0,,"[""TV"", ""Heating"", ""Pets allowed"", ""Washer"", ""Shampoo"", ""Dryer"", ""Carbon monoxide alarm"", ""Free street parking"", ""First aid kit"", ""Fire extinguisher"", ""Kitchen"", ""Essentials"", ""Free parking on premises"", ""Long term stays allowed"", ""Hot water"", ""Wifi"", ""Hair dryer"", ""Smoke alarm""]",,61,365,61,61,365,365,61.0,365.0,,t,0,0,0,0,2025-06-17,64,0,0,0,0,0,,2012-04-16,2014-09-14,4.42,4.52,4.45,4.84,4.78,4.6,4.47,,t,1,1,0,0,0.4
177,424793,https://www.airbnb.com/rooms/424793,20250617032927,2025-06-17,previous scrape,spacious Silverlake 1920's w/views,"I have a very charming and spacious 1920's Silverlake apartment in a prime location with views across the city. This is NOT a shared rental, you get the whole place for your enjoyment and privacy. ",Awesome area. Walking distance to the many cafe's and charm of Sunset Blvd. in Silverlake and just down the street from the Silverlake reservoir. Moments from all the Echo Park restaurants and night life. ,https://a0.muscache.com/pictures/4849987/c3b7afcd_original.jpg,2111937,https://www.airbnb.com/users/show/2111937,Geoff,2012-04-10,"Los Angeles, CA","Photographer. Born and raised in LA. Love tacos and a nice sunset. 

Please send a little inquiry message with a little info about yourself before sending booking request.

Look forward to hearing from you!",,,,f,https://a0.muscache.com/im/users/2111937/profile_pic/1365146307/original.jpg?aki_policy=profile_small,https://a0.muscache.com/im/users/2111937/profile_pic/1365146307/original.jpg?aki_policy=profile_x_medium,Silver Lake,1.0,1.0,"['email', 'phone', 'work_email']",t,t,Neighborhood highlights,Silver Lake,City of Los Angeles,34.07752,-118.2761,Entire rental unit,Entire home/apt,2,,1 bath,1.0,,"[""Heating"", ""Washer"", ""Shampoo"", ""Dryer"", ""Air conditioning"", ""Kitchen"", ""Essentials"", ""Free parking on premises"", ""Wifi"", ""TV with standard cable""]",,30,30,30,30,30,30,30.0,30.0,,t,0,0,0,0,2025-06-17,3,0,0,0,0,0,,2013-04-22,2016-11-03,5.0,5.0,4.67,5.0,5.0,5.0,5.0,,f,1,1,0,0,0.02
178,424928,https://www.airbnb.com/rooms/424928,20250617032927,2025-06-17,city scrape,Ocean Park Oasis,"Studio apartment with a queen size bed and an extra room that has two single beds.  Nestled in a wonderful location with a private patio, this apartment is walking distance to Rose Ave and Main Street.  Steps to the beach, bike path, and famous Venice boardwalk if you're here for fun, and walking distance to transit lines if you're coming for work or school!<br /><br />Authentic Venice funk, not fancy or glamorous, just clean and comfortable. Pet friendly, beach friendly, traveler friendly!","Ocean Park neighborhood, steps to the Rose Ave Corridor.  3 blocks to Main St. Santa Monica,  5 blocks to the Beach, bikepath, Boardwalk!  East is Whole Foods, CVS, on the way are Jenny's ice cream , 6 diverse restaurants, Groundworks Coffee, Rose Dispensary, great Lincoln Bl street tacos. Go west to Rose Cafe, Firehouse,  Kreation Juice Bar,  hair and massage/facial salons.<br />Sunday there is Farmer's Market, Saint Clement's Catholic Church and Ocean Park Church.  Bus is to downtown Santa Monica transit center, Lincoln Bl. has routes to LAX too. Abbott Kinney is about 8 blocks south.",https://a0.muscache.com/pictures/79a3509d-a318-43a8-8c7c-6f2c3b19eccb.jpg,2111094,https://www.airbnb.com/users/show/2111094,Diane,2012-04-10,"Los Angeles, CA",I am a Los Angeles native and I love living here and enjoying all the area has to offer.  I also love to travel and enjoy good food and shopping at the local farmer's market.  ,within a few hours,90%,71%,f,https://a0.muscache.com/im/users/2111094/profile_pic/1334186055/original.jpg?aki_policy=profile_small,https://a0.muscache.com/im/users/2111094/profile_pic/1334186055/original.jpg?aki_policy=profile_x_medium,Venice,3.0,9.0,"['email', 'phone']",t,t,Neighborhood highlights,Venice,City of Los Angeles,33.99803,-118.47723,Entire rental unit,Entire home/apt,4,1.0,1 bath,1.0,1.0,"[""Extra pillows and blankets"", ""Coffee"", ""Free street parking"", ""First aid kit"", ""Essentials"", ""Clothing storage: closet and dresser"", ""Portable air conditioning"", ""Outdoor furniture"", ""Drying rack for clothing"", ""Free washer \u2013 In building"", ""Books and reading material"", ""Ethernet connection"", ""Pets allowed"", ""Hot water kettle"", ""Private backyard \u2013 Fully fenced"", ""Fire extinguisher"", ""Window AC unit"", ""Portable fans"", ""Microwave"", ""Chambers  gas cooktop gas stove"", ""Hot water"", ""Laundromat nearby"", ""Cleaning products"", ""Kenmore refrigerator"", ""Luggage dropoff allowed"", ""Hair dryer"", ""Shower gel"", ""Portable heater"", ""Carbon monoxide alarm"", ""Shared beach access"", ""36 inch HDTV with Netflix, Amazon Prime Video, Apple TV"", ""Room-darkening shades"", ""Iron"", ""Toaster"", ""Free driveway parking on premises \u2013 1 space"", ""Outdoor dining area"", ""Free dryer \u2013 In building"", ""Hangers"", ""Private patio or balcony"", ""Dining table"", ""Garden view"", ""Wine glasses"", ""Usually natural, mild shower wash body soap"", ""Smoke alarm"", ""Dishes and silverware"", ""Self check-in"", ""Dedicated workspace"", ""Bathtub"", ""Cooking basics"", ""Shampoo"", ""Coffee maker: pour-over coffee"", ""Beach essentials"", ""Bed linens"", ""Kitchen"", ""Conditioner"", ""Long term stays allowed"", ""Blender"", ""Sun loungers"", ""Private entrance"", ""Freezer"", ""Wifi"", ""Lockbox"", ""Rice maker"", ""Central heating""]",$130.00,31,180,31,31,180,180,31.0,180.0,,t,30,60,90,365,2025-06-17,83,3,0,198,5,186,24180.0,2012-08-14,2024-12-02,4.68,4.51,4.5,4.93,4.98,4.85,4.6,,f,3,3,0,0,0.53
179,430682,https://www.airbnb.com/rooms/430682,20250617032927,2025-06-17,city scrape,Hollywood Hills garden apartment w/ private patio,"Welcome to your private, sunny, newly-renovated guest apartment in a quiet neighborhood in the foothills of the Hollywood Hills, within walking distance of all the action.  You can walk to theaters, restaurants, clubs, and classic landmarks like the Hollywood Bowl, Kodak Theater, and Magic Castle from this adorable apartment in historic Hollywood Heights.",,https://a0.muscache.com/pictures/4938835/0cb62b2f_original.jpg,436865,https://www.airbnb.com/users/show/436865,Jamie,2011-03-11,"Los Angeles, CA","Hello everyone and thank you for checking out my listing! If you have any questions, please feel free to contact me.",,,,f,https://a0.muscache.com/im/users/436865/profile_pic/1312993470/original.jpg?aki_policy=profile_small,https://a0.muscache.com/im/users/436865/profile_pic/1312993470/original.jpg?aki_policy=profile_x_medium,Hollywood Hills,1.0,3.0,"['email', 'phone', 'work_email']",t,t,,Hollywood Hills,City of Los Angeles,34.10785,-118.34256,Entire rental unit,Entire home/apt,2,1.0,1 bath,1.0,1.0,"[""Refrigerator"", ""Outdoor furniture"", ""Free parking on premises"", ""HDTV with Amazon Prime Video, Roku, HBO Max, Hulu, Netflix"", ""Pets allowed"", ""Washer"", ""Air conditioning"", ""Microwave"", ""Hot water"", ""Private patio or balcony"", ""Dining table"", ""Dishes and silverware"", ""Smoke alarm"", ""Self check-in"", ""Dedicated workspace"", ""Cooking basics"", ""Dryer"", ""Bed linens"", ""Kitchen"", ""Clothing storage: walk-in closet, closet, and dresser"", ""Smart lock"", ""Freezer"", ""Wifi""]",$95.00,31,125,31,31,1125,1125,31.0,1125.0,,t,16,46,76,351,2025-06-17,0,0,0,184,0,0,0.0,,,,,,,,,,,f,1,1,0,0,
180,433619,https://www.airbnb.com/rooms/433619,20250617032927,2025-06-18,city scrape,"Studio City 2BR/2BA, Top FL","A very quiet two bedroom two bathroom apartment on the top floor with high ceilings. A balcony surrounded by trees and some mountain views, the occasional birds of prey and hummingbirds. A living area with a 54 inch plasma TV, apple TV, Bose surround",,https://a0.muscache.com/pictures/5120186/34950df7_original.jpg,2085908,https://www.airbnb.com/users/show/2085908,Hassan,2012-04-06,"Los Angeles, CA",I'm a professional actor heading to Lebanon for a few months for my niece’s wedding.,,,100%,f,https://a0.muscache.com/im/pictures/user/ca0c1fe2-e314-4060-a5dd-4b342a39d114.jpg?aki_policy=profile_small,https://a0.muscache.com/im/pictures/user/ca0c1fe2-e314-4060-a5dd-4b342a39d114.jpg?aki_policy=profile_x_medium,Studio City,1.0,1.0,"['email', 'phone']",t,t,,Studio City,City of Los Angeles,34.14393334330333,-118.367986334179,Private room in rental unit,Private room,1,1.0,1 shared bath,1.0,1.0,"[""Gym"", ""Host greets you"", ""Free street parking"", ""Shared hot tub"", ""Essentials"", ""Outdoor furniture"", ""Paid parking on premises"", ""BBQ grill"", ""Washer"", ""Air conditioning"", ""Hot water"", ""Hair dryer"", ""Heating"", ""Outdoor dining area"", ""Fire pit"", ""TV with standard cable"", ""Elevator"", ""Smoke alarm"", ""Shampoo"", ""Shared pool"", ""Dryer"", ""Kitchen"", ""Wifi""]",$65.00,30,1125,30,30,1125,1125,30.0,1125.0,,t,29,59,89,364,2025-06-18,2,1,1,196,0,60,3900.0,2012-06-02,2025-05-22,5.0,5.0,5.0,5.0,5.0,5.0,5.0,,f,1,0,1,0,0.01
181,435277,https://www.airbnb.com/rooms/435277,20250617032927,2025-06-17,city scrape,3 Blocks to Cedars Sinai-Best Neighborhood in town,Centrally located in Los Angeles and one block to Beverly Hills,I live in a great neighborhood! Very safe and walking distance to many great restaurants and shopping on Robertson. The neighbors are friendly and the neighborhood is clean and safe,https://a0.muscache.com/pictures/6373b97b-fa1d-438e-a7b9-2b45e50feb63.jpg,2161902,https://www.airbnb.com/users/show/2161902,Rachel,2012-04-17,"Los Angeles, CA","I am a professional female working in the Television industry.  I have a varied schedule sometimes working long hours and sometimes I am out of town for work.  I am friendly and clean.  I have a many interests which include hiking, golfing, surfing, painting.  I love that Los Angeles has so much to offer.  It is so unique. beautiful and varied.  You can find so many interesting and cool places with great food and ambiance.",within a day,100%,71%,t,https://a0.muscache.com/im/users/2161902/profile_pic/1334689542/original.jpg?aki_policy=profile_small,https://a0.muscache.com/im/users/2161902/profile_pic/1334689542/original.jpg?aki_policy=profile_x_medium,,1.0,2.0,"['email', 'phone']",t,f,Neighborhood highlights,Beverly Hills,Other Cities,34.07173,-118.386,Private room in rental unit,Private room,2,1.0,1 shared bath,1.0,1.0,"[""Stove"", ""Host greets you"", ""Free street parking"", ""Refrigerator"", ""First aid kit"", ""Essentials"", ""Free parking on premises"", ""Dishwasher"", ""Exterior security cameras on property"", ""Window AC unit"", ""Microwave"", ""Oven"", ""Patio or balcony"", ""Hot water"", ""Luggage dropoff allowed"", ""Hair dryer"", ""Coffee maker"", ""Heating"", ""TV with DVD player, Disney+, HBO Max, Amazon Prime Video, premium cable, Roku, Netflix, Hulu"", ""Carbon monoxide alarm"", ""Iron"", ""Hangers"", ""Dishes and silverware"", ""Smoke alarm"", ""Bathtub"", ""Cooking basics"", ""Shampoo"", ""Kitchen"", ""Long term stays allowed"", ""Wifi""]",$79.00,30,1125,30,30,1125,1125,30.0,1125.0,,t,3,3,4,248,2025-06-17,54,3,0,81,3,180,14220.0,2012-08-07,2025-03-03,4.89,4.89,4.72,4.98,4.93,5.0,4.78,Exempt - This listing is a bed and breakfast,f,1,0,1,0,0.34
182,37171,https://www.airbnb.com/rooms/37171,20250617032927,2025-06-17,city scrape,2 rm suite with kitchenette full bath private entr,"Cozy [ 400 sq.' ] bright second floor suite with views. Lots of trees and greenery in a historic residential neighborhood that's nice for walking.<br />Close to the freeway, 1/2 a mile, and the metro, 9/10ths of a mile. Great access to USC  and the museums at Exposition Park [ 3 miles ] <br /><br />This is a completely self contained suite , separate from the main house with it's own entrance , pretty much  your own apartment. I live in the main house behind a  fairly  sound proof wall","Quiet residential neighborhood with homes from the 1880's to 1940's. Not how you'd imagine LA. It was Los Angeles first affluent suburb , Beverly Hills before there was a Beverly Hills , there are some huge gilded age mansions in the neighborhood.<br />It's a half mile from the 10 freeway, 9/10ths of a mile to the Crenshaw metro stop which takes you to USC, downtown, Santa Monica beach, Culver City, Hollywood, Pasadena and more<br />The closest supermarket is less than 1 mile and there are several good restaurants right down Adams Blvd. , Johnnies Pastrami , Mizlala  , Tartine Bakery , and Open Face are just blocks to a mile and a half away. There are more really good restaurants about 4 miles  away , downtown Culver City is an easy ride and has over a dozen good places . La Brea ave. and the Grove shopping mall [ which contains the 1940's Farmers Market ] both have great food at about 4 1/2 miles away and downtown is about 5 miles",https://a0.muscache.com/pictures/c3335891-9b5c-4c58-8ef4-f8cf4506b1dd.jpg,160505,https://www.airbnb.com/users/show/160505,Charles,2010-07-07,"Los Angeles, CA","Independent minded, single, golden years individual who loves the idea of an alternative network for finding travel accommodations free from corporate industrial cleaners and price-gouging. Maintains a connection to nature in the modern world and is self-propelled as often as possible.  Make more art and less war.  ...",within an hour,100%,89%,t,https://a0.muscache.com/im/pictures/user/7ae4daf5-36ab-4e30-9b21-dbfd796e6c90.jpg?aki_policy=profile_small,https://a0.muscache.com/im/pictures/user/7ae4daf5-36ab-4e30-9b21-dbfd796e6c90.jpg?aki_policy=profile_x_medium,West Adams,1.0,1.0,"['email', 'phone']",t,t,Neighborhood highlights,Jefferson Park,City of Los Angeles,34.03419,-118.33101,Entire guest suite,Entire home/apt,3,1.0,1 bath,1.0,1.0,"[""Extra pillows and blankets"", ""Coffee"", ""Private BBQ grill: charcoal"", ""Free street parking"", ""Refrigerator"", ""Essentials"", ""Outdoor furniture"", ""Free parking on premises"", ""Books and reading material"", ""Pets allowed"", ""Ping pong table"", ""Hot water kettle"", ""Air conditioning"", ""Ceiling fan"", ""Fire extinguisher"", ""Microwave"", ""Backyard"", ""Patio or balcony"", ""Hot water"", ""Laundromat nearby"", ""Cleaning products"", ""Luggage dropoff allowed"", ""Hair dryer"", ""Coffee maker"", ""Portable heater"", ""Carbon monoxide alarm"", ""Keypad"", ""Room-darkening shades"", ""Iron"", ""Toaster"", ""EV charger - level 1"", ""Hangers"", ""Dining table"", ""Fire pit"", ""Wine glasses"", ""Dishes and silverware"", ""Smoke alarm"", ""Self check-in"", ""Bathtub"", ""Cooking basics"", ""Shampoo"", ""Bed linens"", ""Kitchen"", ""Clothing storage: walk-in closet, closet, and dresser"", ""Long term stays allowed"", ""Private entrance"", ""Freezer"", ""Wifi"", ""Central heating"", ""Body soap""]",$89.00,2,31,2,2,31,31,2.0,31.0,,t,0,0,4,4,2025-06-17,123,28,2,4,16,168,14952.0,2016-06-20,2025-06-06,4.8,4.87,4.85,4.95,4.93,4.82,4.79,HSR23-002486,f,1,1,0,0,1.12
183,589056,https://www.airbnb.com/rooms/589056,20250617032927,2025-06-17,city scrape,Home near Hollywood Walk of Fame,Beautiful House in the Heart of Hollywood. It's near Hollywood Walk of Fame & other tourist attractions,"It's a block to Sunset Blvd and few blocks to Hollywood Walk of Fame, Dolby Theater (where they held the Oscar Awards), El Capital Theater & other tourist attractions. Universal Studios is a short drive. ",https://a0.muscache.com/pictures/9a358bcd-3709-4cc6-bf96-03a1202c535c.jpg,2904967,https://www.airbnb.com/users/show/2904967,Frankie,2012-07-11,"Los Angeles, CA","I'm a real estate broker- owner of Premiere Real Estate Group in Los Angeles, California. You will love the location & the house. I live in this area for 20 years. I know what most renters wants. I want them to feel at home. I often travel to Europe, Asia, South & North America. I know what the traveler's wants. You will enjoy the house and the location",,,,f,https://a0.muscache.com/im/users/2904967/profile_pic/1396108968/original.jpg?aki_policy=profile_small,https://a0.muscache.com/im/users/2904967/profile_pic/1396108968/original.jpg?aki_policy=profile_x_medium,Hollywood,1.0,2.0,['phone'],t,t,Neighborhood highlights,Hollywood,City of Los Angeles,34.09517,-118.34399,Entire home,Entire home/apt,4,2.0,2 baths,2.0,3.0,"[""Extra pillows and blankets"", ""Host greets you"", ""Refrigerator"", ""Essentials"", ""Free parking on premises"", ""Dishwasher"", ""Washer"", ""Ceiling fan"", ""TV with Roku, Netflix"", ""Microwave"", ""Backyard"", ""Cleaning products"", ""Coffee maker"", ""Hair dryer"", ""Heating"", ""Central air conditioning"", ""GE stainless steel gas stove"", ""Wine glasses"", ""Dishes and silverware"", ""Smoke alarm"", ""Dryer"", ""Kitchen"", ""Blender"", ""Wifi""]",$312.00,30,120,30,30,120,120,30.0,120.0,,t,1,1,7,282,2025-06-17,9,0,0,115,0,0,0.0,2013-02-18,2023-08-24,5.0,5.0,4.89,5.0,5.0,5.0,4.89,,f,1,1,0,0,0.06
184,590936,https://www.airbnb.com/rooms/590936,20250617032927,2025-06-17,previous scrape,Loft for sublet Downtown LA,,,https://a0.muscache.com/pictures/5ca4ce10-a288-4439-a07c-266107fb4ed2.jpg,2915924,https://www.airbnb.com/users/show/2915924,Petr,2012-07-12,"Los Angeles, CA",Cinematographer who is traveling a lot and is looking for guests to enjoy this great loft.,within a day,100%,83%,t,https://a0.muscache.com/im/users/2915924/profile_pic/1342111278/original.jpg?aki_policy=profile_small,https://a0.muscache.com/im/users/2915924/profile_pic/1342111278/original.jpg?aki_policy=profile_x_medium,Lincoln Heights,2.0,3.0,"['email', 'phone']",t,t,,Lincoln Heights,City of Los Angeles,34.07754623867473,-118.22110261402388,Entire loft,Entire home/apt,2,,1 bath,1.0,,"[""TV"", ""Heating"", ""Dishes and silverware"", ""Gym"", ""Washer"", ""Shampoo"", ""Carbon monoxide alarm"", ""Coffee maker"", ""Free street parking"", ""Air conditioning"", ""Kitchen"", ""Essentials"", ""Hangers"", ""Hot water"", ""Wifi"", ""Elevator"", ""Hair dryer"", ""Smoke alarm""]",,30,180,30,30,180,180,30.0,180.0,,t,0,0,0,0,2025-06-17,55,0,0,0,0,0,,2014-10-30,2021-07-03,4.85,4.87,4.67,4.96,4.95,4.53,4.76,HSR20-000690,f,1,1,0,0,0.42
185,590957,https://www.airbnb.com/rooms/590957,20250617032927,2025-06-17,city scrape,Bird's Nest Redondo Beach,"Your bedroom is comfortable with a queen bed and a beautifully tiled bathroom for yourselves. If you have an extra person, please ask me. I can provide an extra mattress.  The backyard is shaded by a jacaranda tree with a spectacular view of Palos Verdes and the area. I am  15-20 minutes from the airport, a convenient destination when arriving at LAX, 5 minutes from Redondo Beach Pier, Hermosa Beach Pier, the ocean, walk street full of restaurants and gift shops. Freeway and shopping are nearby.","Our neighborhood is friendly and clean.  We know our neighbors, and they are great and helpful. There is plenty of free street parking.",https://a0.muscache.com/pictures/airflow/Hosting-590957/original/44aa7de4-d9b3-4710-a683-0dcb3ec54326.jpg,2897611,https://www.airbnb.com/users/show/2897611,Laurie,2012-07-10,"Redondo Beach, CA",I am from Hermosa Beach CA.  I am a retired teacher. I worked in Los Angeles.  I surf and dance hula. I paddle outrigger canoe at the canoe club at King Harbor. I greatly enjoy hosting Airbnb guests.  My guests feel at home and when I have time I have taken them to stand up paddle or to the beach.  I love to be out of doors and enjoying the California sunshine and ocean.,within an hour,100%,100%,t,https://a0.muscache.com/im/pictures/user/User/original/2ed29175-9e5b-4104-9990-7737ab6d7b56.jpeg?aki_policy=profile_small,https://a0.muscache.com/im/pictures/user/User/original/2ed29175-9e5b-4104-9990-7737ab6d7b56.jpeg?aki_policy=profile_x_medium,Redondo Beach,4.0,4.0,"['email', 'phone']",t,t,Neighborhood highlights,Redondo Beach,Other Cities,33.8634,-118.37026,Private room in home,Private room,2,1.0,1 private bath,0.0,1.0,"[""Extra pillows and blankets"", ""Exercise equipment: free weights, yoga mat"", ""Coffee"", ""BBQ grill: gas"", ""Refrigerator"", ""Free street parking"", ""Baking sheet"", ""First aid kit"", ""Shared patio or balcony"", ""Outdoor furniture"", ""Clothing storage: closet and dresser"", ""Free parking on premises"", ""Dishwasher"", ""Books and reading material"", ""Exterior security cameras on property"", ""Free washer \u2013 In unit"", ""Outdoor shower"", ""Pets allowed"", ""Hot water kettle"", ""Ceiling fan"", ""Fire extinguisher"", ""Free dryer \u2013 In unit"", ""Bikes"", ""Hot water"", ""Laundromat nearby"", ""Cleaning products"", ""Luggage dropoff allowed"", ""Hair dryer"", ""Coffee maker"", ""Shower gel"", ""Carbon monoxide alarm"", ""Shared beach access"", ""Room-darkening shades"", ""Iron"", ""Toaster"", ""Private backyard"", ""Children\u2019s dinnerware"", ""Outdoor dining area"", ""Barbecue utensils"", ""Hangers"", ""Dining table"", ""Garden view"", ""Pack \u2019n play/Travel crib - always at the listing"", ""High chair"", ""Dishes and silverware"", ""Smoke alarm"", ""O\u2019Keefe & Merritt  single oven"", ""Wine glasses"", ""Fire pit"", ""Baby bath"", ""Dedicated workspace"", ""Cooking basics"", ""Breakfast"", ""Shampoo"", ""Gas stove"", ""Self check-in"", ""Beach essentials"", ""Bed linens"", ""Kitchen"", ""Conditioner"", ""Children\u2019s books and toys for ages 0-2 years old, 2-5 years old, and 5-10 years old"", ""Blender"", ""Long term stays allowed"", ""Babysitter recommendations"", ""Freezer"", ""Wifi"", ""Lockbox"", ""Central heating"", ""Body soap""]",$89.00,1,1125,1,1,1125,1125,1.0,1125.0,,t,4,10,30,196,2025-06-17,433,55,6,125,56,255,22695.0,2013-08-19,2025-06-02,4.93,4.96,4.95,4.94,4.96,4.88,4.9,,f,2,1,1,0,3.01
186,591831,https://www.airbnb.com/rooms/591831,20250617032927,2025-06-18,city scrape,Historic Craftsman-Downtown Views,"Welcome to this lovely Craftsman home built in 1906 and located in Historic Lincoln Heights, the oldest neighborhood in Los Angeles.","Our Location is excellent.  Lincoln Heights is urban, hip, and vibrant. Shopping, restaurants, metro, are all within walking distance.  Broadway is bustling with activity and is the heart and soul of our neighborhood. With Downtown immediately to the south, there is always a spectacular skyline view.  You are a block away from the best shrimp taco in Los Angeles. Try Los Reyes natural fruit ice cream just down the block. Wow! Diversity is the secret sauce of the very special vibe here.",https://a0.muscache.com/pictures/miso/Hosting-591831/original/b9bf4a98-6934-4d16-bc29-629df37e4339.jpeg,2824760,https://www.airbnb.com/users/show/2824760,Teresa,2012-07-04,"Los Angeles, CA","I grew up in Oklahoma and Texas and I love my cowgirl roots.  I also love the Los Angeles area and all that it offers. LA is incredible, with so many interesting and wonderful places, and I love to share what I know with my guests.   

I like friendly, generous, warm, smart, real, funny and bold.  I dislike aloof, selfish, indifferent, dull, fake, tragic and wimpy.  I’m also not crazy about water chestnuts, fruit cake, heavy tomato sauces or baby corn.

It is my hope that my guests feel genuinely welcome and enjoy our property and neighborhood.  We have just been added to the National Register of Historic Places!  Please come and stay in our National Landmark property when you are in LA.",within an hour,100%,100%,f,https://a0.muscache.com/im/pictures/user/8909b2fe-802a-4491-998a-5656e8da5d38.jpg?aki_policy=profile_small,https://a0.muscache.com/im/pictures/user/8909b2fe-802a-4491-998a-5656e8da5d38.jpg?aki_policy=profile_x_medium,Lincoln Heights,6.0,8.0,"['email', 'phone', 'work_email']",t,t,Neighborhood highlights,Lincoln Heights,City of Los Angeles,34.07808,-118.20739,Private room in home,Private room,1,1.5,1.5 shared baths,1.0,0.0,"[""Refrigerator"", ""Shared patio or balcony"", ""Outdoor furniture"", ""Free parking on premises"", ""Free washer \u2013 In building"", ""City skyline view"", ""Private backyard \u2013 Fully fenced"", ""Coffee maker"", ""Heating"", ""Carbon monoxide alarm"", ""Central air conditioning"", ""Indoor fireplace: wood-burning"", ""Iron"", ""Outdoor dining area"", ""Free dryer \u2013 In building"", ""TV with standard cable"", ""Dishes and silverware"", ""Smoke alarm"", ""Dedicated workspace"", ""Cooking basics"", ""Kitchen"", ""Board games"", ""Wifi""]",$95.00,30,1125,30,30,1125,1125,30.0,1125.0,,t,11,41,71,346,2025-06-18,48,1,0,178,1,60,5700.0,2012-08-06,2025-05-17,4.81,4.85,4.88,4.94,4.85,4.33,4.85,,f,6,2,4,0,0.31
187,593043,https://www.airbnb.com/rooms/593043,20250617032927,2025-06-17,city scrape,Great Family Home with Pool,"FAMILY HOME WITH POOL 1 MILE FROM BEACH<br />My place is close to Santa Monica Beach, Venice Beach, Downtown Santa Monica, Santa Monica Promenade, Abbot Kinney Blvd. You’ll love my place because of the location, the neighborhood, and the outdoors space. My place is good for families (with kids).",,https://a0.muscache.com/pictures/bb59440c-bec6-43e5-bfb4-9329e803d917.jpg,2927706,https://www.airbnb.com/users/show/2927706,Shirley,2012-07-13,"Los Angeles, CA",,,,100%,f,https://a0.muscache.com/im/pictures/user/e10eaeec-787c-4dd3-9518-2fbd4f728072.jpg?aki_policy=profile_small,https://a0.muscache.com/im/pictures/user/e10eaeec-787c-4dd3-9518-2fbd4f728072.jpg?aki_policy=profile_x_medium,Santa Monica,1.0,1.0,"['email', 'phone']",t,t,,Santa Monica,Other Cities,34.00816,-118.46601,Entire home,Entire home/apt,6,3.0,3 baths,4.0,4.0,"[""Stove"", ""Extra pillows and blankets"", ""Host greets you"", ""Free street parking"", ""Refrigerator"", ""Essentials"", ""Dishwasher"", ""Private pool"", ""BBQ grill"", ""Air conditioning"", ""Outlet covers"", ""Fire extinguisher"", ""Microwave"", ""Backyard"", ""Oven"", ""Hot water"", ""Hair dryer"", ""Coffee maker"", ""Heating"", ""Carbon monoxide alarm"", ""Room-darkening shades"", ""Iron"", ""Private entrance"", ""Private patio or balcony"", ""Hangers"", ""Indoor fireplace"", ""TV with standard cable"", ""Dishes and silverware"", ""Smoke alarm"", ""Bathtub"", ""Cooking basics"", ""Single level home"", ""Beach essentials"", ""Bed linens"", ""Kitchen"", ""Babysitter recommendations"", ""Wifi""]",$500.00,3,15,3,3,15,15,3.0,15.0,,t,0,0,0,181,2025-06-17,6,1,0,14,1,6,3000.0,2017-06-29,2024-12-26,5.0,5.0,4.83,5.0,5.0,4.8,4.8,223523,f,1,1,0,0,0.06
188,594777,https://www.airbnb.com/rooms/594777,20250617032927,2025-06-17,city scrape,LA 2-Bedroom Apt. with Location!,"Newly remodeled 2 bedroom apartment is comfortable, roomy and located off LA's artsy Downtown core and near USC’s Keck Medical Center. Spacious and private, this LA two bedroom apartment with private outdoor patio area includes everything except the groceries. <br />Please note that the flooring, furniture, and bathrooms have been upgraded since these photos were taken. The twin beds in one bedroom have been upgraded to a new queen size bed. New photos will be coming soon!","Diversity is the secret sauce of the very special vibe here. With Downtown LA immediately to the south, there is always a spectacular skyline view. The apartment is less than a block of the best chilaquiles in Los Angeles.  Close to Keck Medical, Downtown LA & the Arts District, Pasadena, Silverlake and Highland Park with restaurants, bars, and all that urban Los Angeles offers.  Not far from Universal Studios and beach cities.",https://a0.muscache.com/pictures/hosting/Hosting-U3RheVN1cHBseUxpc3Rpbmc6NTk0Nzc3/original/ba4ed7de-acbb-4840-b1fd-c203ff27e91b.jpeg,2824760,https://www.airbnb.com/users/show/2824760,Teresa,2012-07-04,"Los Angeles, CA","I grew up in Oklahoma and Texas and I love my cowgirl roots.  I also love the Los Angeles area and all that it offers. LA is incredible, with so many interesting and wonderful places, and I love to share what I know with my guests.   

I like friendly, generous, warm, smart, real, funny and bold.  I dislike aloof, selfish, indifferent, dull, fake, tragic and wimpy.  I’m also not crazy about water chestnuts, fruit cake, heavy tomato sauces or baby corn.

It is my hope that my guests feel genuinely welcome and enjoy our property and neighborhood.  We have just been added to the National Register of Historic Places!  Please come and stay in our National Landmark property when you are in LA.",within an hour,100%,100%,f,https://a0.muscache.com/im/pictures/user/8909b2fe-802a-4491-998a-5656e8da5d38.jpg?aki_policy=profile_small,https://a0.muscache.com/im/pictures/user/8909b2fe-802a-4491-998a-5656e8da5d38.jpg?aki_policy=profile_x_medium,Lincoln Heights,6.0,8.0,"['email', 'phone', 'work_email']",t,t,Neighborhood highlights,Lincoln Heights,City of Los Angeles,34.07645,-118.20635,Entire rental unit,Entire home/apt,4,1.5,1.5 baths,2.0,2.0,"[""Extra pillows and blankets"", ""Free street parking"", ""First aid kit"", ""Essentials"", ""Clothing storage: closet and dresser"", ""Outdoor furniture"", ""Dishwasher"", ""Books and reading material"", ""Free washer \u2013 In unit"", ""BBQ grill"", ""City skyline view"", ""Hot water kettle"", ""Private backyard \u2013 Fully fenced"", ""Fire extinguisher"", ""Microwave"", ""Free dryer \u2013 In unit"", ""Pack \u2019n play/Travel crib"", ""Oven"", ""Hot water"", ""Cleaning products"", ""Hair dryer"", ""Coffee maker"", ""Heating"", ""Carbon monoxide alarm"", ""Cleaning available during stay"", ""Central air conditioning"", ""Room-darkening shades"", ""Iron"", ""Toaster"", ""Full Size Newer Refrigerator refrigerator"", ""Free driveway parking on premises \u2013 1 space"", ""Outdoor dining area"", ""Private patio or balcony"", ""Hangers"", ""Dining table"", ""Garden view"", ""Wine glasses"", ""Dishes and silverware"", ""Smoke alarm"", ""Self check-in"", ""Dedicated workspace"", ""Bathtub"", ""Cooking basics"", ""Shampoo"", ""Whirlpool stainless steel gas stove"", ""HDTV with Hulu, Amazon Prime Video, Netflix, Chromecast"", ""Bed linens"", ""Kitchen"", ""Conditioner"", ""Long term stays allowed"", ""Smart lock"", ""Private entrance"", ""Freezer"", ""Wifi"", ""Body soap""]",$253.00,30,365,30,30,1125,1125,30.0,1125.0,,t,0,0,0,167,2025-06-17,115,3,0,0,3,180,45540.0,2012-08-27,2025-01-11,4.71,4.75,4.71,4.9,4.85,4.42,4.68,,t,6,2,4,0,0.74
189,598240,https://www.airbnb.com/rooms/598240,20250617032927,2025-06-18,city scrape,Beautiful Beach Condo w Pool !!!!! 2 blks 2 Beach,Our Beautiful Beach Condo is located 2 blks<br />from the Beach and 6 blks to the Hermosa Pier.<br />Have everything at your fingertips from one of<br />the Worlds most Beautiful Beaches !<br /> Walking distance to fabulous restaurants and unique shops !<br />**Please note City of Hermosa only allows 30 day rentals,Hermosa Beach is one of the Worlds Most<br />Beautiful Beaches. Land of Bikinis and Volleyball! <br /> Come to Hermosa and u will fall in love w this beach community!,https://a0.muscache.com/pictures/5bd55200-68cf-454a-b7ac-ffd8cd6b6b3e.jpg,746983,https://www.airbnb.com/users/show/746983,Mary,2011-06-26,"Hermosa Beach, CA","I am very easy going and enjoy people and life. I enjoy all sports especially
snowboarding. I have traveled alot and been to some amazing places.",within an hour,100%,75%,f,https://a0.muscache.com/im/users/746983/profile_pic/1353277808/original.jpg?aki_policy=profile_small,https://a0.muscache.com/im/users/746983/profile_pic/1353277808/original.jpg?aki_policy=profile_x_medium,Hermosa Beach,2.0,4.0,"['email', 'phone']",t,t,Neighborhood highlights,Hermosa Beach,Other Cities,33.85675,-118.39704,Entire condo,Entire home/apt,6,2.0,2 baths,2.0,4.0,"[""Stove"", ""Extra pillows and blankets"", ""Refrigerator"", ""First aid kit"", ""Shared hot tub"", ""Essentials"", ""Outdoor furniture"", ""Free parking on premises"", ""Dishwasher"", ""Pets allowed"", ""Washer"", ""Microwave"", ""Oven"", ""Patio or balcony"", ""Hot water"", ""Luggage dropoff allowed"", ""Hair dryer"", ""Coffee maker"", ""Heating"", ""Carbon monoxide alarm"", ""Keypad"", ""Iron"", ""Outdoor dining area"", ""Hangers"", ""65 inch HDTV with Amazon Prime Video, Hulu, Netflix, premium cable, standard cable"", ""Indoor fireplace"", ""Dishes and silverware"", ""Smoke alarm"", ""Breakfast"", ""Self check-in"", ""Dedicated workspace"", ""Cooking basics"", ""Single level home"", ""Shampoo"", ""Shared pool"", ""Dryer"", ""Beach essentials"", ""Bed linens"", ""Kitchen"", ""Long term stays allowed"", ""Private entrance"", ""Wifi""]",$331.00,28,1125,1,28,1125,1125,27.9,1125.0,,t,3,22,37,174,2025-06-18,25,0,0,37,0,0,0.0,2015-02-07,2023-11-01,4.88,4.96,4.76,4.88,4.96,4.92,4.84,,f,2,1,1,0,0.2
190,604321,https://www.airbnb.com/rooms/604321,20250617032927,2025-06-18,city scrape,Home Away from Home,"Our place is a safe, spacious and comfortable 2 bedrooms condo that gives you a cozy feel.  It comfortably fits 4 people and is centrally located to Downtown LA, Pasadena, Monterey Park. Walking distance to Restaurants, Theater, Shopping, Golfing & more.. it’s equipped with the basics amenities to enjoy your stay.","The condo is located in Alhambra city which is centrally located to all the touristic cities. 15 mins from downtown LA. 35mins to Disneyland . 20 mins to Universal Studios. <br />The complex is a gated community. Its very safe, spacious, quiet, peaceful and comfortable. It's walking distance to supermarkets, Restaurants, Bars, Movie Theater, Shopping area and more..  You can also visit the parks in the area and take in a game of golf at Almansor Park.  The historical San Gabriel Mission is near by.  You can also enjoy the local Farmers Market every Sunday.",https://a0.muscache.com/pictures/hosting/Hosting-604321/original/5fff2eb2-9b2c-4e10-990e-d5fda1589e1a.jpeg,2916726,https://www.airbnb.com/users/show/2916726,Pixie E,2012-07-12,"Los Angeles, CA","We live in Los Angeles and we love traveling, concerts, the beach, reading and a lot of outdoor activities.",within an hour,100%,100%,t,https://a0.muscache.com/im/pictures/user/User/original/4686a7cc-5f3d-4e41-a614-3525d383ad3e.jpeg?aki_policy=profile_small,https://a0.muscache.com/im/pictures/user/User/original/4686a7cc-5f3d-4e41-a614-3525d383ad3e.jpeg?aki_policy=profile_x_medium,Alhambra,1.0,1.0,"['email', 'phone']",t,t,Neighborhood highlights,Alhambra,Other Cities,34.09372,-118.118,Entire condo,Entire home/apt,4,1.5,1.5 baths,2.0,2.0,"[""Extra pillows and blankets"", ""46 inch HDTV with Netflix, Apple TV, Amazon Prime Video"", ""Refrigerator"", ""Baking sheet"", ""Shared patio or balcony"", ""Essentials"", ""Clothing storage: closet and dresser"", ""Free carport on premises \u2013 2 spaces"", ""Wifi"", ""Dishwasher"", ""LG gas stove"", ""Hot water kettle"", ""Microwave"", ""Oven"", ""Hot water"", ""Laundromat nearby"", ""Cleaning products"", ""Paid dryer \u2013 In building"", ""Pack \u2019n play/Travel crib - available upon request"", ""Hair dryer"", ""Coffee maker"", ""Shower gel"", ""Carbon monoxide alarm"", ""Cleaning available during stay"", ""Central air conditioning"", ""Room-darkening shades"", ""Iron"", ""Toaster"", ""Paid washer \u2013 In building"", ""Hangers"", ""Dining table"", ""Wine glasses"", ""Dishes and silverware"", ""Smoke alarm"", ""Dedicated workspace"", ""Bathtub"", ""Cooking basics"", ""Shampoo"", ""Children\u2019s books and toys for ages 2-5 years old"", ""Bed linens"", ""Kitchen"", ""Long term stays allowed"", ""Blender"", ""Freezer"", ""Mosquito net"", ""Central heating""]",$120.00,15,1125,7,15,1125,1125,14.7,1125.0,,t,26,36,64,338,2025-06-18,84,2,0,171,2,60,7200.0,2014-03-18,2025-04-20,4.63,4.72,4.55,4.6,4.73,4.83,4.66,,f,1,1,0,0,0.61
191,611542,https://www.airbnb.com/rooms/611542,20250617032927,2025-06-18,city scrape,Special Discount on Gorgeous Home! Piano & Hot Tub,"Feel inspired by the magical peace of Laurel Canyon in this spacious Mediterranean home in the middle of the city! Wind down with a soothing Jacuzzi or piano music after a tasty meal prepared in the large, well-equipped kitchen. With Hollywood and Beverly Hills just outside the door, this spacious and airy home with comfortable new beds pops with colorful art and tranquil energy.<br />A perfect refuge after a day of sightseeing, or enjoy just a much needed time for relaxation.","The house is nestled in a wonderful, quiet neighborhood just a few miles off the Sunset Strip. The scent of jasmine and eucalyptus fills the air, along with the sound of happy chirping birds and the occasional music being created by the Canyonites.",https://a0.muscache.com/pictures/e0dabd6b-814a-4107-96ba-c112a834b43a.jpg,3032775,https://www.airbnb.com/users/show/3032775,Wendy,2012-07-23,"Los Angeles, CA","I am a singer/performer/songwriter/actor /musician and my husband Rik is a musician, songwriter and singer. We both love people, all the arts, nature, and travel. ",within an hour,100%,100%,f,https://a0.muscache.com/im/users/3032775/profile_pic/1391756394/original.jpg?aki_policy=profile_small,https://a0.muscache.com/im/users/3032775/profile_pic/1391756394/original.jpg?aki_policy=profile_x_medium,Laurel Canyon,4.0,4.0,"['email', 'phone', 'work_email']",t,t,Neighborhood highlights,Hollywood Hills West,City of Los Angeles,34.11037,-118.38294,Entire home,Entire home/apt,4,2.5,2.5 baths,2.0,2.0,"[""Stove"", ""Extra pillows and blankets"", ""Host greets you"", ""Free street parking"", ""Refrigerator"", ""Baking sheet"", ""First aid kit"", ""Essentials"", ""Outdoor furniture"", ""Free parking on premises"", ""Dishwasher"", ""Exterior security cameras on property"", ""BBQ grill"", ""TV with standard cable, DVD player, Netflix"", ""Washer"", ""Hot water kettle"", ""Private hot tub"", ""Air conditioning"", ""Ceiling fan"", ""Fire extinguisher"", ""Microwave"", ""Backyard"", ""Oven"", ""Patio or balcony"", ""Hot water"", ""Luggage dropoff allowed"", ""Mountain view"", ""Sound system"", ""Hair dryer"", ""Shower gel"", ""Clothing storage"", ""Heating"", ""Coffee maker: espresso machine"", ""Carbon monoxide alarm"", ""Room-darkening shades"", ""Iron"", ""Toaster"", ""Barbecue utensils"", ""Hangers"", ""Indoor fireplace"", ""Dining table"", ""Fireplace guards"", ""Wine glasses"", ""Dishes and silverware"", ""Smoke alarm"", ""Breakfast"", ""Dedicated workspace"", ""Bathtub"", ""Cooking basics"", ""Shampoo"", ""Dryer"", ""Bed linens"", ""Kitchen"", ""Conditioner"", ""Blender"", ""Freezer"", ""Wifi"", ""Body soap""]",$280.00,4,28,4,4,28,28,4.0,28.0,,t,0,2,19,147,2025-06-18,29,1,1,75,1,8,2240.0,2012-11-12,2025-06-09,4.76,4.91,4.86,4.9,5.0,4.9,4.81,HSR25-000342,f,1,1,0,0,0.19
192,40667,https://www.airbnb.com/rooms/40667,20250617032927,2025-06-17,city scrape,Nice room for a nice price,,,https://a0.muscache.com/pictures/70033015/cb7f0f8a_original.jpg,175264,https://www.airbnb.com/users/show/175264,Michael,2010-07-20,"Los Angeles, CA","I am a British DJ and photographer working in Los Angeles. 

I have a large apt with an extra room I don't always use. So I like to rent it out to visitors from out of town. It gives people the opportunity to visit  LA w a nice place to stay, at a good price... and I get to meet new people. so it's a win-win situation. 

I look forward to welcoming you to LA.",,,100%,f,https://a0.muscache.com/im/users/175264/profile_pic/1281385302/original.jpg?aki_policy=profile_small,https://a0.muscache.com/im/users/175264/profile_pic/1281385302/original.jpg?aki_policy=profile_x_medium,South Robertson,1.0,3.0,"['email', 'phone']",t,f,,Mid-City,City of Los Angeles,34.03926,-118.38017,Private room in rental unit,Private room,2,1.5,1.5 shared baths,1.0,2.0,"[""Host greets you"", ""Free street parking"", ""Refrigerator"", ""First aid kit"", ""Essentials"", ""Paid parking on premises"", ""TV"", ""Pets allowed"", ""Fire extinguisher"", ""Microwave"", ""Hot water"", ""Hair dryer"", ""Heating"", ""Carbon monoxide alarm"", ""Iron"", ""Hangers"", ""Smoke alarm"", ""Dedicated workspace"", ""Bathtub"", ""Shampoo"", ""Shared pool"", ""Kitchen"", ""Wifi""]",$53.00,30,180,30,30,180,180,30.0,180.0,,t,30,60,90,365,2025-06-17,11,0,0,198,0,0,0.0,2011-07-20,2018-08-24,4.3,3.82,3.73,4.82,4.64,4.36,4.45,,f,1,0,1,0,0.06
193,43318,https://www.airbnb.com/rooms/43318,20250617032927,2025-06-17,city scrape,#212 Arts District / Little Tokyo Private Room,"Room 212 is the best value in most exciting part of DTLA!  Walk to Arts District, Little Tokyo, Gold Line.  Near public transport, great restaurants & shopping. Private rooms with shared bath and kitchen cleaned daily.  Friendly international vibe!<br /><br />Interested guests must be fully verified with clear profile photo.  Message host with full name, age, detailed reason for visit, employer, university affiliation, and confirmation that you have read full description and reviews of unit.","Little Tokyo is the most vibrant area of downtown Los Angeles, with authentic Japanese eateries, markets, and stores.  Don't miss Sushi Gen for sushi or Daikokuya for ramen.  The Arts District is nearby as well, with plenty of cafes, art galleries, and street art to view, as well as some of the best restaurants in LA.  Favorites include Bestia and Manuela, and Salt & Straw for ice cream.",https://a0.muscache.com/pictures/hosting/Hosting-U3RheVN1cHBseUxpc3Rpbmc6NDMzMTg%3D/original/95b10737-65d8-451a-81a8-e2b5e595d25d.png,57161,https://www.airbnb.com/users/show/57161,Jefferson,2009-11-24,"Los Angeles, CA",Love to travel and eat!,within an hour,100%,82%,f,https://a0.muscache.com/im/users/57161/profile_pic/1293652186/original.jpg?aki_policy=profile_small,https://a0.muscache.com/im/users/57161/profile_pic/1293652186/original.jpg?aki_policy=profile_x_medium,Arts District,36.0,62.0,"['email', 'phone']",t,t,Neighborhood highlights,Downtown,City of Los Angeles,34.04828,-118.23605,Room in boutique hotel,Private room,2,11.0,11 shared baths,1.0,1.0,"[""Stove"", ""Free street parking"", ""Refrigerator"", ""First aid kit"", ""Paid parking off premises"", ""Essentials"", ""Exterior security cameras on property"", ""Washer"", ""City skyline view"", ""Fire extinguisher"", ""Microwave"", ""Oven"", ""Hot water"", ""Hair dryer"", ""Coffee maker"", ""Heating"", ""Carbon monoxide alarm"", ""Iron"", ""Hangers"", ""Dishes and silverware"", ""Smoke alarm"", ""Self check-in"", ""Dedicated workspace"", ""Cooking basics"", ""Shampoo"", ""Dryer"", ""Bed linens"", ""Kitchen"", ""Long term stays allowed"", ""Wifi"", ""Lockbox""]",$51.00,2,28,1,2,28,28,2.0,28.0,,,22,52,82,357,2025-06-17,146,20,1,190,21,120,6120.0,2010-09-22,2025-05-25,4.46,4.61,4.29,4.75,4.78,4.75,4.58,Exempt - This listing is a transient occupancy residential structure,f,35,2,33,0,0.81
194,44509,https://www.airbnb.com/rooms/44509,20250617032927,2025-06-18,city scrape,Perfect Bedroom in Nice House with lovely pets!,"Stay with a social anthropologist and her two roommates and guests in a friendly Van Nuys home at the end of the quiet cul-de-sac.  Meet my friendly dog Apollo and my one year old kitties Simba and Sheila. Enjoy a delicious breakfast, try my glorious outdoor shower and soak in my wonderful backyard hot tub.","My house is at the end of a quiet cul-de-sac in a friendly Van Nuys neighbhood.  Nearby are wonderful and inexpensive markets and restaurants featuring food from Mexico, El Salvador, China, Japan, Africa, Thailand, Armenia and Viet Nam.",https://a0.muscache.com/pictures/d5cd5a4c-9c89-4122-a4c6-2ec8f9b409fc.jpg,195656,https://www.airbnb.com/users/show/195656,Leanna,2010-08-08,"Los Angeles, CA","I'm a well-travelled anthropologist who hosts a variety of salons and groups in my home. I am a pro-DEI, pro-LGBTQI feminist, and in no way aligned with Joe Gebbia who left Airbnb in 2022 and has chose to be part of DOGE. Currently, I am  researching a book on the social history of kissing. My book, ""177 Lovers and Counting: My Life as a Sex Researcher,"" was published in 2024 by Rowman and Littlefield/Bloomsbury.",within a few hours,100%,94%,f,https://a0.muscache.com/im/pictures/user/8c851d59-afbc-480f-9fdf-9ec2b8e23a3f.jpg?aki_policy=profile_small,https://a0.muscache.com/im/pictures/user/8c851d59-afbc-480f-9fdf-9ec2b8e23a3f.jpg?aki_policy=profile_x_medium,Van Nuys,2.0,4.0,"['email', 'phone', 'work_email']",t,t,Neighborhood highlights,Van Nuys,City of Los Angeles,34.1982,-118.4589,Private room in home,Private room,2,1.5,1.5 shared baths,1.0,1.0,"[""Stove"", ""Trader Joes shampoo"", ""Extra pillows and blankets"", ""Coffee"", ""Free street parking"", ""Baking sheet"", ""First aid kit"", ""Shared hot tub"", ""Shared patio or balcony"", ""Essentials"", ""Outdoor furniture"", ""Magic Chef refrigerator"", ""Dishwasher"", ""Free washer \u2013 In building"", ""Books and reading material"", ""Outdoor shower"", ""Bidet"", ""Kirkland body soap"", ""Hot water kettle"", ""Coffee maker: french press, Keurig coffee machine"", ""Private backyard \u2013 Fully fenced"", ""Fire extinguisher"", ""Window AC unit"", ""Portable fans"", ""Free dryer \u2013 In unit"", ""Microwave"", ""Mini fridge"", ""Bikes"", ""Hot water"", ""Laundromat nearby"", ""Cleaning products"", ""Free driveway parking on premises \u2013 4 spaces"", ""Luggage dropoff allowed"", ""Hair dryer"", ""Shower gel"", ""Portable heater"", ""Carbon monoxide alarm"", ""Central air conditioning"", ""Iron"", ""Toaster"", ""Outdoor dining area"", ""Hangers"", ""Dining table"", ""Garden view"", ""Fire pit"", ""Wine glasses"", ""Dishes and silverware"", ""Smoke alarm"", ""Breakfast"", ""Self check-in"", ""43 inch TV with Hulu, Netflix"", ""Bathtub"", ""Dedicated workspace"", ""Cooking basics"", ""Frigidaire stainless steel double oven"", ""Single level home"", ""Clothing storage: closet"", ""Lock on bedroom door"", ""Bed linens"", ""Kitchen"", ""Conditioner"", ""Long term stays allowed"", ""Blender"", ""Sun loungers"", ""Fast wifi \u2013 346 Mbps"", ""EV charger - level 2, tesla only"", ""Freezer"", ""Lockbox"", ""Rice maker"", ""Central heating""]",$54.00,2,45,2,2,45,45,2.0,45.0,,t,3,5,34,34,2025-06-18,84,6,1,34,0,36,1944.0,2010-08-23,2025-06-17,4.39,4.51,3.72,4.82,4.79,4.44,4.47,HSR19-001548,f,2,0,2,0,0.47
195,438464,https://www.airbnb.com/rooms/438464,20250617032927,2025-06-17,city scrape,"Hacienda Hideaway + Mountain View, Creek & Trails","The Hacienda is a cozy apartment with large windows to catch the lovely mountain views. It's located on 13 acres of idyllic landscape, nestled in the Topanga mountains with a babbling creek down below. Additionally, there are lovely private trails on the property for you to explore stunning canyon scenes. We're a short distance from public hikes, nature reserves and Topanga town, only 2 minutes down the road.","The world famous Inn of the Seventh Ray is just down the street, with fine dining next to a flowing stream.  They have a wonderful Sunday brunch.<br /><br />************************************************************************<br />Recommended Local Attractions:<br /><br />Restaurants just a few minutes drive:<br />Mimosa Café – local coffee and pastry – Topanga hangout<br />Waterlily Café -  sandwiches and espresso<br />Froggy’s Fish Market  - great Topanga atmosphere indoors and outdoors, wide assortment of food. Unfortunately only open infrequently on weekends.<br />Abuelitas – Mexican food, local bands.<br />Inn of the Seventh Ray – gourmet new age brunch – pricey but lovely outdoor creek-side dining.<br />Canyon Bistro – gourmet French California cuisine<br />Rocco’s Italian – good pizza takeout or sit down restaurant<br /><br />A few miles north on Topanga Canyon Blvd:<br />Topanga Table  -  breakfast and lunch - eat outside with your dog at your table!<br />Topanga Living Caf",https://a0.muscache.com/pictures/b67659b8-ae59-4fb6-88ae-e5a4702bd367.jpg,592405,https://www.airbnb.com/users/show/592405,David Scott,2011-05-16,"Topanga Canyon, CA","Founder of this lovely paradise in the mountains.   Enjoys working with essential oils that we create right here on the land.   Scientist, Futurist, Dad",within an hour,99%,99%,t,https://a0.muscache.com/im/users/592405/profile_pic/1355959277/original.jpg?aki_policy=profile_small,https://a0.muscache.com/im/users/592405/profile_pic/1355959277/original.jpg?aki_policy=profile_x_medium,Topanga,7.0,14.0,"['email', 'phone']",t,t,Neighborhood highlights,Topanga,Unincorporated Areas,34.09782,-118.61694,Entire home,Entire home/apt,2,1.0,1 bath,1.0,1.0,"[""Extra pillows and blankets"", ""Coffee"", ""Refrigerator"", ""Essentials"", ""Free parking on premises"", ""Pets allowed"", ""Hot water kettle"", ""Portable fans"", ""Microwave"", ""Backyard"", ""Kitchenette"", ""Hot water"", ""Coffee maker"", ""Heating"", ""Toaster"", ""Hangers"", ""Dining table"", ""Wine glasses"", ""Dishes and silverware"", ""Cooking basics"", ""Clothing storage: closet"", ""Bed linens"", ""Private entrance"", ""Freezer"", ""Wifi""]",$97.00,1,28,1,1,28,1125,1.0,1107.0,,t,17,44,73,346,2025-06-17,940,62,3,179,70,255,24735.0,2013-03-11,2025-06-02,4.67,4.71,4.58,4.88,4.86,4.87,4.63,,t,7,7,0,0,6.29
196,440820,https://www.airbnb.com/rooms/440820,20250617032927,2025-06-18,city scrape,Dee's BnB Chateau #2-Long Term-Private Room,Guests booking this room MUST have 2 or more positive Airbnb host reviews or stays.<br /><br />This home welcomes 30-day or more guests who need short-term housing.,"My place is located in a very safe, quiet and family friendly residential neighborhood that is monitored by a very active homeowner association.  Many seniors take daily evening or early morning walks throughout the streets of the $1 million dollar homes throughout the neighborhood.  Lots of dog walkers every evening so much that the association must monitor the scoop laws.  <br /><br />Within walking distance there is a large shopping center with quaint boutiques, restaurants, a Subway & Starbucks as well as a large grocery and drug store. Most major U.S. Banks are located in this shopping center as well as major cell phone carriers. Across the street is another large shopping center with more ethnic restaurants, personal services and a large 99 cents store.<br /><br />My place is close to the LA Marina shopping area, Loyola University, Otis College, Santa Monica College, LA Clippers and downtown sites with easy access to I-405 and I-10 freeways.",https://a0.muscache.com/pictures/5090675/a0eb6a13_original.jpg,2190204,https://www.airbnb.com/users/show/2190204,Dee,2012-04-21,"Los Angeles, CA","I love to entertain and host guests in my home.  I am a retired school teacher who loves to golf. 
If you are a working artist, or have an LAX lay-over, or involved in a temporary work assignment or university internship in the LA area, or simply want to be sure you are staying in a safe and secure neighborhood, my home is the place to stay, rest, be safe and not feel alone.",within a few hours,100%,99%,t,https://a0.muscache.com/im/pictures/user/User/original/a436ac5f-762b-4e01-b7bf-50ac063bc3f9.jpeg?aki_policy=profile_small,https://a0.muscache.com/im/pictures/user/User/original/a436ac5f-762b-4e01-b7bf-50ac063bc3f9.jpeg?aki_policy=profile_x_medium,,3.0,6.0,"['email', 'phone']",t,t,Neighborhood highlights,Ladera Heights,Unincorporated Areas,33.98111753672138,-118.37638871879048,Private room in condo,Private room,2,2.0,2 baths,1.0,1.0,"[""Stove"", ""Extra pillows and blankets"", ""Host greets you"", ""Coffee"", ""Free street parking"", ""Refrigerator"", ""First aid kit"", ""Shared patio or balcony"", ""Essentials"", ""Outdoor furniture"", ""Dishwasher"", ""Exterior security cameras on property"", ""BBQ grill"", ""Washer"", ""Hot water kettle"", ""Fire extinguisher"", ""Portable fans"", ""Microwave"", ""Oven"", ""Hot water"", ""Laundromat nearby"", ""Luggage dropoff allowed"", ""Hair dryer"", ""Coffee maker"", ""Shower gel"", ""Heating"", ""Carbon monoxide alarm"", ""Piano"", ""Room-darkening shades"", ""Iron"", ""Toaster"", ""Outdoor dining area"", ""Barbecue utensils"", ""Hangers"", ""Indoor fireplace"", ""Dining table"", ""TV with standard cable"", ""Wine glasses"", ""Dishes and silverware"", ""Smoke alarm"", ""Dedicated workspace"", ""Bathtub"", ""Cooking basics"", ""Shampoo"", ""Shared pool"", ""Dryer"", ""Lock on bedroom door"", ""Single level home"", ""Bed linens"", ""Kitchen"", ""Conditioner"", ""Long term stays allowed"", ""Blender"", ""Sun loungers"", ""Freezer"", ""Wifi"", ""Body soap""]",$67.00,30,120,30,30,120,120,30.0,120.0,,t,30,60,89,89,2025-06-18,24,0,0,89,0,0,0.0,2013-08-05,2019-06-13,4.71,4.79,4.79,4.78,4.83,4.65,4.7,,f,3,0,3,0,0.17
197,441166,https://www.airbnb.com/rooms/441166,20250617032927,2025-06-18,city scrape,Home steps to the water-Beautiful large suite,"This bedroom suite is large, with its own bathroom and work space. It is private, clean, airy, and decorated nicely. Use of lg. living room and back yard cooking and dining.","The area is safe, friendly and beautiful.",https://a0.muscache.com/pictures/airflow/Hosting-441166/original/32b03a17-89fb-43d3-823e-f20a02193b0b.jpg,2192205,https://www.airbnb.com/users/show/2192205,Lucy,2012-04-21,"Long Beach, CA","I am fun, happy and energetic lady who loves people and travel. I am blessed with many things, one being a very nice home in a very safe nice area. I love to entertain and am interested in people in general. I like cinema, theater and going out to dinners. The area where I live offers me all the things that I love doing",within a day,100%,100%,f,https://a0.muscache.com/im/users/2192205/profile_pic/1335054912/original.jpg?aki_policy=profile_small,https://a0.muscache.com/im/users/2192205/profile_pic/1335054912/original.jpg?aki_policy=profile_x_medium,Long Beach,2.0,2.0,"['email', 'phone']",t,t,Neighborhood highlights,Long Beach,Other Cities,33.76478,-118.13349,Private room in home,Private room,2,1.0,1 private bath,1.0,1.0,"[""Exercise equipment: treadmill"", ""Stove"", ""Extra pillows and blankets"", ""Host greets you"", ""Coffee"", ""Free street parking"", ""Baking sheet"", ""First aid kit"", ""Shared patio or balcony"", ""Essentials"", ""Outdoor playground"", ""Children\u2019s bikes"", ""Outdoor furniture"", ""Private living room"", ""Dishwasher"", ""Drying rack for clothing"", ""Exterior security cameras on property"", ""Free washer \u2013 In unit"", ""Ethernet connection"", ""Children's playroom"", ""BBQ grill"", ""Hot water kettle"", ""Ceiling fan"", ""Fire extinguisher"", ""Children\u2019s books and toys"", ""Microwave"", ""Free dryer \u2013 In unit"", ""Mini fridge"", ""Backyard"", ""Changing table"", ""Hot water"", ""Laundromat nearby"", ""Luggage dropoff allowed"", ""Hair dryer"", ""Shower gel"", ""Clothing storage: walk-in closet and closet"", ""Heating"", ""Worldpool refrigerator"", ""Coffee maker: espresso machine"", ""Carbon monoxide alarm"", ""Central air conditioning"", ""Iron"", ""Toaster"", ""Private entrance"", ""Outdoor dining area"", ""Barbecue utensils"", ""Hangers"", ""Indoor fireplace"", ""Dining table"", ""TV with standard cable"", ""Wine glasses"", ""Dishes and silverware"", ""Smoke alarm"", ""Dedicated workspace"", ""Bathtub"", ""Cooking basics"", ""Shampoo"", ""Lock on bedroom door"", ""Single oven"", ""Bed linens"", ""Kitchen"", ""Conditioner"", ""Baby monitor"", ""Blender"", ""Long term stays allowed"", ""Board games"", ""Freezer"", ""Wifi"", ""Bread maker"", ""Body soap""]",$113.00,31,1125,31,31,1125,1125,31.0,1125.0,,t,30,60,90,365,2025-06-18,14,0,0,197,0,0,0.0,2012-06-13,2021-08-06,5.0,4.93,4.71,5.0,4.93,4.85,4.86,,f,2,0,2,0,0.09
198,446566,https://www.airbnb.com/rooms/446566,20250617032927,2025-06-17,previous scrape,"Central Hollywood apt,great space!","Clean, spacious apartment located in center of everything.  Walking distance to sights, shopping, transportation etc! Come make yourself at home! Everything is nearby and easy to get to-with or without a car. Welcome to Hollywood!","It is very easy to get around, with or without a car! Not a joke the walk score here is insane! Everything is here.",https://a0.muscache.com/pictures/49557492/7ff5eacf_original.jpg,1589110,https://www.airbnb.com/users/show/1589110,Anne,2012-01-10,"Los Angeles, CA","Currently Work in Music Management.
Vegan. Travel. Good Times.
Name is Tara Anne, not sure why it shows as only Anne :)",,,,f,https://a0.muscache.com/im/users/1589110/profile_pic/1341948283/original.jpg?aki_policy=profile_small,https://a0.muscache.com/im/users/1589110/profile_pic/1341948283/original.jpg?aki_policy=profile_x_medium,Hollywood,1.0,4.0,"['email', 'phone']",t,t,Neighborhood highlights,Hollywood,City of Los Angeles,34.09557,-118.34064,Private room in rental unit,Private room,1,,1.5 baths,,,"[""Free street parking"", ""First aid kit"", ""Essentials"", ""Washer"", ""Air conditioning"", ""Fire extinguisher"", ""Microwave"", ""Hot water"", ""Luggage dropoff allowed"", ""Hair dryer"", ""Heating"", ""Carbon monoxide alarm"", ""Iron"", ""Hangers"", ""TV with standard cable"", ""Elevator"", ""Smoke alarm"", ""Self check-in"", ""Cooking basics"", ""Shampoo"", ""Shared pool"", ""Dryer"", ""Kitchen"", ""Long term stays allowed"", ""Wifi"", ""Lockbox""]",,30,90,30,30,90,90,30.0,90.0,,t,0,0,0,0,2025-06-17,23,0,0,0,0,0,,2012-10-29,2019-11-14,4.87,4.74,4.35,4.87,4.87,4.91,4.78,,f,1,0,1,0,0.15
199,446757,https://www.airbnb.com/rooms/446757,20250617032927,2025-06-17,city scrape,Hollywood Retreat-Balcony+City View,"Central to all attractions, this spacious 2-bedroom fully equipped apartment with big balcony & view, offers complimentary wifi, parking, 32-inch sat hdtv, towels/linens/bathroom amenities, laundry facilities, BBQ in lush leafy backyard.<br />PLEASE NOTE: we also offer stays of less than one month. Please inquire.","This cozy 4-plex is a great vacation rental, and offers the best option for your leisure and business trips, due to its central location to all the major studios, with comfort and convenience offered at the fraction of hotel rates. <br /><br />It is within easy walking distance to shops, local transportation and all the main Hollywood attractions, including the Walk of Fame, Pantages Theatre, The Chinese Mann, Universal Studios (2 metro stops away), the Egyptian, El Capitain-(home of Disney premieres), The Dolby Theatre (home of the Oscars) the Hollywood Bowl, and much much more. <br />The metro station is located just one block away giving you quick access to Universal Studios, historic downtown Pasadena and California beaches.<br />Unlimited cafes, trendy restaurants, bars and night clubs are also just around the corner and along Sunset Boulevard, including Katsuya, Dillon's, Electric Margherita, and Hotel Cafe..<br />You can just walk a couple blocks and choose from a row of guided ",https://a0.muscache.com/pictures/5199127/5e96646a_original.jpg,1343997,https://www.airbnb.com/users/show/1343997,Anahita,2011-10-27,"Los Angeles, CA","Since I have traveled extensively, I know from a customer/guest point of view, what  necessary and convenient features are required in a property and make the difference for memorable stay.  This means offering all the  comforts of a home with the convenience of a hotel.  You'll only need to bring your suitcase, and leave the rest to us.   A full-time Manager is available to address any questions or concerns during your stay.  
We pass you on the savings from running it ourselves, with professionalism and care.
The easy key-less check-in/check-out feature gives you added flexibility, and avoids having to worry about coordinating key exchanges.  All 5 units are meant to make you feel comfortable and at home.  Enjoy your stay!

Cheers,
Ana
",within an hour,100%,100%,f,https://a0.muscache.com/im/users/1343997/profile_pic/1400758987/original.jpg?aki_policy=profile_small,https://a0.muscache.com/im/users/1343997/profile_pic/1400758987/original.jpg?aki_policy=profile_x_medium,Hollywood,7.0,8.0,"['email', 'phone']",t,t,Neighborhood highlights,Hollywood,City of Los Angeles,34.10336,-118.32366,Entire rental unit,Entire home/apt,6,1.0,1 bath,2.0,5.0,"[""Stove"", ""Extra pillows and blankets"", ""Refrigerator"", ""First aid kit"", ""Essentials"", ""Free parking on premises"", ""BBQ grill"", ""Washer"", ""Air conditioning"", ""Fire extinguisher"", ""Crib"", ""Microwave"", ""Backyard"", ""Oven"", ""Hot water"", ""Hair dryer"", ""Coffee maker"", ""Heating"", ""Carbon monoxide alarm"", ""Keypad"", ""Iron"", ""Private patio or balcony"", ""Hangers"", ""TV with standard cable"", ""Dishes and silverware"", ""Smoke alarm"", ""Self check-in"", ""Dedicated workspace"", ""Bathtub"", ""Cooking basics"", ""Shampoo"", ""Dryer"", ""Bed linens"", ""Kitchen"", ""Private entrance"", ""Wifi""]",$195.00,30,180,30,30,1125,1125,30.0,1125.0,,t,30,60,90,365,2025-06-17,41,0,0,198,0,0,0.0,2015-05-07,2021-04-03,4.59,4.61,4.56,4.9,4.83,4.88,4.6,Exempt - This listing is a transient occupancy residential structure,f,5,5,0,0,0.33
200,460731,https://www.airbnb.com/rooms/460731,20250617032927,2025-06-18,city scrape,LARGE Clean Manhattan Beach Casita 6 Blocks 2 Sand,"We host a hip & trendy,  clean, VERY LARGE 1 bedroom house in amazing Manhattan Beach.  1500 sq ft w/ separate office, TV Room, Livingroom & dining area & fireplace, a jet tub, professional cooking range.  Furnished w/all great living amenities.  Hip beach house feel;  clean & quiet.  West of Sepulveda near sand dune park, 6 block walk to sand & ocean,  1 mile to retail & Manhattan Beach Pier. 10 minutes to freeways and airport.   Prefer 1 person & priced that way, will fit 1 couple- Queen bed.","Manhattan  Beach aka Silicone Beach neighborhood.  3 blocks walking to coffee, pubs, restaurants, gym, yoga.  6 blocks walking to sand and surf.  1.1 mile to Manhattan Beach Pier.  8-12 minutes to LAX airport.  8-14 minutes to all major freeways.  All major shopping within 2 miles.",https://a0.muscache.com/pictures/ca3d3c6d-1dfc-4ab6-bd9c-0ccfd8dc7043.jpg,2157197,https://www.airbnb.com/users/show/2157197,Neva,2012-04-17,"Manhattan Beach, CA","We are exotic fruit farmers, our main crop is Dragonfruit.   We love to travel and do so extensively.  If I am not on the farm or in Hawaii you can probably find me on the bike or in our Airstream camper with our cool Persian cat 8Ball.    Our goal as hosts is to give to give guests a clean and appropriately furnished temporary home without being an over bearing host.  We love hosting people who understand that AirBnB is not a corporate hotel situation- but rather there are faces behind the hosting team who genuinely care about the experiences we give our guests.    If you are our guest and need something, call, we will help you any way we can.  Even though we may not get to meet you, we do care and want you to have a great experience.   Come stay with us, we welcome you with open arms!  Aloha!

",within an hour,100%,97%,f,https://a0.muscache.com/im/pictures/user/94274ac8-688c-4696-af38-c365b1ffadb8.jpg?aki_policy=profile_small,https://a0.muscache.com/im/pictures/user/94274ac8-688c-4696-af38-c365b1ffadb8.jpg?aki_policy=profile_x_medium,Kailua/Kona,2.0,5.0,"['email', 'phone']",t,t,Neighborhood highlights,Manhattan Beach,Other Cities,33.90045,-118.40868,Entire home,Entire home/apt,1,1.0,1 bath,1.0,1.0,"[""Host greets you"", ""Free street parking"", ""Refrigerator"", ""Essentials"", ""Outdoor furniture"", ""Indoor fireplace: gas, wood-burning"", ""Free washer \u2013 In building"", ""Exterior security cameras on property"", ""BBQ grill"", ""Pets allowed"", ""Fire extinguisher"", ""Backyard"", ""Patio or balcony"", ""Hot water"", ""Hair dryer"", ""Coffee maker"", ""Heating"", ""Carbon monoxide alarm"", ""Iron"", ""Outdoor dining area"", ""TV with premium cable, DVD player"", ""Hangers"", ""Dishes and silverware"", ""Smoke alarm"", ""Dedicated workspace"", ""Cooking basics"", ""Shampoo"", ""Dryer \u2013 In building"", ""Kitchen"", ""Wifi""]",$170.00,75,360,31,31,360,360,31.0,360.0,,t,0,0,15,194,2025-06-18,19,0,0,122,1,0,0.0,2015-07-27,2024-03-20,4.89,4.95,4.95,5.0,5.0,4.95,4.74,,f,1,1,0,0,0.16
499,1256361,https://www.airbnb.com/rooms/1256361,20250617032927,2025-06-18,city scrape,Large hillside studio in Echo Park,"Renovated in 2013, large (800 sqf) studio apartment with den on a quiet hillside street, walking distance north of Sunset.  Enjoy the large porches, full kitchen, W/D, backyard shaded by trees and fast WiFi.  Easy access to everything.","The Echo Park neighborhood is one of the oldest in Los Angeles, just a few miles from the Pueblo of Los Angeles, the birthplace of the city.  LA Weekly voted Echo Park ""The Greatest Neighborhood in Los Angeles"" out of LA's 87 neighborhoods.  Our getaway, situated in Elysian Heights (the hilly area north of Sunset Blvd in Echo Park), is the perfect location for taking advantage of the city.  It is walking distance to Elysian Park, Dodger Stadium, Sunset Blvd and the newly reopened Echo Park Lake.  On the other side of the hill from Silver Lake, it's a stone's throw away from Chinatown, a short bike ride away from Downtown, Little Tokyo, Los Feliz and Hollywood.  It is surrounded by four major freeways: (PHONE NUMBER HIDDEN), and  2. That makes for a quick jaunt to the Arclight in Hollywood, The Americana in Glendale, all the major studios or USC, as well as Koreatown, Burbank, Pasadena, Highland Park, Eagle Rock, Angeles Crest and Angeles National Forest.  Santa Monica and the beach is ",https://a0.muscache.com/pictures/miso/Hosting-1256361/original/94c70b75-0caa-4c25-8982-33aa36a4c2de.jpeg,6658533,https://www.airbnb.com/users/show/6658533,Aaron & Luciana,2013-05-30,"Los Angeles, CA","A heartfelt thank you to all of our guests over the past 6 years who helped us achieve SUPERHOST  status!!!!!  

Thank you!

We've been all over the world and we travel frequently, but our hearts are in LA.  We love great food, so it's the perfect city as there is always a new food truck or café to check out.

As hosts we'll give you the short list on the great things to do, see, and eat in Echo Park/ Silverlake as well as the greater LA area.  Some are off the beaten path like finding the hidden stairs in Elysian Heights and some are as mainstream as catching a Dodgers game (walking distance from our places!)

We hope you enjoy your stay as much as we love hosting!
-Aaron and Luciana",,,,f,https://a0.muscache.com/im/pictures/user/a3057a50-4c1b-44bc-8463-f01e663f869a.jpg?aki_policy=profile_small,https://a0.muscache.com/im/pictures/user/a3057a50-4c1b-44bc-8463-f01e663f869a.jpg?aki_policy=profile_x_medium,Echo Park,2.0,2.0,"['email', 'phone']",t,t,Neighborhood highlights,Echo Park,City of Los Angeles,34.08593,-118.2506,Entire loft,Entire home/apt,3,1.0,1 bath,1.0,2.0,"[""Free street parking"", ""Refrigerator"", ""First aid kit"", ""Shared patio or balcony"", ""Essentials"", ""Outdoor furniture"", ""Free parking on premises"", ""Dishwasher"", ""Books and reading material"", ""Exterior security cameras on property"", ""Free washer \u2013 In unit"", ""City skyline view"", ""Fire extinguisher"", ""Microwave"", ""Free dryer \u2013 In unit"", ""HDTV with standard cable"", ""Pack \u2019n play/Travel crib"", ""Oven"", ""Hot water"", ""Hair dryer"", ""Heating"", ""Iron"", ""Outdoor dining area"", ""Hangers"", ""Fire pit"", ""Shared backyard \u2013 Fully fenced"", ""Dishes and silverware"", ""Smoke alarm"", ""Self check-in"", ""Dedicated workspace"", ""Cooking basics"", ""Shampoo"", ""Gas stove"", ""Coffee maker: pour-over coffee"", ""AC - split type ductless system"", ""Kitchen"", ""Smart lock"", ""Private entrance"", ""Wifi""]",$157.00,30,90,30,30,90,90,30.0,90.0,,t,0,0,0,67,2025-06-18,256,0,0,0,0,0,0.0,2013-08-05,2022-10-30,4.83,4.85,4.87,4.91,4.88,4.79,4.85,HSR19-356687,f,2,2,0,0,1.77
500,1257025,https://www.airbnb.com/rooms/1257025,20250617032927,2025-06-17,city scrape,Beach side heart of santa monica/P,Since the coronavirus we’re taking extra care to disinfect frequently touched surfaces between reservations.<br />If you have any questions pls more than welcome to contact the host for guests.  The host lives on site and will be present throughout the visitor's stay. The home share may not be booked or rented by more than two groups of visitors for any given date.,,https://a0.muscache.com/pictures/20437296/a652695d_original.jpg,6471245,https://www.airbnb.com/users/show/6471245,Peizhi,2013-05-19,"Santa Monica, CA","I am Love life and work hard. Love make new friends. Love travel. I love to stay nice and safe place. Plus if I can find great price go with great location that will be amazing. That is why I know how much the beach hotel can charge you. Why don't you stay your Santa Monica vacation home? We are here for you. 
License No. 217645",within an hour,100%,100%,t,https://a0.muscache.com/im/pictures/user/cf27e8f3-d692-49bf-be30-455b2929b939.jpg?aki_policy=profile_small,https://a0.muscache.com/im/pictures/user/cf27e8f3-d692-49bf-be30-455b2929b939.jpg?aki_policy=profile_x_medium,Santa Monica,1.0,3.0,"['email', 'phone']",t,t,,Santa Monica,Other Cities,34.02251,-118.50066,Private room in rental unit,Private room,1,1.0,1 private bath,1.0,1.0,"[""Stove"", ""Extra pillows and blankets"", ""Host greets you"", ""Coffee"", ""Free street parking"", ""Refrigerator"", ""First aid kit"", ""Essentials"", ""Air conditioning"", ""Fire extinguisher"", ""Portable fans"", ""Microwave"", ""Mini fridge"", ""Oven"", ""Patio or balcony"", ""Hot water"", ""Luggage dropoff allowed"", ""Cleaning products"", ""Hair dryer"", ""Coffee maker"", ""Shower gel"", ""Heating"", ""Iron"", ""Hangers"", ""Dining table"", ""TV with standard cable"", ""Wine glasses"", ""Dishes and silverware"", ""Smoke alarm"", ""Cooking basics"", ""Shampoo"", ""Lock on bedroom door"", ""Bed linens"", ""Kitchen"", ""Conditioner"", ""Wifi"", ""Body soap""]",$83.00,1,27,1,1,1125,1125,1.0,1125.0,,t,8,17,30,302,2025-06-17,912,54,3,135,59,255,21165.0,2013-07-08,2025-06-02,4.66,4.75,4.75,4.8,4.77,4.95,4.68,217645,f,1,0,1,0,6.27
605,1042282,https://www.airbnb.com/rooms/1042282,20250617032927,2025-06-18,city scrape,Beautiful Family Garden House,"Discounted for longer term stays<br />(available  June 28th- approval within the hour)<br /><br />A perfect home away from home for families. <br />Beautiful, quiet, safe tree lined neighborhood.<br />1920s Spanish Andalusian style house. <br />Walking distance from Walden school, Lake Ave shops, restaurants. <br />Hardwood floors throughout. <br />Updated: Toaster, microwave, French press coffee maker, and fully stocked renovated kitchen, cozy beds, a garden back yard, stylish bathroom with shower and bath.",,https://a0.muscache.com/pictures/hosting/Hosting-U3RheVN1cHBseUxpc3Rpbmc6MTA0MjI4Mg%3D%3D/original/09140910-181f-48f5-8b42-44ac9a2c94f8.jpeg,1180786,https://www.airbnb.com/users/show/1180786,Catia,2011-09-19,"Los Angeles, CA","Hello!  I'm an illustrator!  I'm responsible, clean, friendly and considerate.",within an hour,100%,90%,t,https://a0.muscache.com/im/pictures/user/64f96b7e-c6a6-4f7f-af85-e85b3a978499.jpg?aki_policy=profile_small,https://a0.muscache.com/im/pictures/user/64f96b7e-c6a6-4f7f-af85-e85b3a978499.jpg?aki_policy=profile_x_medium,Pasadena,2.0,2.0,['phone'],t,t,,Pasadena,Other Cities,34.14327,-118.10633,Entire home,Entire home/apt,3,1.0,1 bath,2.0,2.0,"[""Extra pillows and blankets"", ""Refrigerator"", ""Baking sheet"", ""Essentials"", ""Outdoor furniture"", ""Free parking on premises"", ""Stainless steel stove"", ""Dishwasher"", ""Books and reading material"", ""Children's playroom"", ""Outdoor shower"", ""Pets allowed"", ""Washer"", ""Hot water kettle"", ""Private backyard \u2013 Fully fenced"", ""Children\u2019s books and toys for ages 5-10 years old"", ""Air conditioning"", ""Fire extinguisher"", ""Hot water"", ""Hair dryer"", ""Shower gel"", ""Heating"", ""Carbon monoxide alarm"", ""Keypad"", ""Trash compactor"", ""Room-darkening shades"", ""Private entrance"", ""Outdoor dining area"", ""Dining table"", ""Dishes and silverware"", ""Smoke alarm"", ""Self check-in"", ""Bathtub"", ""Cooking basics"", ""Shampoo"", ""Single level home"", ""Dryer"", ""Stainless steel oven"", ""Bed linens"", ""Kitchen"", ""Conditioner"", ""Blender"", ""Board games"", ""Freezer"", ""Wifi"", ""Clothing storage: dresser"", ""Body soap""]",$450.00,14,360,14,14,360,360,14.0,360.0,,t,20,50,80,355,2025-06-18,4,2,1,187,0,56,25200.0,2013-09-13,2025-06-07,5.0,5.0,4.5,5.0,5.0,5.0,5.0,,f,2,2,0,0,0.03
1500,4121396,https://www.airbnb.com/rooms/4121396,20250617032927,2025-06-17,previous scrape,Perfect 2BR pad!!! Steps from sand!,"A spacious 2 bedroom (with parking included) that is fine-tuned for a perfect stay.  In the very heart of Venice and only steps to the beach and boardwalk!  Lots of creative people, art, & great restaurants<br /><br />Come spend some time in the sun with us!","Everything that Classic Venice has to offer is within a short walk:<br /><br />(Time estimates based on average foot speed of a healthy adult)<br />- Venice Boardwalk - .5 minutes<br />- Venice Beach Sand - 1 minutes [5 houses away]<br />- Main Venice Lifeguard Tower - 2 minutes<br />- Cafe and Deli [best coffee in town] - 2 minutes <br />- Venice Blvd Art Galleries - 2 minutes<br />- World-Famous Nightlife - 2 minutes<br />- Late Night Eats - 2 minutes<br />- Venice Farmers' Market - 3 minutes<br />- Venice Breakwater [surfing] - 5 minutes<br />- Abbot Kinney Blvd. [shops, restaurants, etc] - 10 minutes",https://a0.muscache.com/pictures/51809389/12a06824_original.jpg,17942313,https://www.airbnb.com/users/show/17942313,Spencer,2014-07-10,"Los Angeles, CA",I love exploring and discovering new places. ,,,,f,https://a0.muscache.com/im/users/17942313/profile_pic/1427261010/original.jpg?aki_policy=profile_small,https://a0.muscache.com/im/users/17942313/profile_pic/1427261010/original.jpg?aki_policy=profile_x_medium,,1.0,1.0,"['email', 'phone']",t,f,Neighborhood highlights,Venice,City of Los Angeles,33.98329,-118.46897,Entire rental unit,Entire home/apt,5,,1 bath,2.0,,"[""Heating"", ""Washer"", ""Shampoo"", ""Dryer"", ""Fire extinguisher"", ""Kitchen"", ""Essentials"", ""Free parking on premises"", ""Wifi"", ""TV with standard cable"", ""Smoke alarm""]",,30,99,30,30,99,99,30.0,99.0,,,0,0,0,0,2025-06-17,25,0,0,0,0,0,,2014-10-13,2016-08-15,4.48,4.38,4.46,4.88,4.67,4.88,4.38,,f,1,1,0,0,0.19
8000,24806579,https://www.airbnb.com/rooms/24806579,20250617032927,2025-06-17,previous scrape,Reseda private bedroom and bathroom,"This is a private bedroom with attached private bathroom. Entrance is through the back of the house.  There is also a walk in closet with lots of space. <br />No access to the rest of the house. So this is ideal for someone who doesn't need to cook or use the kitchen. No microwave, no fridge. And no treadmill shown in the picture. Very quiet and spacious room. no AC, but will provide a fan upon request. I provide clean bed sheets, towels, shampoo and a kettle for hot water.",,https://a0.muscache.com/pictures/cb51c333-a04b-4228-ad97-5d9d50d8dbea.jpg,27772889,https://www.airbnb.com/users/show/27772889,Sarah,2015-02-15,"Los Angeles, CA",,,,,f,https://a0.muscache.com/im/users/27772889/profile_pic/1424004373/original.jpg?aki_policy=profile_small,https://a0.muscache.com/im/users/27772889/profile_pic/1424004373/original.jpg?aki_policy=profile_x_medium,Reseda,1.0,1.0,"['email', 'phone']",t,t,,Reseda,City of Los Angeles,34.20342,-118.55862,Private room in home,Private room,1,,1 private bath,1.0,,"[""Smoking allowed"", ""Essentials"", ""Free parking on premises"", ""Hangers"", ""Private entrance"", ""Wifi"", ""Hair dryer""]",,30,32,30,30,32,32,30.0,32.0,,,0,0,0,0,2025-06-17,15,0,0,0,0,0,,2018-05-09,2019-03-19,4.67,4.87,4.8,4.87,4.6,4.73,4.73,,f,1,0,1,0,0.17
15000,47962676,https://www.airbnb.com/rooms/47962676,20250617032927,2025-06-18,city scrape,Hollywood Hills treehouse vibe with private yard,"Private Hollywood Hills 2 bedroom home located walking distance to Universal Studios & red line metro station. Features: gas fireplace, vaulted ceilings & skylights <br />Hardwood floors, central air, Wi-FI, Cable, galley kitchen,stainless steel appliances. Yard:large fenced in yard has trees & private hot tub . 1 outdoor parallel tandem parking spot & laundry on site.<br />separate tenant unit on the property,shared laundry room.<br />NON SMOKING HOUSE","This is a nice neighborhood, walking distance to some bars and restaurants depending what will be open during your stay.<br />There is a Ralphs grocery store 5 min drive away",https://a0.muscache.com/pictures/af19b7f2-38b0-4a88-bfb2-eebde53d4888.jpg,4240522,https://www.airbnb.com/users/show/4240522,Kristen,2012-11-25,"Los Angeles, CA","I am originally from Michigan, lived in NYC for 12 years and have called LA home since 2006! I love hosting and would be happy to have you in my home and answer any questions you have about LA or staying here.",within a day,100%,98%,t,https://a0.muscache.com/im/pictures/user/b5b03d1f-9e91-464b-b20e-01ed1c00b089.jpg?aki_policy=profile_small,https://a0.muscache.com/im/pictures/user/b5b03d1f-9e91-464b-b20e-01ed1c00b089.jpg?aki_policy=profile_x_medium,Studio City,2.0,3.0,"['email', 'phone']",t,t,Neighborhood highlights,Studio City,City of Los Angeles,34.1346,-118.36135,Entire home,Entire home/apt,5,2.0,2 baths,2.0,2.0,"[""Stove"", ""Extra pillows and blankets"", ""Coffee"", ""Free street parking"", ""Baking sheet"", ""First aid kit"", ""Free washer"", ""Essentials"", ""Outdoor furniture"", ""Free parking on premises"", ""Dishwasher"", ""Exterior security cameras on property"", ""BBQ grill"", ""Whirlpool gold  refrigerator"", ""Pets allowed"", ""Hot water kettle"", ""Private backyard \u2013 Fully fenced"", ""55 inch HDTV with standard cable"", ""Private hot tub"", ""Fire extinguisher"", ""Portable fans"", ""Pack \u2019n play/Travel crib"", ""Microwave"", ""Oven"", ""Hot water"", ""Luggage dropoff allowed"", ""Cleaning products"", ""Mountain view"", ""Hair dryer"", ""Shower gel"", ""Carbon monoxide alarm"", ""Central air conditioning"", ""Room-darkening shades"", ""Iron"", ""Toaster"", ""Private entrance"", ""Outdoor dining area"", ""Barbecue utensils"", ""Hangers"", ""Private patio or balcony"", ""Indoor fireplace"", ""Garden view"", ""Fireplace guards"", ""Wine glasses"", ""Dishes and silverware"", ""Smoke alarm"", ""Dining table"", ""Self check-in"", ""Dedicated workspace"", ""Bathtub"", ""Cooking basics"", ""Shampoo"", ""Free dryer"", ""Bed linens"", ""Kitchen"", ""Long term stays allowed"", ""Smart lock"", ""Bose blue tooth speaker  Bluetooth sound system"", ""Sun loungers"", ""Board games"", ""Freezer"", ""Wifi"", ""Central heating"", ""Body soap""]",$221.00,3,1125,3,3,1125,1125,3.0,1125.0,,t,2,9,16,157,2025-06-18,270,68,6,91,67,255,56355.0,2021-02-15,2025-06-14,4.98,4.98,4.97,4.94,5.0,4.95,4.94,HSR21-000103,f,1,1,0,0,5.11
