,host_id,host_location,host_acceptance_rate,bathrooms,amenities,review_scores_value
125,76111,"Los Angeles, CA",,3.0,"[""Stove"", ""Extra pillows and blankets"", ""Host greets you"", ""Refrigerator"", ""First aid kit"", ""Essentials"", ""Free parking on premises"", ""Dishwasher"", ""Ethernet connection"", ""Washer"", ""Air conditioning"", ""Fire extinguisher"", ""Microwave"", ""Backyard"", ""Oven"", ""Patio or balcony"", ""Hot water"", ""Luggage dropoff allowed"", ""Hair dryer"", ""Coffee maker"", ""Heating"", ""Carbon monoxide alarm"", ""Iron"", ""Hangers"", ""Indoor fireplace"", ""TV with standard cable"", ""Dishes and silverware"", ""Smoke alarm"", ""Bathtub"", ""Cooking basics"", ""Shampoo"", ""Dryer"", ""Bed linens"", ""Kitchen"", ""Long term stays allowed"", ""Private entrance"", ""Wifi""]",4.64
252,3393312,"Los Angeles, CA",100%,1.0,"[""Free street parking"", ""Refrigerator"", ""First aid kit"", ""Shared patio or balcony"", ""Essentials"", ""Outdoor furniture"", ""Free parking on premises"", ""Private pool"", ""Exterior security cameras on property"", ""BBQ grill"", ""Washer"", ""Private backyard \u2013 Fully fenced"", ""Fire extinguisher"", ""Children\u2019s books and toys"", ""Microwave"", ""Free dryer \u2013 In unit"", ""Pack \u2019n play/Travel crib"", ""Hot water"", ""Luggage dropoff allowed"", ""Hair dryer"", ""Coffee maker"", ""Heating"", ""Carbon monoxide alarm"", ""Keypad"", ""Central air conditioning"", ""Iron"", ""Outdoor dining area"", ""Hangers"", ""Smoking allowed"", ""Dishes and silverware"", ""Smoke alarm"", ""Breakfast"", ""Self check-in"", ""Dedicated workspace"", ""Single level home"", ""Shampoo"", ""HDTV with Amazon Prime Video"", ""Wifi""]",4.91
300,2122283,"Los Angeles, CA",,1.0,"[""BBQ grill"", ""Heating"", ""Washer"", ""Dryer"", ""Air conditioning"", ""Kitchen"", ""Outdoor furniture"", ""Outdoor dining area"", ""Free parking on premises"", ""Wifi"", ""TV with standard cable""]",5.0
301,1678136,"São Paulo, Brazil",0%,4.0,"[""Heating"", ""Pets allowed"", ""Washer"", ""Shampoo"", ""Dryer"", ""Hot tub"", ""Air conditioning"", ""Fire extinguisher"", ""Kitchen"", ""Essentials"", ""Free parking on premises"", ""Wifi"", ""Indoor fireplace"", ""TV with standard cable"", ""Smoke alarm""]",4.43
302,309512,"Los Angeles, CA",95%,1.0,"[""Extra pillows and blankets"", ""Free street parking"", ""Refrigerator"", ""Essentials"", ""Outdoor furniture"", ""Free parking on premises"", ""Dishwasher"", ""Books and reading material"", ""Ethernet connection"", ""Bidet"", ""City skyline view"", ""Washer"", ""Hot water kettle"", ""Clothing storage: wardrobe and dresser"", ""Ceiling fan"", ""Fire extinguisher"", ""32 inch HDTV with Amazon Prime Video, Disney+, HBO Max, Hulu, Roku, DVD player"", ""Portable fans"", ""Microwave"", ""Patio or balcony"", ""Hot water"", ""Luggage dropoff allowed"", ""Cleaning products"", ""Mountain view"", ""Sound system"", ""Hair dryer"", ""Coffee maker"", ""Shower gel"", ""Heating"", ""Piano"", ""Park view"", ""Room-darkening shades"", ""Iron"", ""Toaster"", ""Outdoor dining area"", ""Barbecue utensils"", ""Hangers"", ""Dining table"", ""Garden view"", ""Dishes and silverware"", ""Dedicated workspace"", ""Cooking basics"", ""Shampoo"", ""Gas stove"", ""Dryer"", ""Double oven"", ""Bed linens"", ""AC - split type ductless system"", ""Kitchen"", ""Conditioner"", ""Blender"", ""Sun loungers"", ""Freezer"", ""Wifi"", ""Body soap""]",4.89
303,285079,"Los Angeles, CA",0%,2.0,"[""TV"", ""Heating"", ""BBQ grill"", ""Pets allowed"", ""Washer"", ""City skyline view"", ""Dryer"", ""Carbon monoxide alarm"", ""Fire extinguisher"", ""Kitchen"", ""Outdoor furniture"", ""Outdoor dining area"", ""Free parking on premises"", ""Wifi"", ""Indoor fireplace"", ""Garden view"", ""Mountain view"", ""Smoke alarm""]",5.0
304,210344,"Culver City, CA",93%,1.0,"[""Stove"", ""Extra pillows and blankets"", ""Coffee"", ""Free street parking"", ""Refrigerator"", ""Baking sheet"", ""Essentials"", ""Outdoor furniture"", ""Free parking on premises"", ""Exterior security cameras on property"", ""BBQ grill"", ""Hot tub"", ""Hot water kettle"", ""Air conditioning"", ""Crib"", ""Microwave"", ""Backyard"", ""Oven"", ""Patio or balcony"", ""Hot water"", ""Laundromat nearby"", ""Hammock"", ""Hair dryer"", ""Coffee maker"", ""Shower gel"", ""Heating"", ""Carbon monoxide alarm"", ""Cleaning available during stay"", ""Iron"", ""Toaster"", ""Outdoor dining area"", ""Hangers"", ""Fire pit"", ""Pack \u2019n play/Travel crib - always at the listing"", ""Wine glasses"", ""Dishes and silverware"", ""Smoke alarm"", ""Cooking basics"", ""Shampoo"", ""Clothing storage: closet"", ""Bed linens"", ""Kitchen"", ""Conditioner"", ""Long term stays allowed"", ""Blender"", ""TV with DVD player, Netflix, Amazon Prime Video, Apple TV, Hulu"", ""Wifi"", ""Body soap""]",4.86
305,25059292,"Los Angeles, CA",,,"[""Stove"", ""Refrigerator"", ""First aid kit"", ""Essentials"", ""TV"", ""Washer"", ""Fire extinguisher"", ""Oven"", ""Hot water"", ""Carbon monoxide alarm"", ""Iron"", ""Dishes and silverware"", ""Smoke alarm"", ""Bathtub"", ""Cooking basics"", ""Shampoo"", ""Single level home"", ""Dryer"", ""Kitchen"", ""Wifi""]",5.0
306,8585179,"Santa Monica, CA",,,"[""Heating"", ""Washer"", ""Carbon monoxide alarm"", ""Dryer"", ""Iron"", ""First aid kit"", ""Fire extinguisher"", ""Kitchen"", ""Hangers"", ""Wifi"", ""Hair dryer"", ""Smoke alarm""]",4.96
307,2734581,"Los Angeles, CA",0%,1.5,"[""Heating"", ""Washer"", ""Shampoo"", ""Dryer"", ""Carbon monoxide alarm"", ""Wifi"", ""Iron"", ""Air conditioning"", ""First aid kit"", ""Kitchen"", ""Essentials"", ""Hangers"", ""TV with standard cable"", ""Lockbox"", ""Hair dryer"", ""Smoke alarm"", ""Self check-in""]",4.76
308,2742282,"Hermosa Beach, CA",100%,3.5,"[""HDTV with Disney+, Roku, Netflix, Hulu, Amazon Prime Video, Apple TV, standard cable, HBO Max"", ""Pocket wifi"", ""Extra pillows and blankets"", ""Refrigerator"", ""First aid kit"", ""Paid parking off premises"", ""Beach view"", ""Essentials"", ""Outdoor playground"", ""Outdoor furniture"", ""Free parking on premises"", ""Paid parking on premises"", ""Exterior security cameras on property"", ""Paid resort access"", ""Free washer \u2013 In unit"", ""BBQ grill"", ""Housekeeping - available at extra cost"", ""Pets allowed"", ""City skyline view"", ""Hot water kettle"", ""Ceiling fan"", ""Fire extinguisher"", ""Portable fans"", ""Free dryer \u2013 In unit"", ""Microwave"", ""Mini fridge"", ""Waterfront"", ""Hot water"", ""Laundromat nearby"", ""Bikes"", ""Luggage dropoff allowed"", ""Hair dryer"", ""Sea view"", ""Clothing storage"", ""Heating"", ""Carbon monoxide alarm"", ""Indoor fireplace: wood-burning"", ""Toaster"", ""Private entrance"", ""Outdoor dining area"", ""Beach access \u2013 Beachfront"", ""Private patio or balcony"", ""Ocean view"", ""Dining table"", ""Fire pit"", ""Dishes and silverware"", ""Smoke alarm"", ""Stainless steel gas stove"", ""Self check-in"", ""Cooking basics"", ""Shampoo"", ""Beach essentials"", ""Bed linens"", ""Kitchen"", ""Coffee maker: drip coffee maker, Keurig coffee machine, pour-over coffee"", ""Long term stays allowed"", ""Sun loungers"", ""Fast wifi \u2013 163 Mbps"", ""Babysitter recommendations"", ""Lockbox"", ""Body soap""]",4.66
309,2761415,"Malibu, CA",99%,1.0,"[""Stove"", ""BBQ grill: gas"", ""Refrigerator"", ""Essentials"", ""Free washer \u2013 In unit"", ""TV"", ""Outdoor shower"", ""Air conditioning"", ""Fire extinguisher"", ""Microwave"", ""Free dryer \u2013 In unit"", ""Backyard"", ""Oven"", ""Waterfront"", ""Hot water"", ""Patio or balcony"", ""Cleaning products"", ""Luggage dropoff allowed"", ""Hair dryer"", ""Shower gel"", ""Heating"", ""Carbon monoxide alarm"", ""Room-darkening shades"", ""Iron"", ""Hangers"", ""Dishes and silverware"", ""Smoke alarm"", ""Self check-in"", ""Coffee maker: Keurig coffee machine"", ""Cooking basics"", ""Single level home"", ""Shampoo"", ""Beach essentials"", ""Bed linens"", ""Kitchen"", ""Free parking on premises \u2013 2 spaces"", ""Conditioner"", ""Long term stays allowed"", ""Private entrance"", ""Wifi"", ""Lockbox""]",4.85
310,2761415,"Malibu, CA",99%,1.0,"[""Stove"", ""Extra pillows and blankets"", ""Coffee"", ""Refrigerator"", ""Baking sheet"", ""First aid kit"", ""Essentials"", ""Outdoor furniture"", ""Free parking on premises"", ""BBQ grill"", ""Housekeeping - available at extra cost"", ""Outdoor shower"", ""Washer"", ""Air conditioning"", ""Fire extinguisher"", ""Microwave"", ""Backyard"", ""Oven"", ""Patio or balcony"", ""Hot water"", ""Luggage dropoff allowed"", ""Cleaning products"", ""Hammock"", ""Hair dryer"", ""Coffee maker"", ""Shower gel"", ""Heating"", ""Carbon monoxide alarm"", ""Room-darkening shades"", ""Iron"", ""Toaster"", ""Outdoor dining area"", ""Beach access \u2013 Beachfront"", ""Barbecue utensils"", ""Hangers"", ""Dining table"", ""Fire pit"", ""TV with standard cable"", ""Wine glasses"", ""Dishes and silverware"", ""Smoke alarm"", ""Self check-in"", ""Cooking basics"", ""Shampoo"", ""Dryer"", ""Beach essentials"", ""Bed linens"", ""Kitchen"", ""Conditioner"", ""Long term stays allowed"", ""Clothing storage: wardrobe"", ""Private entrance"", ""Freezer"", ""Wifi"", ""Lockbox"", ""Body soap""]",4.74
311,1568466,"California, United States",0%,1.0,"[""Extra pillows and blankets"", ""Free street parking"", ""Refrigerator"", ""Essentials"", ""Exterior security cameras on property"", ""Air conditioning"", ""Backyard"", ""Hot water"", ""Luggage dropoff allowed"", ""Hair dryer"", ""Heating"", ""Carbon monoxide alarm"", ""Keypad"", ""Hangers"", ""Smoking allowed"", ""TV with standard cable"", ""Dishes and silverware"", ""Smoke alarm"", ""Self check-in"", ""Bed linens"", ""Long term stays allowed"", ""Private entrance"", ""Wifi""]",4.47
312,2781593,"Los Angeles, CA",,,"[""Free street parking"", ""First aid kit"", ""Essentials"", ""Outdoor furniture"", ""Private pool"", ""Exterior security cameras on property"", ""BBQ grill"", ""Washer"", ""Private backyard \u2013 Fully fenced"", ""Air conditioning"", ""Fire extinguisher"", ""Children\u2019s books and toys"", ""Hot water"", ""Hair dryer"", ""Carbon monoxide alarm"", ""Iron"", ""Outdoor dining area"", ""Private patio or balcony"", ""Hangers"", ""Indoor fireplace"", ""Fire pit"", ""Smoke alarm"", ""Shampoo"", ""Dryer"", ""Kitchen"", ""Wifi""]",4.88
313,3492085,"West Hollywood, CA",0%,1.0,"[""Stove"", ""Extra pillows and blankets"", ""Exercise equipment: free weights, yoga mat"", ""Coffee"", ""Free street parking"", ""Refrigerator"", ""Baking sheet"", ""Essentials"", ""Clothing storage: closet and dresser"", ""Dishwasher"", ""Books and reading material"", ""Pets allowed"", ""Hot water kettle"", ""Private gym in building"", ""Air conditioning"", ""Microwave"", ""Oven"", ""Patio or balcony"", ""Hot water"", ""Cleaning products"", ""Paid dryer \u2013 In building"", ""Hair dryer"", ""Coffee maker"", ""Shower gel"", ""Heating"", ""Carbon monoxide alarm"", ""Iron"", ""Toaster"", ""Paid washer \u2013 In building"", ""Hangers"", ""Indoor fireplace"", ""Smoking allowed"", ""TV with standard cable"", ""Wine glasses"", ""Dishes and silverware"", ""Smoke alarm"", ""Elevator"", ""Self check-in"", ""Bathtub"", ""Cooking basics"", ""Shampoo"", ""Lock on bedroom door"", ""Bed linens"", ""Kitchen"", ""Pool"", ""Conditioner"", ""Long term stays allowed"", ""Blender"", ""Board games"", ""Freezer"", ""Wifi"", ""Lockbox"", ""Rice maker"", ""Body soap""]",4.77
314,3790270,"Miami, FL",50%,1.5,"[""Extra pillows and blankets"", ""Free street parking"", ""Refrigerator"", ""Baking sheet"", ""Shared hot tub"", ""Free parking on premises"", ""Clothing storage: walk-in closet and dresser"", ""Dishwasher"", ""Books and reading material"", ""Free washer \u2013 In unit"", ""Air conditioning"", ""Portable fans"", ""Free dryer \u2013 In unit"", ""Microwave"", ""Oven"", ""Hot water"", ""Laundromat nearby"", ""Hair dryer"", ""Coffee maker"", ""Heating"", ""GE gas stove"", ""Carbon monoxide alarm"", ""Iron"", ""Toaster"", ""43 inch HDTV with Roku"", ""Beach access \u2013 Beachfront"", ""Exercise equipment"", ""Hangers"", ""Private patio or balcony"", ""Dining table"", ""Wine glasses"", ""Dishes and silverware"", ""Smoke alarm"", ""Shared outdoor pool - available all year, open specific hours"", ""Elevator"", ""Shared gym nearby"", ""Dedicated workspace"", ""Bathtub"", ""Cooking basics"", ""Bed linens"", ""Kitchen"", ""Long term stays allowed"", ""Blender"", ""Board games"", ""Freezer"", ""Fast wifi \u2013 364 Mbps""]",4.44
315,3791927,"Agoura Hills, CA",69%,1.0,"[""Stove"", ""Host greets you"", ""First aid kit"", ""Shared hot tub"", ""Essentials"", ""Free parking on premises"", ""TV"", ""Pets allowed"", ""Air conditioning"", ""Backyard"", ""Valley view"", ""Oven"", ""Patio or balcony"", ""Mountain view"", ""Hair dryer"", ""Coffee maker"", ""Heating"", ""Park view"", ""Iron"", ""Garden view"", ""Dishes and silverware"", ""Smoke alarm"", ""Dedicated workspace"", ""Cooking basics"", ""Vineyard view"", ""Some space can be shared in our fridge refrigerator"", ""Kitchen"", ""Board games"", ""Wifi""]",4.56
316,2738689,Los Angeles,95%,1.5,"[""Extra pillows and blankets"", ""Coffee"", ""Free street parking"", ""Baking sheet"", ""First aid kit"", ""Essentials"", ""Outdoor furniture"", ""Free parking on premises"", ""Dishwasher"", ""Drying rack for clothing"", ""Books and reading material"", ""Exterior security cameras on property"", ""Free washer \u2013 In unit"", ""Hot water kettle"", ""Private backyard \u2013 Fully fenced"", ""Eco botanics conditioner"", ""Fire extinguisher"", ""Portable fans"", ""Kitchen aid stainless steel electric stove"", ""Hot water"", ""Laundromat nearby"", ""Cleaning products"", ""Hammock"", ""Hair dryer"", ""Coffee maker"", ""Shower gel"", ""Carbon monoxide alarm"", ""Piano"", ""Central air conditioning"", ""Iron"", ""Toaster"", ""Private entrance"", ""Outdoor dining area"", ""Private patio or balcony"", ""Hangers"", ""Dining table"", ""Kitchen aid stainless steel oven"", ""Wine glasses"", ""Dishes and silverware"", ""Smoke alarm"", ""32 inch HDTV with Apple TV, Netflix"", ""Self check-in"", ""Dedicated workspace"", ""Bathtub"", ""Cooking basics"", ""Single level home"", ""Samsung refrigerator"", ""Clothing storage: closet"", ""Eco botanics shampoo"", ""Bed linens"", ""Kitchen"", ""Smart lock"", ""Board games"", ""Freezer"", ""Wifi"", ""Central heating""]",4.67
317,4574089,"Los Angeles, CA",100%,1.0,"[""Extra pillows and blankets"", ""Gym"", ""Host greets you"", ""BBQ grill: gas"", ""Frigidaire oven"", ""Free street parking"", ""Aesop conditioner"", ""Paid parking off premises"", ""Shared patio or balcony"", ""Essentials"", ""Outdoor furniture"", ""Dishwasher"", ""Frigidaire refrigerator"", ""Books and reading material"", ""HDTV with Apple TV"", ""Bidet"", ""City skyline view"", ""Washer"", ""Air conditioning"", ""Microwave"", ""Apple sound system"", ""Bosch gas stove"", ""Hot water"", ""Cleaning products"", ""Hair dryer"", ""Heating"", ""Toaster"", ""Outdoor dining area"", ""Hangers"", ""Dining table"", ""Wine glasses"", ""Dishes and silverware"", ""Smoke alarm"", ""Elevator"", ""Exercise equipment: elliptical, free weights, stationary bike, treadmill, yoga mat"", ""Dedicated workspace"", ""Bathtub"", ""Cooking basics"", ""Shared pool"", ""Dryer"", ""Clothing storage: closet"", ""Bed linens"", ""Aesop body soap"", ""Kitchen"", ""Long term stays allowed"", ""Coffee maker: Nespresso"", ""Freezer"", ""Wifi""]",4.89
318,3352721,"Beverly Hills, CA",100%,1.0,"[""Extra pillows and blankets"", ""Free driveway parking on premises"", ""Refrigerator"", ""HDTV with Hulu, Netflix, Roku"", ""First aid kit"", ""Essentials"", ""Clothing storage: closet and dresser"", ""Outdoor furniture"", ""Free washer \u2013 In building"", ""Private backyard \u2013 Not fully fenced"", ""Books and reading material"", ""Exterior security cameras on property"", ""Ethernet connection"", ""Pets allowed"", ""City skyline view"", ""Hot water kettle"", ""Air conditioning"", ""Microwave"", ""Mini fridge"", ""Hot water"", ""Cleaning products"", ""Hair dryer"", ""Shower gel"", ""Heating"", ""Carbon monoxide alarm"", ""Room-darkening shades"", ""Iron"", ""Toaster"", ""Private entrance"", ""Outdoor dining area"", ""Free dryer \u2013 In building"", ""Hangers"", ""Private patio or balcony"", ""Dining table"", ""Garden view"", ""Dishes and silverware"", ""Smoke alarm"", ""Self check-in"", ""Dedicated workspace"", ""Bathtub"", ""Cooking basics"", ""Shampoo"", ""Gas stove"", ""Coffee maker: Keurig coffee machine"", ""Toaster oven oven"", ""Bed linens"", ""Kitchen"", ""Conditioner"", ""Long term stays allowed"", ""Babysitter recommendations"", ""Freezer"", ""Wifi"", ""Lockbox"", ""Body soap""]",4.51
319,3817812,"Palm Desert, CA",17%,1.0,"[""Stove"", ""Extra pillows and blankets"", ""Free street parking"", ""Refrigerator"", ""Essentials"", ""Outdoor furniture"", ""Free parking on premises"", ""Dishwasher"", ""Pets allowed"", ""Washer"", ""Air conditioning"", ""Fire extinguisher"", ""Microwave"", ""Oven"", ""Hot water"", ""Hair dryer"", ""Coffee maker"", ""Heating"", ""Carbon monoxide alarm"", ""Iron"", ""Hangers"", ""TV with standard cable"", ""Dishes and silverware"", ""Smoke alarm"", ""Self check-in"", ""Dedicated workspace"", ""Cooking basics"", ""Shampoo"", ""Dryer"", ""Bed linens"", ""Kitchen"", ""Long term stays allowed"", ""Wifi"", ""Lockbox"", ""Body soap""]",5.0
320,1859281,"Los Angeles, CA",,1.0,"[""Stove"", ""Extra pillows and blankets"", ""Coffee"", ""Free street parking"", ""Refrigerator"", ""Baking sheet"", ""First aid kit"", ""Shared hot tub"", ""Essentials"", ""Outdoor furniture"", ""Free parking on premises"", ""Dishwasher"", ""Drying rack for clothing"", ""Books and reading material"", ""Exterior security cameras on property"", ""Free washer \u2013 In unit"", ""BBQ grill"", ""Outdoor shower"", ""Pets allowed"", ""Fire extinguisher"", ""Children\u2019s books and toys"", ""Portable fans"", ""Free dryer \u2013 In unit"", ""Pack \u2019n play/Travel crib"", ""Microwave"", ""Oven"", ""Hot water"", ""Backyard"", ""Cleaning products"", ""Bikes"", ""Luggage dropoff allowed"", ""Sound system"", ""Hair dryer"", ""Coffee maker"", ""Shower gel"", ""Heating"", ""Carbon monoxide alarm"", ""Shared beach access"", ""Keypad"", ""Iron"", ""Toaster"", ""Private entrance"", ""Children\u2019s dinnerware"", ""Outdoor dining area"", ""Barbecue utensils"", ""Hangers"", ""Private patio or balcony"", ""Dining table"", ""High chair"", ""Fire pit"", ""Wine glasses"", ""Dishes and silverware"", ""Smoke alarm"", ""Sauna"", ""Self check-in"", ""65 inch HDTV with Amazon Prime Video, Chromecast, Netflix"", ""Dedicated workspace"", ""Cooking basics"", ""Single level home"", ""Shampoo"", ""Clothing storage: closet"", ""Beach essentials"", ""Bed linens"", ""Kitchen"", ""Conditioner"", ""Long term stays allowed"", ""Blender"", ""Board games"", ""Freezer"", ""Wifi"", ""Body soap""]",4.91
321,462242,"Los Angeles, CA",100%,4.5,"[""Extra pillows and blankets"", ""Coffee"", ""Free street parking"", ""Refrigerator"", ""First aid kit"", ""Essentials"", ""Outdoor furniture"", ""Indoor fireplace: gas, wood-burning"", ""Drying rack for clothing"", ""Dishwasher"", ""Books and reading material"", ""Exterior security cameras on property"", ""Free washer \u2013 In unit"", ""Ethernet connection"", ""BBQ grill"", ""Pets allowed"", ""Private backyard \u2013 Fully fenced"", ""Sonos sound system with aux"", ""Ceiling fan"", ""Crib"", ""Microwave"", ""Pack \u2019n play/Travel crib"", ""Hot water"", ""Luggage dropoff allowed"", ""Cleaning products"", ""Coffee maker"", ""Clothing storage"", ""Carbon monoxide alarm"", ""Piano"", ""Central air conditioning"", ""Cleaning available during stay"", ""Iron"", ""Toaster"", ""Private entrance"", ""Children\u2019s dinnerware"", ""Outdoor dining area"", ""Barbecue utensils"", ""Hangers"", ""Private patio or balcony"", ""Fast wifi \u2013 222 Mbps"", ""Garden view"", ""High chair"", ""Fireplace guards"", ""Dishes and silverware"", ""Smoke alarm"", ""Stainless steel gas stove"", ""Wine glasses"", ""Dining table"", ""Movie theater"", ""Dedicated workspace"", ""Bathtub"", ""Cooking basics"", ""Single level home"", ""Self check-in"", ""Babysitter recommendations"", ""Stainless steel oven"", ""Bed linens"", ""Kitchen"", ""Long term stays allowed"", ""Smart lock"", ""Board games"", ""Freezer"", ""Central heating""]",4.75
322,334952,"West Hollywood, CA",90%,,"[""Essentials"", ""Free parking on premises"", ""Private pool"", ""Pets allowed"", ""Washer"", ""Air conditioning"", ""Backyard"", ""Pack \u2019n play/Travel crib"", ""Patio or balcony"", ""Hot water"", ""Luggage dropoff allowed"", ""Hair dryer"", ""Heating"", ""Carbon monoxide alarm"", ""Iron"", ""Hangers"", ""High chair"", ""TV with standard cable"", ""Smoke alarm"", ""Self check-in"", ""Dryer"", ""Kitchen"", ""Long term stays allowed"", ""Wifi"", ""Lockbox""]",4.72
323,351521,"Los Angeles, CA",98%,1.0,"[""Stove"", ""Extra pillows and blankets"", ""Host greets you"", ""Free street parking"", ""Refrigerator"", ""First aid kit"", ""Essentials"", ""Outdoor furniture"", ""Free parking on premises"", ""Private pool"", ""Ethernet connection"", ""BBQ grill"", ""Washer"", ""Private hot tub"", ""Fire extinguisher"", ""Backyard"", ""Oven"", ""Hot water"", ""Luggage dropoff allowed"", ""Hair dryer"", ""Coffee maker"", ""Heating"", ""Carbon monoxide alarm"", ""Piano"", ""Iron"", ""Outdoor dining area"", ""Private patio or balcony"", ""Hangers"", ""Indoor fireplace"", ""TV with standard cable"", ""Dishes and silverware"", ""Smoke alarm"", ""Cooking basics"", ""Dryer"", ""Bed linens"", ""Kitchen"", ""Wifi""]",4.8
324,230943,"Los Angeles, CA",25%,1.5,"[""Stove"", ""Extra pillows and blankets"", ""Free street parking"", ""Refrigerator"", ""Baking sheet"", ""First aid kit"", ""Essentials"", ""Outdoor furniture"", ""Free parking on premises"", ""Washer"", ""Fire extinguisher"", ""Portable fans"", ""Microwave"", ""Mini fridge"", ""Oven"", ""Backyard"", ""Hot water"", ""Luggage dropoff allowed"", ""Cleaning products"", ""Hair dryer"", ""Heating"", ""Carbon monoxide alarm"", ""Piano"", ""Iron"", ""Outdoor dining area"", ""Barbecue utensils"", ""Hangers"", ""Indoor fireplace"", ""Dishes and silverware"", ""Smoke alarm"", ""Dedicated workspace"", ""Bathtub"", ""Cooking basics"", ""Shampoo"", ""Dryer"", ""Lock on bedroom door"", ""Bed linens"", ""Kitchen"", ""Conditioner"", ""Long term stays allowed"", ""Freezer"", ""Wifi"", ""Rice maker"", ""Body soap""]",4.92
325,2782528,"Los Angeles, CA",91%,2.0,"[""Stove"", ""Extra pillows and blankets"", ""Host greets you"", ""Refrigerator"", ""Essentials"", ""Free parking on premises"", ""Dishwasher"", ""Ethernet connection"", ""BBQ grill"", ""Washer"", ""Microwave"", ""Oven"", ""Hot water"", ""Coffee maker"", ""Heating"", ""Carbon monoxide alarm"", ""Iron"", ""Private patio or balcony"", ""Hangers"", ""Shared backyard \u2013 Fully fenced"", ""TV with standard cable"", ""Dishes and silverware"", ""Smoke alarm"", ""Dedicated workspace"", ""Cooking basics"", ""Dryer"", ""Bed linens"", ""Kitchen"", ""Long term stays allowed"", ""Private entrance"", ""Wifi""]",4.65
326,104979697,"Long Beach, CA",33%,,"[""Stove"", ""Extra pillows and blankets"", ""Free street parking"", ""Refrigerator"", ""First aid kit"", ""Essentials"", ""Outdoor furniture"", ""Free parking on premises"", ""Dishwasher"", ""BBQ grill"", ""Pets allowed"", ""Washer"", ""Hot water kettle"", ""Air conditioning"", ""Ceiling fan"", ""Fire extinguisher"", ""Crib"", ""Children\u2019s books and toys"", ""Pack \u2019n play/Travel crib"", ""Microwave"", ""Oven"", ""Luggage dropoff allowed"", ""Hair dryer"", ""Coffee maker"", ""Heating"", ""Carbon monoxide alarm"", ""Keypad"", ""Iron"", ""Private patio or balcony"", ""Hangers"", ""Indoor fireplace"", ""TV with standard cable"", ""Dishes and silverware"", ""Smoke alarm"", ""Self check-in"", ""Dedicated workspace"", ""Bathtub"", ""Cooking basics"", ""Shampoo"", ""Single level home"", ""Dryer"", ""Beach essentials"", ""Bed linens"", ""Kitchen"", ""Long term stays allowed"", ""Wifi"", ""Body soap""]",4.65
327,2783478,"Hollywood, SC",99%,3.0,"[""Extra pillows and blankets"", ""Free street parking"", ""Aesop conditioner"", ""Essentials"", ""Outdoor furniture"", ""Free washer \u2013 In unit"", ""Hot water kettle"", ""Baby monitor - always at the listing"", ""Portable fans"", ""Pack \u2019n play/Travel crib"", ""Carbon monoxide alarm"", ""Central air conditioning"", ""Trash compactor"", ""Children\u2019s dinnerware"", ""Life size games"", ""Coffee maker: drip coffee maker, espresso machine, french press, Nespresso, pour-over coffee"", ""Crib - available upon request"", ""Dishes and silverware"", ""Smoke alarm"", ""Private outdoor pool"", ""Bathtub"", ""Long term stays allowed"", ""Indoor fireplace: gas"", ""Refrigerator"", ""First aid kit"", ""Dishwasher"", ""Drying rack for clothing"", ""City skyline view"", ""Aesop shampoo"", ""Private backyard \u2013 Fully fenced"", ""Fire extinguisher"", ""Oven"", ""Hot water"", ""Hair dryer"", ""Cleaning available during stay"", ""Outdoor dining area"", ""Garden view"", ""Fireplace guards"", ""Breakfast"", ""Self check-in"", ""AEG stainless steel gas stove"", ""Baby bath"", ""Cooking basics"", ""Kitchen"", ""Blender"", ""Sun loungers"", ""Board games"", ""Freezer"", ""Lockbox"", ""Central heating"", ""Baking sheet"", ""Books and reading material"", ""Exterior security cameras on property"", ""Fast wifi \u2013 355 Mbps"", ""Outlet covers"", ""Luggage dropoff allowed"", ""Cleaning products"", ""Sound system"", ""Portable heater"", ""Barbecue utensils"", ""Private patio or balcony"", ""Fire pit"", ""High chair"", ""Bed linens"", ""Aesop body soap"", ""Mosquito net"", ""Rice maker"", ""Window guards"", ""Coffee"", ""BBQ grill: gas"", ""Free parking garage on premises"", ""Ethernet connection"", ""TV"", ""Pets allowed"", ""Ceiling fan"", ""Microwave"", ""Free dryer \u2013 In unit"", ""Shower gel"", ""Room-darkening shades"", ""Iron"", ""Toaster"", ""Table corner guards"", ""Hangers"", ""Dining table"", ""Wine glasses"", ""Dedicated workspace"", ""Clothing storage: walk-in closet, closet, and dresser"", ""Private entrance""]",4.77
328,2808524,"Los Angeles, CA",,,"[""Essentials"", ""Free parking on premises"", ""Pets allowed"", ""Washer"", ""Fire extinguisher"", ""Children\u2019s books and toys"", ""Hot water"", ""Luggage dropoff allowed"", ""Hair dryer"", ""Heating"", ""Carbon monoxide alarm"", ""Iron"", ""Hangers"", ""Indoor fireplace"", ""TV with standard cable"", ""Smoke alarm"", ""Shampoo"", ""Dryer"", ""Kitchen"", ""Long term stays allowed"", ""Wifi""]",
329,2811194,"Pasadena, CA",100%,1.0,"[""Extra pillows and blankets"", ""Coffee"", ""O'keefe and Merrit oven"", ""Baking sheet"", ""First aid kit"", ""Shared patio or balcony"", ""Essentials"", ""Clothing storage: closet and dresser"", ""Outdoor furniture"", ""Drying rack for clothing"", ""Free washer \u2013 In building"", ""Books and reading material"", ""Ethernet connection"", ""BBQ grill"", ""O'keefe and Merrit gas stove"", ""Hot water kettle"", ""Ceiling fan"", ""Fire extinguisher"", ""Window AC unit"", ""Portable fans"", ""Microwave"", ""Hot water"", ""Laundromat nearby"", ""Cleaning products"", ""Luggage dropoff allowed"", ""Hair dryer"", ""Carbon monoxide alarm"", ""Cleaning available during stay"", ""Central air conditioning"", ""Room-darkening shades"", ""Iron"", ""Frigidare refrigerator"", ""Toaster"", ""Free driveway parking on premises \u2013 1 space"", ""Outdoor dining area"", ""Free dryer \u2013 In building"", ""Hangers"", ""Barbecue utensils"", ""Dining table"", ""Shared backyard \u2013 Fully fenced"", ""Coffee maker: drip coffee maker, french press, pour-over coffee"", ""Wine glasses"", ""Dishes and silverware"", ""Smoke alarm"", ""Smoking allowed"", ""Dedicated workspace"", ""Bathtub"", ""Cooking basics"", ""Single level home"", ""Lock on bedroom door"", ""20 inch TV with DVD player"", ""Bed linens"", ""Kitchen"", ""Long term stays allowed"", ""Blender"", ""Board games"", ""Freezer"", ""Wifi"", ""Bread maker"", ""Rice maker"", ""Central heating""]",4.61
330,2812075,"Calgary, Canada",,,"[""Host greets you"", ""Free street parking"", ""Essentials"", ""Free parking on premises"", ""Pets allowed"", ""Washer"", ""Air conditioning"", ""Fire extinguisher"", ""Children\u2019s books and toys"", ""Hot water"", ""Luggage dropoff allowed"", ""Hair dryer"", ""Heating"", ""Carbon monoxide alarm"", ""Iron"", ""Hangers"", ""Indoor fireplace"", ""TV with standard cable"", ""Smoke alarm"", ""Shampoo"", ""Dryer"", ""Kitchen"", ""Long term stays allowed"", ""Wifi""]",
331,2819619,"Los Angeles, CA",88%,2.0,"[""Extra pillows and blankets"", ""Whirlpool gas stove"", ""Coffee"", ""Indoor fireplace: gas"", ""Refrigerator"", ""Free street parking"", ""Baking sheet"", ""Essentials"", ""Outdoor furniture"", ""Dishwasher"", ""Free washer \u2013 In unit"", ""Pets allowed"", ""Private BBQ grill: gas"", ""Hot water kettle"", ""Private backyard \u2013 Fully fenced"", ""Microwave"", ""Free dryer \u2013 In unit"", ""Oven"", ""Hot water"", ""Laundromat nearby"", ""Cleaning products"", ""Coffee maker: drip coffee maker"", ""Luggage dropoff allowed"", ""Carbon monoxide alarm"", ""Keypad"", ""Cleaning available during stay"", ""50 inch HDTV with Amazon Prime Video, Apple TV, Disney+, HBO Max, Hulu, Netflix, Roku"", ""Room-darkening shades"", ""Iron"", ""Toaster"", ""Outdoor dining area"", ""Barbecue utensils"", ""Hangers"", ""Private patio or balcony"", ""Dining table"", ""Pack \u2019n play/Travel crib - always at the listing"", ""Wine glasses"", ""Dishes and silverware"", ""Smoke alarm"", ""Self check-in"", ""Cooking basics"", ""Single level home"", ""Bed linens"", ""Kitchen"", ""Long term stays allowed"", ""Private entrance"", ""Freezer"", ""Wifi"", ""Central heating""]",4.87
332,1939242,"Beverly Hills, CA",94%,1.0,"[""Extra pillows and blankets"", ""Coffee"", ""HDTV with Amazon Prime Video, standard cable, Roku, Netflix, Hulu, HBO Max, premium cable, Apple TV"", ""Free street parking"", ""Refrigerator"", ""Baking sheet"", ""Essentials"", ""Outdoor furniture"", ""Dishwasher"", ""Drying rack for clothing"", ""Free washer \u2013 In building"", ""Books and reading material"", ""Ethernet connection"", ""BBQ grill"", ""Hot water kettle"", ""Baby safety gates"", ""Ceiling fan"", ""Portable fans"", ""Pack \u2019n play/Travel crib"", ""Microwave"", ""Oven"", ""Hot water"", ""Luggage dropoff allowed"", ""Cleaning products"", ""Hair dryer"", ""Shower gel"", ""Clothing storage"", ""Heating"", ""Carbon monoxide alarm"", ""Shared outdoor pool - available seasonally, open specific hours, pool cover, saltwater"", ""Central air conditioning"", ""Iron"", ""Toaster"", ""Free driveway parking on premises \u2013 1 space"", ""Outdoor dining area"", ""Free dryer \u2013 In building"", ""Hangers"", ""Barbecue utensils"", ""Dining table"", ""Garden view"", ""Private patio or balcony"", ""Wine glasses"", ""Dishes and silverware"", ""Smoke alarm"", ""Shared backyard \u2013 Fully fenced"", ""Dedicated workspace"", ""Bathtub"", ""Cooking basics"", ""Shampoo"", ""Gas stove"", ""Coffee maker: Keurig coffee machine"", ""Children\u2019s books and toys for ages 2-5 years old"", ""Bed linens"", ""Kitchen"", ""Conditioner"", ""Long term stays allowed"", ""Sun loungers"", ""EV charger - level 2, tesla only"", ""Private entrance"", ""Freezer"", ""Wifi"", ""Body soap""]",4.88
333,2842769,"Los Angeles, CA",100%,4.0,"[""Extra pillows and blankets"", ""Coffee"", ""Free street parking"", ""Refrigerator"", ""Baking sheet"", ""Essentials"", ""Outdoor furniture"", ""Free parking on premises"", ""Dishwasher"", ""Drying rack for clothing"", ""Books and reading material"", ""Free washer \u2013 In unit"", ""Pets allowed"", ""Bidet"", ""Hot water kettle"", ""Gaggenau stainless steel gas stove"", ""Private backyard \u2013 Fully fenced"", ""Fire extinguisher"", ""Safe"", ""Microwave"", ""Free dryer \u2013 In unit"", ""Mini fridge"", ""Oven"", ""Cleaning products"", ""Courtyard view"", ""Hammock"", ""Sound system"", ""Hair dryer"", ""Coffee maker"", ""Clothing storage: walk-in closet and closet"", ""Carbon monoxide alarm"", ""Central air conditioning"", ""Room-darkening shades"", ""Iron"", ""Indoor fireplace: wood-burning"", ""Toaster"", ""Outdoor dining area"", ""Barbecue utensils"", ""Hangers"", ""Private patio or balcony"", ""Dining table"", ""Garden view"", ""Wine glasses"", ""Dishes and silverware"", ""Smoke alarm"", ""Dedicated workspace"", ""Bathtub"", ""Cooking basics"", ""Beach essentials"", ""Bed linens"", ""63 inch HDTV with Amazon Prime Video, Apple TV, HBO Max, Hulu, Netflix, premium cable, Roku, DVD player"", ""Kitchen"", ""Long term stays allowed"", ""Blender"", ""Sun loungers"", ""Private entrance"", ""Freezer"", ""Wifi"", ""PRIVE conditioner"", ""Central heating"", ""Body soap""]",5.0
334,394279,"Los Angeles, CA",83%,1.0,"[""Stove"", ""Extra pillows and blankets"", ""Host greets you"", ""Free street parking"", ""Refrigerator"", ""First aid kit"", ""Essentials"", ""Clothing storage: closet and dresser"", ""Outdoor furniture"", ""Exterior security cameras on property"", ""Hot water kettle"", ""Air conditioning"", ""Ceiling fan"", ""Microwave"", ""Backyard"", ""Oven"", ""Patio or balcony"", ""Hot water"", ""Laundromat nearby"", ""Luggage dropoff allowed"", ""Paid dryer \u2013 In building"", ""Hair dryer"", ""Coffee maker"", ""Heating"", ""Carbon monoxide alarm"", ""Cleaning available during stay"", ""Iron"", ""Toaster"", ""Paid washer \u2013 In building"", ""Hangers"", ""Indoor fireplace"", ""Dining table"", ""TV with standard cable"", ""Wine glasses"", ""Dishes and silverware"", ""Smoke alarm"", ""Cooking basics"", ""Shared pool"", ""Bed linens"", ""Kitchen"", ""Long term stays allowed"", ""Sun loungers"", ""Freezer"", ""Wifi"", ""Body soap""]",4.89
335,3831954,"Los Angeles, CA",,1.0,"[""Stove"", ""Extra pillows and blankets"", ""Coffee"", ""Free street parking"", ""Refrigerator"", ""Shared patio or balcony"", ""Essentials"", ""Free parking on premises"", ""Drying rack for clothing"", ""Washer"", ""Hot water kettle"", ""Private backyard \u2013 Fully fenced"", ""Fire extinguisher"", ""Safe"", ""Portable fans"", ""Microwave"", ""Oven"", ""Clothing storage: closet and wardrobe"", ""Hot water"", ""Laundromat nearby"", ""Cleaning products"", ""Luggage dropoff allowed"", ""Hair dryer"", ""Coffee maker"", ""Shower gel"", ""Heating"", ""Carbon monoxide alarm"", ""Iron"", ""Toaster"", ""Hangers"", ""Dining table"", ""TV with standard cable"", ""Wine glasses"", ""Dishes and silverware"", ""Smoke alarm"", ""Sound system with Bluetooth and aux"", ""Cooking basics"", ""Single level home"", ""Shampoo"", ""Dryer"", ""Bed linens"", ""Kitchen"", ""Long term stays allowed"", ""Private entrance"", ""Freezer"", ""Wifi""]",4.76
336,3543207,"Los Angeles, CA",100%,1.0,"[""Extra pillows and blankets"", ""Host greets you"", ""Free street parking"", ""Refrigerator"", ""First aid kit"", ""Shared patio or balcony"", ""Essentials"", ""Outdoor furniture"", ""Books and reading material"", ""Exterior security cameras on property"", ""Free washer \u2013 In unit"", ""TV"", ""BBQ grill"", ""Shared gym in building"", ""Hot water kettle"", ""Air conditioning"", ""Fire extinguisher"", ""Crib"", ""Children\u2019s books and toys"", ""Pack \u2019n play/Travel crib"", ""Microwave"", ""Mini fridge"", ""Hot water"", ""Luggage dropoff allowed"", ""Hair dryer"", ""Clothing storage"", ""Heating"", ""Carbon monoxide alarm"", ""Room-darkening shades"", ""Iron"", ""Toaster"", ""Children\u2019s dinnerware"", ""Beach access \u2013 Beachfront"", ""Exercise equipment"", ""Hangers"", ""Dining table"", ""Shared backyard \u2013 Fully fenced"", ""Wine glasses"", ""Dishes and silverware"", ""Smoke alarm"", ""Dedicated workspace"", ""Cooking basics"", ""Shampoo"", ""Dryer"", ""Beach essentials"", ""Bed linens"", ""Kitchen"", ""Conditioner"", ""Long term stays allowed"", ""Private entrance"", ""Wifi"", ""Body soap""]",4.91
337,7725504,"Pasadena, CA",38%,1.0,"[""Heating"", ""Pets allowed"", ""Shampoo"", ""Coffee maker"", ""Wifi"", ""Free street parking"", ""Iron"", ""First aid kit"", ""Fire extinguisher"", ""Kitchen"", ""Microwave"", ""Free parking on premises"", ""Hangers"", ""Indoor fireplace"", ""TV with standard cable"", ""Hair dryer"", ""Smoke alarm""]",4.75
338,3865105,"Los Angeles, CA",63%,1.0,"[""Extra pillows and blankets"", ""Shared backyard \u2013 Not fully fenced"", ""Free street parking"", ""Essentials"", ""Outdoor furniture"", ""Books and reading material"", ""HDTV with Fire TV"", ""Ceiling fan"", ""Window AC unit"", ""Microwave"", ""Mini fridge"", ""Hot water"", ""Laundromat nearby"", ""Courtyard view"", ""Hair dryer"", ""Coffee maker"", ""Portable heater"", ""Housekeeping available 4 hours a day, 1 day a week - available at extra cost"", ""Iron"", ""Toaster"", ""Private patio or balcony"", ""Hangers"", ""Two burner cooktop induction stove"", ""Garden view"", ""Dining table"", ""Wine glasses"", ""Dishes and silverware"", ""Smoke alarm"", ""Self check-in"", ""Dedicated workspace"", ""Bathtub"", ""Cooking basics"", ""Single level home"", ""Clothing storage: closet"", ""Fast wifi \u2013 148 Mbps"", ""Toaster oven oven"", ""Bed linens"", ""Kitchen"", ""Long term stays allowed"", ""Sun loungers"", ""Private entrance"", ""Lockbox""]",4.84
339,3352800,"Los Angeles, CA",97%,1.0,"[""Extra pillows and blankets"", ""Free street parking"", ""Essentials"", ""Outdoor furniture"", ""Hot water kettle"", ""Samsung stove"", ""Portable fans"", ""Pack \u2019n play/Travel crib"", ""Carbon monoxide alarm"", ""Free driveway parking on premises \u2013 3 spaces"", ""Central air conditioning"", ""Children\u2019s dinnerware"", ""Dishes and silverware"", ""Smoke alarm"", ""Bathtub"", ""Bread maker"", ""Refrigerator"", ""First aid kit"", ""Clothing storage: closet and dresser"", ""Dishwasher"", ""Drying rack for clothing"", ""Fire extinguisher"", ""Crib"", ""Hot water"", ""Mountain view"", ""Hair dryer"", ""Shared beach access"", ""Outdoor dining area"", ""Shared backyard \u2013 Fully fenced"", ""Self check-in"", ""Baby bath"", ""Cooking basics"", ""Shampoo"", ""Samsung stainless steel oven"", ""Kitchen"", ""72 inch HDTV with Amazon Prime Video, Netflix, standard cable, DVD player"", ""Blender"", ""Sun loungers"", ""Board games"", ""Freezer"", ""Lockbox"", ""Central heating"", ""Pocket wifi"", ""Baking sheet"", ""Books and reading material"", ""Exterior security cameras on property"", ""Coffee maker: drip coffee maker, french press, Nespresso, pour-over coffee"", ""Outlet covers"", ""Luggage dropoff allowed"", ""Cleaning products"", ""Radiant heating"", ""Hammock"", ""Exercise equipment: yoga mat"", ""Private patio or balcony"", ""High chair"", ""Surround sound sound system with Bluetooth and aux"", ""Single level home"", ""Beach essentials"", ""Bed linens"", ""Mosquito net"", ""Rice maker"", ""Coffee"", ""Ethernet connection"", ""Microwave"", ""Shower gel"", ""Room-darkening shades"", ""Iron"", ""Indoor fireplace: wood-burning"", ""Toaster"", ""Children\u2019s books and toys for ages 0-2 years old, 2-5 years old, 5-10 years old, and 10+ years old"", ""Hangers"", ""Dining table"", ""Wine glasses"", ""Dedicated workspace"", ""Conditioner"", ""Private entrance"", ""Wifi"", ""Body soap""]",4.63
340,76111,"Los Angeles, CA",,1.0,"[""Heating"", ""Washer"", ""Shampoo"", ""Dryer"", ""Kitchen"", ""Essentials"", ""Free parking on premises"", ""Wifi"", ""TV with standard cable""]",5.0
341,3906439,"Los Angeles, CA",60%,1.0,"[""Stove"", ""Extra pillows and blankets"", ""Free street parking"", ""Refrigerator"", ""Essentials"", ""Clothing storage: closet and dresser"", ""Drying rack for clothing"", ""BBQ grill"", ""Pets allowed"", ""Washer"", ""Air conditioning"", ""Ceiling fan"", ""Microwave"", ""HDTV with standard cable"", ""Hot water"", ""Luggage dropoff allowed"", ""Hair dryer"", ""Coffee maker"", ""Heating"", ""Carbon monoxide alarm"", ""Keypad"", ""Iron"", ""Toaster"", ""Hangers"", ""Dining table"", ""Shared backyard \u2013 Fully fenced"", ""Wine glasses"", ""Dishes and silverware"", ""Smoke alarm"", ""Self check-in"", ""Dedicated workspace"", ""Cooking basics"", ""Single level home"", ""Shampoo"", ""Dryer"", ""Bed linens"", ""Kitchen"", ""Long term stays allowed"", ""Blender"", ""Wifi"", ""Body soap""]",4.79
342,3913511,"Los Angeles, CA",100%,1.0,"[""Extra pillows and blankets"", ""Coffee"", ""Free street parking"", ""Refrigerator"", ""First aid kit"", ""Essentials"", ""Outdoor furniture"", ""Dishwasher"", ""Books and reading material"", ""Exterior security cameras on property"", ""Heating - split type ductless system"", ""Free carport on premises \u2013 1 space"", ""City skyline view"", ""Hot water kettle"", ""Fire extinguisher"", ""Portable fans"", ""Microwave"", ""Hot water"", ""Laundromat nearby"", ""Cleaning products"", ""Coffee maker: drip coffee maker"", ""Mountain view"", ""Hammock"", ""Hair dryer"", ""Shower gel"", ""Carbon monoxide alarm"", ""Room-darkening shades"", ""Iron"", ""Toaster"", ""60 inch HDTV with Amazon Prime Video, HBO Max, Hulu, Netflix, Roku"", ""Outdoor dining area"", ""Private patio or balcony"", ""Hangers"", ""Ocean view"", ""Fast wifi \u2013 69 Mbps"", ""Dining table"", ""Wine glasses"", ""Dishes and silverware"", ""Smoke alarm"", ""Stainless steel gas stove"", ""Self check-in"", ""Dedicated workspace"", ""Cooking basics"", ""Single level home"", ""Shampoo"", ""Bed linens"", ""AC - split type ductless system"", ""Kitchen"", ""Conditioner"", ""Smart lock"", ""Private entrance"", ""Freezer"", ""Clothing storage: dresser"", ""Body soap""]",4.85
343,284412,"Santa Monica, CA",,,"[""Free street parking"", ""Refrigerator"", ""Essentials"", ""Outdoor furniture"", ""Free parking on premises"", ""BBQ grill"", ""Washer"", ""Fire extinguisher"", ""Backyard"", ""Hot water"", ""Coffee maker"", ""Heating"", ""HDTV with Roku, Netflix, standard cable, HBO Max, DVD player, premium cable"", ""Carbon monoxide alarm"", ""Iron"", ""Outdoor dining area"", ""Hangers"", ""Dishes and silverware"", ""Smoke alarm"", ""Dedicated workspace"", ""Shampoo"", ""Dryer \u2013\u00a0In unit"", ""Kitchen"", ""Long term stays allowed"", ""Wifi""]",4.93
344,343761,"Lakewood, CA",82%,1.0,"[""Extra pillows and blankets"", ""Host greets you"", ""Coffee"", ""Free street parking"", ""Refrigerator"", ""First aid kit"", ""Shared patio or balcony"", ""Essentials"", ""Outdoor furniture"", ""Dishwasher"", ""Books and reading material"", ""Exterior security cameras on property"", ""Costco  conditioner"", ""Hot water kettle"", ""Private backyard \u2013 Fully fenced"", ""Ceiling fan"", ""Fire extinguisher"", ""Portable fans"", ""Microwave"", ""Hot water"", ""Cleaning products"", ""Hair dryer"", ""Shower gel"", ""Costco  body soap"", ""Portable heater"", ""Carbon monoxide alarm"", ""32 inch TV with Amazon Prime Video, Disney+, Hulu, Netflix, DVD player"", ""Cleaning available during stay"", ""Room-darkening shades"", ""Iron"", ""Outdoor dining area"", ""Hangers"", ""Fireplace guards"", ""Dishes and silverware"", ""Smoke alarm"", ""Dedicated workspace"", ""Bathtub"", ""Coffee maker: Keurig coffee machine"", ""Shampoo"", ""Shared pool"", ""Clothing storage: closet"", ""Bed linens"", ""Wifi""]",4.84
345,403838,"Los Angeles, CA",99%,1.0,"[""Extra pillows and blankets"", ""Host greets you"", ""Coffee"", ""Free street parking"", ""Refrigerator"", ""ALL EXTRAS PLEASE REQUEST sound system"", ""First aid kit"", ""Essentials"", ""Outdoor playground"", ""Outdoor furniture"", ""Drying rack for clothing"", ""Books and reading material"", ""Exterior security cameras on property"", ""Toaster Oven oven"", ""Ethernet connection"", ""55 inch HDTV with Amazon Prime Video, HBO Max, Netflix, Roku, standard cable, premium cable"", ""Booster seat high chair - available upon request"", ""Hot water kettle"", ""Private backyard \u2013 Fully fenced"", ""Ceiling fan"", ""Fire extinguisher"", ""Crib"", ""Children\u2019s books and toys"", ""Window AC unit"", ""Microwave"", ""Mini fridge"", ""Kitchenette"", ""Hot water"", ""Laundromat nearby"", ""Courtyard view"", ""Cleaning products"", ""BBQ grill: charcoal"", ""Pack \u2019n play/Travel crib - available upon request"", ""Hair dryer"", ""Shower gel"", ""Clothing storage"", ""Portable heater"", ""Shared beach access"", ""Park view"", ""Room-darkening shades"", ""Iron"", ""Toaster"", ""Private entrance"", ""Free driveway parking on premises \u2013 1 space"", ""Outdoor dining area"", ""Exercise equipment"", ""Hangers"", ""Private patio or balcony"", ""Dining table"", ""Garden view"", ""Smoking allowed"", ""Dishes and silverware"", ""Smoke alarm"", ""Shared gym nearby"", ""Dedicated workspace"", ""Cooking basics"", ""Single level home"", ""Shampoo"", ""Coffee maker: pour-over coffee"", ""Beach essentials"", ""Bed linens"", ""Conditioner"", ""Blender"", ""Board games"", ""Freezer"", ""Wifi"", ""Rice maker"", ""Body soap""]",4.79
346,428171,"Los Angeles, CA",85%,1.0,"[""Extra pillows and blankets"", ""Coffee"", ""Induction stove"", ""Shared backyard \u2013 Not fully fenced"", ""Free street parking"", ""Coffee maker: drip coffee maker, french press"", ""Shared patio or balcony"", ""Essentials"", ""Outdoor furniture"", ""Free washer \u2013 In building"", ""Exterior security cameras on property"", ""Heating - split type ductless system"", ""City skyline view"", ""Hot water kettle"", ""Ceiling fan"", ""Fire extinguisher"", ""Microwave"", ""Valley view"", ""Hot water"", ""Cleaning products"", ""Hammock"", ""Hair dryer"", ""Carbon monoxide alarm"", ""Room-darkening shades"", ""Iron"", ""Toaster"", ""Outdoor dining area"", ""Free dryer \u2013 In building"", ""Hangers"", ""Dining table"", ""Garden view"", ""Wine glasses"", ""Dishes and silverware"", ""Smoke alarm"", ""Self check-in"", ""Dedicated workspace"", ""Cooking basics"", ""Convection toaster oven oven"", ""Single level home"", ""Clothing storage: closet"", ""Bluetooth sound system"", ""Bed linens"", ""AC - split type ductless system"", ""Kitchen"", ""Long term stays allowed"", ""32 inch HDTV with Roku"", ""Private entrance"", ""Freezer"", ""Wifi"", ""Lockbox"", ""Danyo refrigerator""]",4.72
347,4407407,"Los Angeles, CA",62%,1.0,"[""Free street parking"", ""Refrigerator"", ""Essentials"", ""Free parking on premises"", ""Dishwasher"", ""TV"", ""Washer"", ""City skyline view"", ""Microwave"", ""Oven"", ""Patio or balcony"", ""Hot water"", ""Hair dryer"", ""Coffee maker"", ""Heating"", ""Carbon monoxide alarm"", ""Keypad"", ""Iron"", ""Hangers"", ""Dishes and silverware"", ""Smoke alarm"", ""Self check-in"", ""Dedicated workspace"", ""Cooking basics"", ""Shampoo"", ""Gas stove"", ""Dryer"", ""AC - split type ductless system"", ""Kitchen"", ""Long term stays allowed"", ""Wifi""]",4.8
348,1273446,"Manhattan Beach, CA",,3.0,"[""Host greets you"", ""Free street parking"", ""Essentials"", ""Free parking on premises"", ""Exterior security cameras on property"", ""Washer"", ""Fire extinguisher"", ""Crib"", ""Children\u2019s books and toys"", ""Pack \u2019n play/Travel crib"", ""Hot water"", ""Hair dryer"", ""Heating"", ""Carbon monoxide alarm"", ""Central air conditioning"", ""Iron"", ""Children\u2019s dinnerware"", ""Indoor fireplace"", ""High chair"", ""TV with standard cable"", ""Smoke alarm"", ""Shampoo"", ""Dryer"", ""Kitchen"", ""Long term stays allowed"", ""Wifi""]",3.8
349,4408146,"Los Angeles, CA",,2.0,"[""Host greets you"", ""LG refrigerator"", ""Free street parking"", ""First aid kit"", ""Essentials"", ""Outdoor furniture"", ""55 inch TV with Amazon Prime Video, Fire TV, Roku, standard cable, DVD player"", ""Indoor fireplace: gas, wood-burning"", ""Dishwasher"", ""Books and reading material"", ""Exterior security cameras on property"", ""Private pool"", ""Free washer \u2013 In unit"", ""BBQ grill"", ""Pool view"", ""Pets allowed"", ""City skyline view"", ""Hot water kettle"", ""Private backyard \u2013 Fully fenced"", ""Free parking on premises \u2013 1 space"", ""Private hot tub"", ""Children\u2019s books and toys for ages 5-10 years old and 10+ years old"", ""Fire extinguisher"", ""Microwave"", ""Valley view"", ""Free dryer \u2013 In unit"", ""Hot water"", ""Coffee maker: drip coffee maker"", ""Mountain view"", ""Pack \u2019n play/Travel crib - available upon request"", ""Hair dryer"", ""Shower gel"", ""Carbon monoxide alarm"", ""Piano"", ""Central air conditioning"", ""Cleaning available during stay"", ""Room-darkening shades"", ""Iron"", ""Toaster"", ""Outdoor dining area"", ""Barbecue utensils"", ""Hangers"", ""Private patio or balcony"", ""Wine glasses"", ""Dishes and silverware"", ""Smoke alarm"", ""Stainless steel gas stove"", ""Dedicated workspace"", ""Bathtub"", ""Cooking basics"", ""Shampoo"", ""Double oven"", ""Single level home"", ""Clothing storage: closet"", ""Bed linens"", ""Kitchen"", ""Long term stays allowed"", ""Sun loungers"", ""Wifi"", ""Central heating"", ""Body soap""]",4.63
350,4408313,,76%,2.0,"[""Stove"", ""Extra pillows and blankets"", ""Free street parking"", ""Refrigerator"", ""First aid kit"", ""Beach view"", ""Essentials"", ""Outdoor furniture"", ""Free parking on premises"", ""Dishwasher"", ""Indoor fireplace: electric"", ""Exterior security cameras on property"", ""Bay view"", ""Free washer \u2013 In unit"", ""BBQ grill"", ""Pets allowed"", ""City skyline view"", ""Marina view"", ""Fire extinguisher"", ""Crib"", ""Children\u2019s books and toys"", ""Free dryer \u2013 In unit"", ""Pack \u2019n play/Travel crib"", ""Microwave"", ""Oven"", ""Hot water"", ""Waterfront"", ""Cleaning products"", ""Courtyard view"", ""Mountain view"", ""Luggage dropoff allowed"", ""Hair dryer"", ""Coffee maker"", ""Shower gel"", ""Sea view"", ""Heating"", ""70 inch HDTV with standard cable"", ""Carbon monoxide alarm"", ""Keypad"", ""Central air conditioning"", ""Room-darkening shades"", ""Iron"", ""Harbor view"", ""Children\u2019s dinnerware"", ""Beach access \u2013 Beachfront"", ""Private patio or balcony"", ""Ocean view"", ""Hangers"", ""Fire pit"", ""Garden view"", ""High chair"", ""Dishes and silverware"", ""Smoke alarm"", ""Self check-in"", ""Dedicated workspace"", ""Bathtub"", ""Cooking basics"", ""Shampoo"", ""Single level home"", ""Clothing storage: closet"", ""Bed linens"", ""Kitchen"", ""Conditioner"", ""Long term stays allowed"", ""Sun loungers"", ""Shared backyard \u2013 Not fully fenced"", ""Wifi"", ""Body soap""]",4.77
351,57161,"Los Angeles, CA",82%,11.0,"[""Stove"", ""Free street parking"", ""Refrigerator"", ""First aid kit"", ""Paid parking off premises"", ""Exterior security cameras on property"", ""Washer"", ""City skyline view"", ""Fire extinguisher"", ""Microwave"", ""Hair dryer"", ""Coffee maker"", ""Heating"", ""Carbon monoxide alarm"", ""Iron"", ""Dishes and silverware"", ""Smoke alarm"", ""Self check-in"", ""Dedicated workspace"", ""Cooking basics"", ""Dryer"", ""Kitchen"", ""Wifi"", ""Lockbox""]",4.55
352,4434583,"Los Angeles, CA",100%,2.0,"[""Stove"", ""Extra pillows and blankets"", ""Indoor fireplace: gas"", ""Refrigerator"", ""First aid kit"", ""Essentials"", ""Outdoor furniture"", ""Dishwasher"", ""Exterior security cameras on property"", ""Free washer \u2013 In unit"", ""Ethernet connection"", ""BBQ grill"", ""65 inch HDTV with Amazon Prime Video, Apple TV, HBO Max, Netflix, DVD player"", ""Pets allowed"", ""Bidet"", ""Hot water kettle"", ""Private backyard \u2013 Fully fenced"", ""Private outdoor pool - available seasonally, open 24 hours, saltwater"", ""Private hot tub"", ""Ceiling fan"", ""Fire extinguisher"", ""Crib"", ""Valley view"", ""Free dryer \u2013 In unit"", ""Pack \u2019n play/Travel crib"", ""Oven"", ""Hot water"", ""Luggage dropoff allowed"", ""Hammock"", ""Sound system"", ""Hair dryer"", ""Heating"", ""Coffee maker: espresso machine"", ""Carbon monoxide alarm"", ""Central air conditioning"", ""Iron"", ""Beach access \u2013 Beachfront"", ""Exercise equipment"", ""Hangers"", ""Private patio or balcony"", ""Dining table"", ""Fire pit"", ""Dishes and silverware"", ""Smoke alarm"", ""Breakfast"", ""Self check-in"", ""Dedicated workspace"", ""Cooking basics"", ""Single level home"", ""Shampoo"", ""Bed linens"", ""Kitchen"", ""Long term stays allowed"", ""Sun loungers"", ""Wifi"", ""Lockbox"", ""Body soap""]",4.77
353,1270782,"Long Beach, CA",100%,1.0,"[""Stove"", ""Extra pillows and blankets"", ""Host greets you"", ""Coffee"", ""Free street parking"", ""Refrigerator"", ""Baking sheet"", ""First aid kit"", ""Essentials"", ""Clothing storage: closet and dresser"", ""Outdoor furniture"", ""Drying rack for clothing"", ""Books and reading material"", ""Ethernet connection"", ""Hot water kettle"", ""Paid crib - available upon request"", ""Outlet covers"", ""Safe"", ""Children\u2019s books and toys"", ""Air conditioning"", ""Pack \u2019n play/Travel crib"", ""Ceiling fan"", ""Portable fans"", ""Fire extinguisher"", ""Hot water"", ""Microwave"", ""Cleaning products"", ""Oven"", ""Laundromat nearby"", ""Luggage dropoff allowed"", ""Hair dryer"", ""Coffee maker"", ""Shower gel"", ""Heating"", ""Carbon monoxide alarm"", ""50 inch HDTV with Netflix, standard cable, Roku, DVD player"", ""Cleaning available during stay"", ""Room-darkening shades"", ""Iron"", ""Paid standalone high chair - available upon request"", ""Table corner guards"", ""Toaster"", ""Private entrance"", ""Children\u2019s dinnerware"", ""Changing table - available upon request"", ""Hangers"", ""Private patio or balcony"", ""Dining table"", ""Wine glasses"", ""Dishes and silverware"", ""Smoke alarm"", ""Dedicated workspace"", ""Bathtub"", ""Cooking basics"", ""Shampoo"", ""Bed linens"", ""Kitchen"", ""Conditioner"", ""Long term stays allowed"", ""Blender"", ""Babysitter recommendations"", ""Wifi"", ""Bread maker"", ""Rice maker""]",4.33
354,57161,"Los Angeles, CA",82%,,"[""Stove"", ""Free street parking"", ""Refrigerator"", ""Paid parking off premises"", ""Exterior security cameras on property"", ""Washer"", ""Fire extinguisher"", ""Microwave"", ""Oven"", ""Hot water"", ""Hair dryer"", ""Heating"", ""Carbon monoxide alarm"", ""Iron"", ""Dishes and silverware"", ""Smoke alarm"", ""Self check-in"", ""Dedicated workspace"", ""Cooking basics"", ""Dryer"", ""Kitchen"", ""Long term stays allowed"", ""Wifi"", ""Lockbox""]",4.55
355,28569,"Los Angeles, CA",,,"[""Heating"", ""Shampoo"", ""Coffee maker"", ""Hot water"", ""Wifi"", ""Iron"", ""Refrigerator"", ""Bed linens"", ""Air conditioning"", ""Essentials"", ""Microwave"", ""Free parking on premises"", ""Hangers"", ""Private entrance"", ""TV with standard cable"", ""Hair dryer""]",4.91
356,436647,"Los Angeles, CA",42%,1.0,"[""Stove"", ""Free street parking"", ""Refrigerator"", ""First aid kit"", ""Shared patio or balcony"", ""Essentials"", ""Free parking on premises"", ""TV"", ""Air conditioning"", ""Microwave"", ""Oven"", ""Hot water"", ""Heating"", ""Carbon monoxide alarm"", ""Cleaning available during stay"", ""Iron"", ""Shared backyard \u2013 Fully fenced"", ""Dishes and silverware"", ""Smoke alarm"", ""Dedicated workspace"", ""Cooking basics"", ""Kitchen"", ""Long term stays allowed"", ""Wifi""]",4.88
357,195697,"Lynwood, CA",91%,1.0,"[""Extra pillows and blankets"", ""Refrigerator"", ""Essentials"", ""Free parking on premises"", ""TV"", ""Washer"", ""Air conditioning"", ""Fire extinguisher"", ""Microwave"", ""Hot water"", ""Luggage dropoff allowed"", ""Building staff"", ""Hair dryer"", ""Shower gel"", ""Heating"", ""Cleaning available during stay"", ""Iron"", ""Hangers"", ""Smoking allowed"", ""Smoke alarm"", ""Self check-in"", ""Bathtub"", ""Shampoo"", ""Dryer"", ""Bed linens"", ""Private entrance"", ""Wifi""]",4.57
358,11619,"California, United States",80%,3.0,"[""Private outdoor pool - available all year, open 24 hours, lap pool"", ""Extra pillows and blankets"", ""Free street parking"", ""Refrigerator"", ""First aid kit"", ""Essentials"", ""Outdoor furniture"", ""Free parking on premises"", ""Indoor fireplace: gas, wood-burning"", ""Drying rack for clothing"", ""Free washer \u2013 In building"", ""Dishwasher"", ""BBQ grill"", ""Pool view"", ""Pets allowed"", ""Private backyard \u2013 Fully fenced"", ""Fire extinguisher"", ""Safe"", ""Children\u2019s books and toys"", ""Microwave"", ""Pack \u2019n play/Travel crib"", ""Bosch gas stove"", ""Oven"", ""Hot water"", ""Luggage dropoff allowed"", ""Cleaning products"", ""Hair dryer"", ""Coffee maker"", ""Shower gel"", ""Clothing storage"", ""Heating"", ""Carbon monoxide alarm"", ""Keypad"", ""Central air conditioning"", ""Room-darkening shades"", ""Iron"", ""43 inch TV with standard cable"", ""Children\u2019s dinnerware"", ""Outdoor dining area"", ""Free dryer \u2013 In building"", ""Hangers"", ""Private patio or balcony"", ""Fire pit"", ""High chair"", ""Dishes and silverware"", ""Smoke alarm"", ""Self check-in"", ""Dedicated workspace"", ""Bathtub"", ""Cooking basics"", ""Shampoo"", ""Single level home"", ""Bed linens"", ""Kitchen"", ""Conditioner"", ""Long term stays allowed"", ""Wifi"", ""Body soap""]",4.46
359,7725504,"Pasadena, CA",38%,1.0,"[""Heating"", ""Pets allowed"", ""Dishes and silverware"", ""Shampoo"", ""Coffee maker"", ""Wifi"", ""Free street parking"", ""Iron"", ""Kitchen"", ""Hangers"", ""TV with standard cable"", ""Hair dryer""]",4.51
360,4235108,"Los Angeles, CA",100%,,"[""Stove"", ""Gym"", ""Host greets you"", ""Refrigerator"", ""First aid kit"", ""Shared hot tub"", ""Beach view"", ""Essentials"", ""Free parking on premises"", ""Dishwasher"", ""Washer"", ""Air conditioning"", ""Fire extinguisher"", ""Microwave"", ""Free dryer \u2013 In unit"", ""Oven"", ""Hair dryer"", ""Coffee maker"", ""Heating"", ""Carbon monoxide alarm"", ""Iron"", ""Private patio or balcony"", ""Hangers"", ""Indoor fireplace"", ""TV with standard cable"", ""Elevator"", ""Dishes and silverware"", ""Smoke alarm"", ""Cooking basics"", ""Shampoo"", ""Shared pool"", ""Kitchen"", ""Wifi""]",4.88
361,3982520,"Los Angeles, CA",,,"[""Stove"", ""Extra pillows and blankets"", ""Free street parking"", ""Refrigerator"", ""First aid kit"", ""Shared patio or balcony"", ""Essentials"", ""TV"", ""BBQ grill"", ""Washer"", ""Fire extinguisher"", ""Microwave"", ""Backyard"", ""Oven"", ""Hot water"", ""Luggage dropoff allowed"", ""Hair dryer"", ""Coffee maker"", ""Heating"", ""Carbon monoxide alarm"", ""Iron"", ""Hangers"", ""Indoor fireplace"", ""Smoking allowed"", ""Dishes and silverware"", ""Smoke alarm"", ""Self check-in"", ""Cooking basics"", ""Single level home"", ""Shampoo"", ""Dryer"", ""Lock on bedroom door"", ""Beach essentials"", ""Bed linens"", ""Kitchen"", ""Long term stays allowed"", ""Wifi"", ""Lockbox""]",4.89
362,4506695,"Santa Monica, CA",100%,1.0,"[""Stove"", ""Extra pillows and blankets"", ""Coffee"", ""Free street parking"", ""Refrigerator"", ""Essentials"", ""Clothing storage: closet and dresser"", ""Dishwasher"", ""Books and reading material"", ""Washer"", ""Hot water kettle"", ""Fire extinguisher"", ""Portable fans"", ""Microwave"", ""Oven"", ""Hot water"", ""Laundromat nearby"", ""Luggage dropoff allowed"", ""Hair dryer"", ""Coffee maker"", ""Shower gel"", ""Heating"", ""Iron"", ""Toaster"", ""Hangers"", ""Dining table"", ""Wine glasses"", ""Dishes and silverware"", ""Smoke alarm"", ""Dedicated workspace"", ""Bathtub"", ""Cooking basics"", ""Shampoo"", ""Dryer"", ""Bed linens"", ""Kitchen"", ""Conditioner"", ""Blender"", ""Freezer"", ""Wifi"", ""Body soap""]",4.58
363,634440,"Los Angeles, CA",99%,1.0,"[""Extra pillows and blankets"", ""Coffee"", ""Free street parking"", ""Refrigerator"", ""First aid kit"", ""Essentials"", ""Clothing storage: closet and dresser"", ""Outdoor furniture"", ""Free parking on premises"", ""Drying rack for clothing"", ""Exterior security cameras on property"", ""HDTV with Netflix"", ""Hot tub"", ""Hot water kettle"", ""Private backyard \u2013 Fully fenced"", ""Ceiling fan"", ""Fire extinguisher"", ""Microwave"", ""Mini fridge"", ""Hot water"", ""Laundromat nearby"", ""Luggage dropoff allowed"", ""Hair dryer"", ""Coffee maker"", ""Heating"", ""Carbon monoxide alarm"", ""Iron"", ""Toaster"", ""Outdoor dining area"", ""Private patio or balcony"", ""Hangers"", ""Dining table"", ""Smoking allowed"", ""Wine glasses"", ""Dishes and silverware"", ""Smoke alarm"", ""Self check-in"", ""Dedicated workspace"", ""Cooking basics"", ""Single level home"", ""Shampoo"", ""Bed linens"", ""AC - split type ductless system"", ""Kitchen"", ""Conditioner"", ""Private outdoor pool - available all year, open specific hours"", ""Blender"", ""Sun loungers"", ""Long term stays allowed"", ""Smart lock"", ""Private entrance"", ""Freezer"", ""Wifi"", ""Body soap""]",4.91
364,4577233,"Santa Monica, CA",100%,1.0,"[""Stove"", ""Extra pillows and blankets"", ""Coffee"", ""Free street parking"", ""Refrigerator"", ""First aid kit"", ""Essentials"", ""Outdoor furniture"", ""Books and reading material"", ""Hot water kettle"", ""Private backyard \u2013 Fully fenced"", ""Fire extinguisher"", ""Portable fans"", ""Microwave"", ""Hot water"", ""Cleaning products"", ""Hair dryer"", ""Coffee maker"", ""Shower gel"", ""Heating"", ""Carbon monoxide alarm"", ""Keypad"", ""Iron"", ""Toaster"", ""Outdoor dining area"", ""Private patio or balcony"", ""Hangers"", ""TV with standard cable"", ""Wine glasses"", ""Dishes and silverware"", ""Smoke alarm"", ""Self check-in"", ""Cooking basics"", ""Shampoo"", ""Kitchen"", ""Conditioner"", ""Blender"", ""Private entrance"", ""Freezer"", ""Wifi"", ""Body soap""]",4.92
365,4579402,"Los Angeles, CA",,,"[""Heating"", ""Washer"", ""Hot tub"", ""Dryer"", ""Kitchen"", ""Free parking on premises"", ""Wifi"", ""Pool"", ""Smoke alarm""]",
366,4582070,"Redondo Beach, CA",71%,2.0,"[""Stove"", ""Extra pillows and blankets"", ""Free street parking"", ""Refrigerator"", ""Baking sheet"", ""First aid kit"", ""Suave conditioner"", ""Essentials"", ""Free parking on premises"", ""Suave body soap"", ""Dishwasher"", ""Ethernet connection"", ""BBQ grill"", ""Washer"", ""Air conditioning"", ""Fire extinguisher"", ""Portable fans"", ""Microwave"", ""Oven"", ""Hot water"", ""Sound system"", ""Hair dryer"", ""Coffee maker"", ""Shower gel"", ""Heating"", ""Carbon monoxide alarm"", ""Keypad"", ""Trash compactor"", ""Iron"", ""Barbecue utensils"", ""Hangers"", ""Private patio or balcony"", ""Indoor fireplace"", ""TV with standard cable"", ""Dishes and silverware"", ""Smoke alarm"", ""Self check-in"", ""Cooking basics"", ""Shampoo"", ""Dryer"", ""Beach essentials"", ""Bed linens"", ""Kitchen"", ""Freezer"", ""Wifi""]",4.75
367,3529758,"Topanga Canyon, CA",,2.0,"[""Extra pillows and blankets"", ""Coffee"", ""Refrigerator"", ""Baking sheet"", ""Essentials"", ""Outdoor furniture"", ""Free parking on premises"", ""Dishwasher"", ""Free washer \u2013 In building"", ""Books and reading material"", ""Record player"", ""Ethernet connection"", ""Bidet"", ""Hot water kettle"", ""Private backyard \u2013 Fully fenced"", ""Air conditioning"", ""Ceiling fan"", ""Portable fans"", ""Clothing storage: closet, wardrobe, and dresser"", ""Patio or balcony"", ""Hot water"", ""Cleaning products"", ""Mountain view"", ""Portable heater"", ""Cleaning available during stay"", ""Iron"", ""Toaster"", ""50 inch HDTV with Amazon Prime Video, Apple TV, Disney+, Fire TV, HBO Max, Hulu, Netflix, Roku, standard cable"", ""Free dryer \u2013 In building"", ""Hangers"", ""Indoor fireplace"", ""Garden view"", ""Fireplace guards"", ""Wine glasses"", ""Dishes and silverware"", ""Smoke alarm"", ""Stainless steel gas stove"", ""Dining table"", ""Dedicated workspace"", ""Bathtub"", ""Cooking basics"", ""Stainless steel oven"", ""Bed linens"", ""Kitchen"", ""Long term stays allowed"", ""Blender"", ""Sun loungers"", ""EV charger"", ""Private entrance"", ""Freezer"", ""Wifi"", ""Rice maker"", ""Central heating""]",4.75
368,466662,"Los Angeles, CA",67%,1.0,"[""Host greets you"", ""Free street parking"", ""Refrigerator"", ""First aid kit"", ""Shared patio or balcony"", ""Essentials"", ""Outdoor furniture"", ""Dishwasher"", ""BBQ grill"", ""Washer"", ""Backyard"", ""Hot water"", ""Luggage dropoff allowed"", ""Hair dryer"", ""Coffee maker"", ""Heating"", ""Carbon monoxide alarm"", ""Iron"", ""Outdoor dining area"", ""Exercise equipment"", ""Hangers"", ""Indoor fireplace"", ""Smoking allowed"", ""TV with standard cable"", ""Dishes and silverware"", ""Smoke alarm"", ""Dedicated workspace"", ""Shampoo"", ""Dryer"", ""Lock on bedroom door"", ""Kitchen"", ""Long term stays allowed"", ""Wifi""]",4.76
369,397459,"Hermosa Beach, CA",0%,1.0,"[""Extra pillows and blankets"", ""Coffee"", ""Free street parking"", ""Refrigerator"", ""Baking sheet"", ""Essentials"", ""Outdoor furniture"", ""Dishwasher"", ""L'Oreal conditioner"", ""Books and reading material"", ""L'Oreal shampoo"", ""Free washer \u2013 In unit"", ""Pets allowed"", ""Bidet"", ""Hot water kettle"", ""Private backyard \u2013 Fully fenced"", ""Microwave"", ""Exercise equipment: stationary bike"", ""Bikes"", ""Hot water"", ""45 inch HDTV with Amazon Prime Video, Netflix, standard cable"", ""Cleaning products"", ""Coffee maker: drip coffee maker"", ""Luggage dropoff allowed"", ""Heating"", ""Carbon monoxide alarm"", ""Piano"", ""Shared beach access"", ""Iron"", ""Toaster"", ""Private patio or balcony"", ""Hangers"", ""Dining table"", ""Fire pit"", ""Wine glasses"", ""Dishes and silverware"", ""Smoke alarm"", ""Dedicated workspace"", ""Bathtub"", ""Cooking basics"", ""Gas stove"", ""Adora oven"", ""Dryer"", ""Single level home"", ""Kitchen"", ""Long term stays allowed"", ""Blender"", ""Freezer"", ""Wifi"", ""Body soap""]",4.75
370,5280356,"Los Angeles, CA",97%,1.0,"[""Extra pillows and blankets"", ""Coffee"", ""Free street parking"", ""Baking sheet"", ""First aid kit"", ""Shared patio or balcony"", ""Essentials"", ""Outdoor furniture"", ""Free washer \u2013 In building"", ""Books and reading material"", ""Ethernet connection"", ""Exercise equipment: free weights, stationary bike"", ""Pets allowed"", ""Ping pong table"", ""TWO refrigerators\u2014both NEW refrigerator"", ""Hot water kettle"", ""60 inch HDTV with standard cable"", ""Fire extinguisher"", ""Portable fans"", ""Microwave"", ""Oven"", ""Clothing storage: closet and wardrobe"", ""Hot water"", ""Laundromat nearby"", ""Cleaning products"", ""Luggage dropoff allowed"", ""Hair dryer"", ""Coffee maker"", ""Shower gel"", ""Heating"", ""Carbon monoxide alarm"", ""Keypad"", ""Central air conditioning"", ""Room-darkening shades"", ""Iron"", ""Toaster"", ""Outdoor dining area"", ""Free dryer \u2013 In building"", ""Hangers"", ""Barbecue utensils"", ""Dining table"", ""Garden view"", ""Shared backyard \u2013 Fully fenced"", ""Wine glasses"", ""Dishes and silverware"", ""Smoke alarm"", ""Fire pit"", ""Self check-in"", ""Dedicated workspace"", ""Cooking basics"", ""Single level home"", ""Shampoo"", ""Gas stove"", ""Lock on bedroom door"", ""Beach essentials"", ""Several conditioner"", ""Bed linens"", ""Kitchen"", ""Many available body soap"", ""Long term stays allowed"", ""Blender"", ""Freezer"", ""Wifi""]",4.84
371,5294171,"Los Angeles, CA",100%,1.0,"[""Stove"", ""Free street parking"", ""Refrigerator"", ""Essentials"", ""Free parking on premises"", ""Dishwasher"", ""Exterior security cameras on property"", ""Private backyard \u2013 Fully fenced"", ""Window AC unit"", ""Private pool - "", ""Oven"", ""Patio or balcony"", ""Hot water"", ""Laundromat nearby"", ""Shower gel"", ""Heating"", ""Carbon monoxide alarm"", ""Dining table"", ""Dishes and silverware"", ""Smoke alarm"", ""Cooking basics"", ""Shampoo"", ""Coffee maker: pour-over coffee"", ""Bed linens"", ""Kitchen"", ""Conditioner"", ""Long term stays allowed"", ""Sun loungers"", ""Private entrance"", ""Freezer"", ""Wifi"", ""Body soap""]",4.92
372,3940325,"Los Angeles, CA",,,"[""Heating"", ""Washer"", ""Dryer"", ""Air conditioning"", ""Kitchen"", ""Free parking on premises"", ""Wifi"", ""Indoor fireplace"", ""TV with standard cable""]",4.25
373,3655118,"Venice, CA",100%,1.0,"[""Extra pillows and blankets"", ""Free street parking"", ""Refrigerator"", ""Essentials"", ""BBQ grill"", ""Washer"", ""Microwave"", ""Pack \u2019n play/Travel crib"", ""Backyard"", ""Patio or balcony"", ""Hot water"", ""Hair dryer"", ""Coffee maker"", ""Heating"", ""Carbon monoxide alarm"", ""Iron"", ""Hangers"", ""High chair"", ""TV with standard cable"", ""Dishes and silverware"", ""Smoke alarm"", ""Dedicated workspace"", ""Cooking basics"", ""Dryer"", ""Beach essentials"", ""Bed linens"", ""Kitchen"", ""Private entrance"", ""Wifi""]",4.79
374,3191837,"Los Angeles, CA",99%,1.5,"[""Extra pillows and blankets"", ""Host greets you"", ""Coffee"", ""Free street parking"", ""Essentials"", ""Clothing storage: closet and dresser"", ""Books and reading material"", ""City skyline view"", ""Air conditioning"", ""Portable fans"", ""Microwave"", ""Backyard"", ""Patio or balcony"", ""Hot water"", ""Luggage dropoff allowed"", ""Cleaning products"", ""Hair dryer"", ""Coffee maker"", ""Shower gel"", ""Portable heater"", ""Carbon monoxide alarm"", ""Room-darkening shades"", ""Iron"", ""Guests can use our fridge in the kitchen refrigerator"", ""Hangers"", ""Wine glasses"", ""Dishes and silverware"", ""Smoke alarm"", ""Dedicated workspace"", ""Shampoo"", ""Lock on bedroom door"", ""Bed linens"", ""Wifi"", ""Body soap""]",4.84
375,3953867,"Los Angeles, CA",100%,2.0,"[""Stove"", ""Extra pillows and blankets"", ""Coffee"", ""Free street parking"", ""Refrigerator"", ""Baking sheet"", ""Essentials"", ""Outdoor furniture"", ""Free parking on premises"", ""TV with Netflix"", ""Dishwasher"", ""Books and reading material"", ""Exterior security cameras on property"", ""BBQ grill"", ""Washer"", ""Hot water kettle"", ""Air conditioning"", ""Ceiling fan"", ""Fire extinguisher"", ""Microwave"", ""Backyard"", ""Oven"", ""Patio or balcony"", ""Hammock"", ""Mountain view"", ""Sound system"", ""Hair dryer"", ""Coffee maker"", ""Heating"", ""Carbon monoxide alarm"", ""Piano"", ""Cleaning available during stay"", ""Iron"", ""Toaster"", ""Barbecue utensils"", ""Hangers"", ""Indoor fireplace"", ""Garden view"", ""Dining table"", ""Wine glasses"", ""Dishes and silverware"", ""Smoke alarm"", ""Self check-in"", ""Bathtub"", ""Cooking basics"", ""Shampoo"", ""Dryer"", ""Bed linens"", ""Kitchen"", ""Blender"", ""Freezer"", ""Wifi"", ""Lockbox"", ""Body soap""]",4.94
376,4009164,"Denver, CO",,,"[""Washer \u2013\u00a0In building"", ""Extra pillows and blankets"", ""Host greets you"", ""Free street parking"", ""Essentials"", ""Ethernet connection"", ""Cuisinart. Mini All in one Oven/ Toaster/ Broiler/ Air Fryer. It's Awesome! And also electric Bowl that cooks everything from eggs to pasta to hot cereal!  stainless steel oven"", ""Air conditioning"", ""Fire extinguisher"", ""Portable fans"", ""Microwave"", ""Hot water"", ""Heating"", ""Carbon monoxide alarm"", ""Hangers"", ""Dishes and silverware"", ""Smoke alarm"", ""Coffee maker: Keurig coffee machine"", ""Bathtub"", ""Cooking basics"", ""Shampoo"", ""Dryer \u2013 In building"", ""Lock on bedroom door"", ""Bed linens"", ""Kitchen"", ""Conditioner"", ""Magic Chef. Brand New. Stainless Steel. Large/Apt. Size 7.4 Size with full freezer compartment too. refrigerator"", ""Freezer"", ""Wifi"", ""Body soap""]",
377,3439872,"England, United Kingdom",86%,1.0,"[""Pets allowed"", ""Washer"", ""Dryer"", ""Air conditioning"", ""Kitchen"", ""Wifi"", ""TV with standard cable""]",4.7
378,3439872,"England, United Kingdom",86%,2.0,"[""Heating"", ""Pets allowed"", ""Washer"", ""Dryer"", ""Kitchen"", ""Wifi"", ""TV with standard cable""]",4.65
379,173423,"Los Angeles, CA",20%,1.0,"[""Stove"", ""Extra pillows and blankets"", ""Free street parking"", ""Refrigerator"", ""Baking sheet"", ""First aid kit"", ""Essentials"", ""Outdoor furniture"", ""Free parking on premises"", ""Dishwasher"", ""BBQ grill"", ""Pets allowed"", ""Washer"", ""Hot water kettle"", ""Air conditioning"", ""Fire extinguisher"", ""Portable fans"", ""Backyard"", ""Oven"", ""Patio or balcony"", ""Hot water"", ""Hair dryer"", ""Heating"", ""Carbon monoxide alarm"", ""Piano"", ""Keypad"", ""Room-darkening shades"", ""Iron"", ""Toaster"", ""Outdoor dining area"", ""Barbecue utensils"", ""Hangers"", ""TV with standard cable"", ""Dishes and silverware"", ""Smoke alarm"", ""Self check-in"", ""Dedicated workspace"", ""Cooking basics"", ""Shampoo"", ""Coffee maker: pour-over coffee"", ""Dryer"", ""Bed linens"", ""Kitchen"", ""Long term stays allowed"", ""Wifi"", ""Body soap""]",4.77
380,2972149,"Los Angeles, CA",67%,1.0,"[""Stove"", ""Extra pillows and blankets"", ""Free street parking"", ""Refrigerator"", ""First aid kit"", ""Essentials"", ""Outdoor furniture"", ""Free parking on premises"", ""Dishwasher"", ""Free washer \u2013 In unit"", ""Pets allowed"", ""Bidet"", ""Hot water kettle"", ""Ceiling fan"", ""Fire extinguisher"", ""Crib"", ""Microwave"", ""Free dryer \u2013 In unit"", ""Pack \u2019n play/Travel crib"", ""Oven"", ""Backyard"", ""Hot water"", ""Luggage dropoff allowed"", ""Hair dryer"", ""Coffee maker"", ""Heating"", ""Carbon monoxide alarm"", ""Keypad"", ""Cleaning available during stay"", ""Room-darkening shades"", ""Iron"", ""Private patio or balcony"", ""Hangers"", ""55 inch TV with Netflix, Roku"", ""Dishes and silverware"", ""Smoke alarm"", ""Self check-in"", ""Dedicated workspace"", ""Bathtub"", ""Cooking basics"", ""Shampoo"", ""Bed linens"", ""AC - split type ductless system"", ""Kitchen"", ""Long term stays allowed"", ""Private entrance"", ""Wifi"", ""Body soap""]",4.8
381,6225275,"Los Angeles, CA",100%,1.0,"[""Game console"", ""Extra pillows and blankets"", ""50 inch HDTV with Amazon Prime Video, HBO Max, Netflix"", ""Free street parking"", ""Refrigerator"", ""Shared patio or balcony"", ""Essentials"", ""Outdoor playground"", ""Outdoor furniture"", ""Dishwasher"", ""Free washer \u2013 In building"", ""Paid parking on premises"", ""Exterior security cameras on property"", ""KitchenAid stainless steel gas stove"", ""Pets allowed"", ""Window AC unit"", ""Microwave"", ""Oven"", ""Changing table"", ""Hot water"", ""Luggage dropoff allowed"", ""Courtyard view"", ""Mountain view"", ""Hair dryer"", ""Coffee maker"", ""Heating"", ""Iron"", ""Private entrance"", ""Outdoor dining area"", ""Beach access \u2013 Beachfront"", ""Free dryer \u2013 In building"", ""Hangers"", ""Exercise equipment"", ""Garden view"", ""Shared backyard \u2013 Fully fenced"", ""Dishes and silverware"", ""Smoke alarm"", ""Self check-in"", ""Dedicated workspace"", ""Cooking basics"", ""Single level home"", ""Shampoo"", ""Beach essentials"", ""Bed linens"", ""Kitchen"", ""Long term stays allowed"", ""Board games"", ""Wifi"", ""Lockbox"", ""Free parking on premises \u2013 1 space""]",4.5
382,646038,"Los Angeles, CA",0%,,"[""Washer"", ""Dryer"", ""Air conditioning"", ""Kitchen"", ""Wifi"", ""Smoking allowed"", ""TV with standard cable""]",
383,4588522,"Los Angeles, CA",,2.0,"[""Refrigerator"", ""Baking sheet"", ""Outdoor furniture"", ""Free parking on premises"", ""Dishwasher"", ""Books and reading material"", ""BBQ grill"", ""Washer"", ""Private backyard \u2013 Fully fenced"", ""Coffee maker"", ""Hair dryer"", ""Heating"", ""Carbon monoxide alarm"", ""Central air conditioning"", ""Iron"", ""Toaster"", ""EV charger - level 1"", ""Private patio or balcony"", ""Indoor fireplace"", ""TV with standard cable"", ""Wine glasses"", ""Dishes and silverware"", ""Smoke alarm"", ""Dedicated workspace"", ""Bathtub"", ""Dryer"", ""Kitchen"", ""Wifi""]",4.57
384,4667186,"Los Angeles, CA",86%,1.0,"[""Stove"", ""Extra pillows and blankets"", ""Free street parking"", ""Refrigerator"", ""Baking sheet"", ""Essentials"", ""Outdoor furniture"", ""BBQ grill"", ""Pets allowed"", ""Washer"", ""Hot water kettle"", ""Fire extinguisher"", ""Window AC unit"", ""Microwave"", ""Backyard"", ""Oven"", ""Hot water"", ""Luggage dropoff allowed"", ""Cleaning products"", ""Hair dryer"", ""Shower gel"", ""Brand Varies conditioner"", ""Heating"", ""Carbon monoxide alarm"", ""Iron"", ""Toaster"", ""Outdoor dining area"", ""Private patio or balcony"", ""Hangers"", ""TV with standard cable"", ""Wine glasses"", ""Dishes and silverware"", ""Smoke alarm"", ""Bathtub"", ""Cooking basics"", ""Shampoo"", ""Coffee maker: pour-over coffee"", ""Dryer"", ""Clothing storage: closet"", ""Brand Varies body soap"", ""Single level home"", ""Bed linens"", ""Kitchen"", ""Long term stays allowed"", ""Private entrance"", ""Freezer"", ""Wifi""]",4.61
385,969636,"Los Angeles, CA",95%,1.0,"[""Stove"", ""Free street parking"", ""Refrigerator"", ""Essentials"", ""Washer"", ""Air conditioning"", ""Fire extinguisher"", ""Microwave"", ""Oven"", ""Hot water"", ""Hair dryer"", ""Coffee maker"", ""Heating"", ""Carbon monoxide alarm"", ""Iron"", ""Hangers"", ""TV with standard cable"", ""Dishes and silverware"", ""Smoke alarm"", ""Self check-in"", ""Dedicated workspace"", ""Cooking basics"", ""Dryer"", ""Kitchen"", ""Long term stays allowed"", ""Wifi"", ""Lockbox""]",4.73
386,4677715,"Los Angeles, CA",98%,2.5,"[""Stove"", ""Extra pillows and blankets"", ""Free street parking"", ""Refrigerator"", ""First aid kit"", ""Essentials"", ""BBQ grill"", ""City skyline view"", ""Washer"", ""Air conditioning"", ""Fire extinguisher"", ""Children\u2019s books and toys"", ""Backyard"", ""Oven"", ""Hot water"", ""Mountain view"", ""Hair dryer"", ""Coffee maker"", ""Heating"", ""Carbon monoxide alarm"", ""Room-darkening shades"", ""Iron"", ""Children\u2019s dinnerware"", ""Private patio or balcony"", ""Hangers"", ""Dishes and silverware"", ""Smoke alarm"", ""Self check-in"", ""Cooking basics"", ""Shampoo"", ""Dryer"", ""Bed linens"", ""Kitchen"", ""Babysitter recommendations"", ""Wifi"", ""Lockbox""]",4.75
387,4686786,"Santa Monica, CA",,1.5,"[""Heating"", ""Host greets you"", ""Washer"", ""Hot tub"", ""Dryer"", ""Wifi"", ""Free street parking"", ""Fire extinguisher"", ""Kitchen"", ""Essentials"", ""Hangers"", ""Free parking on premises"", ""Long term stays allowed"", ""Hot water"", ""Indoor fireplace"", ""TV with standard cable"", ""Hair dryer"", ""Smoke alarm""]",5.0
388,4732895,"Los Angeles, CA",100%,1.0,"[""Stove"", ""Extra pillows and blankets"", ""Free street parking"", ""Refrigerator"", ""First aid kit"", ""Shared patio or balcony"", ""Essentials"", ""Outdoor furniture"", ""Free parking on premises"", ""Dishwasher"", ""Free washer \u2013 In building"", ""Exterior security cameras on property"", ""Ethernet connection"", ""BBQ grill"", ""Private hot tub"", ""Fire extinguisher"", ""Microwave"", ""Free dryer \u2013 In unit"", ""Oven"", ""Hot water"", ""Courtyard view"", ""Coffee maker"", ""Heating"", ""Carbon monoxide alarm"", ""Central air conditioning"", ""Iron"", ""Hangers"", ""Garden view"", ""Shared backyard \u2013 Fully fenced"", ""Dishes and silverware"", ""Smoke alarm"", ""Self check-in"", ""Dedicated workspace"", ""Bathtub"", ""Cooking basics"", ""Lock on bedroom door"", ""Bed linens"", ""Kitchen"", ""Long term stays allowed"", ""Smart lock"", ""Private entrance"", ""Wifi""]",4.78
389,2824760,"Los Angeles, CA",100%,1.5,"[""Extra pillows and blankets"", ""Shared backyard \u2013 Not fully fenced"", ""Refrigerator"", ""Free street parking"", ""Baking sheet"", ""First aid kit"", ""Shared patio or balcony"", ""Essentials"", ""Clothing storage: closet and dresser"", ""Outdoor furniture"", ""Free parking on premises"", ""Dishwasher"", ""Free washer \u2013 In building"", ""Books and reading material"", ""Kitchen aid  stainless steel single oven"", ""City skyline view"", ""TV with Chromecast, Netflix"", ""Hot water kettle"", ""Fire extinguisher"", ""Microwave"", ""Hot water"", ""Luggage dropoff allowed"", ""Cleaning products"", ""Hair dryer"", ""Coffee maker"", ""KitchenAid gas stove"", ""Carbon monoxide alarm"", ""Cleaning available during stay"", ""Central air conditioning"", ""Room-darkening shades"", ""Iron"", ""Indoor fireplace: wood-burning"", ""Toaster"", ""Outdoor dining area"", ""Free dryer \u2013 In building"", ""Hangers"", ""Dining table"", ""Wine glasses"", ""Dishes and silverware"", ""Smoke alarm"", ""Self check-in"", ""Dedicated workspace"", ""Bathtub"", ""Cooking basics"", ""Lock on bedroom door"", ""Bed linens"", ""Kitchen"", ""Long term stays allowed"", ""Board games"", ""Freezer"", ""Wifi"", ""Lockbox"", ""Central heating"", ""Body soap""]",4.73
390,2344764,"Los Angeles, CA",100%,,"[""Stove"", ""Extra pillows and blankets"", ""Coffee"", ""Free street parking"", ""Refrigerator"", ""Baking sheet"", ""First aid kit"", ""Essentials"", ""Outdoor furniture"", ""Free parking on premises"", ""Dishwasher"", ""Drying rack for clothing"", ""Books and reading material"", ""Exterior security cameras on property"", ""Heating - split type ductless system"", ""Free washer \u2013 In unit"", ""Paya Organic conditioner"", ""Private BBQ grill: gas"", ""Hot water kettle"", ""Private backyard \u2013 Fully fenced"", ""Ceiling fan"", ""Fire extinguisher"", ""Portable fans"", ""Free dryer \u2013 In unit"", ""Microwave"", ""Oven"", ""Bikes"", ""Hot water"", ""Luggage dropoff allowed"", ""Cleaning products"", ""Coffee maker: drip coffee maker"", ""Hammock"", ""Sound system"", ""Hair dryer"", ""Pack \u2019n play/Travel crib - available upon request"", ""Shower gel"", ""55 inch HDTV with Hulu, HBO Max, Roku, Netflix, Amazon Prime Video, Apple TV, Disney+"", ""Carbon monoxide alarm"", ""Room-darkening shades"", ""Iron"", ""Toaster"", ""Paya Organic shampoo"", ""Barbecue utensils"", ""Hangers"", ""Private patio or balcony"", ""Dining table"", ""Wine glasses"", ""Dishes and silverware"", ""Smoke alarm"", ""Self check-in"", ""Dedicated workspace"", ""Bathtub"", ""Cooking basics"", ""Paya Organic body soap"", ""Clothing storage: closet"", ""Beach essentials"", ""Bed linens"", ""AC - split type ductless system"", ""Kitchen"", ""Long term stays allowed"", ""Smart lock"", ""Blender"", ""Board games"", ""Freezer"", ""Wifi""]",4.89
391,5320837,"Los Angeles, CA",100%,1.0,"[""Stove"", ""Extra pillows and blankets"", ""Free street parking"", ""Refrigerator"", ""Baking sheet"", ""Essentials"", ""Outdoor furniture"", ""Lockbox"", ""Dishwasher"", ""Drying rack for clothing"", ""Free washer \u2013 In building"", ""BBQ grill"", ""Pets allowed"", ""City skyline view"", ""Fire extinguisher"", ""Safe"", ""Window AC unit"", ""Portable fans"", ""Microwave"", ""Oven"", ""Hot water"", ""Luggage dropoff allowed"", ""Cleaning products"", ""Hair dryer"", ""Coffee maker"", ""Carbon monoxide alarm"", ""Park view"", ""Room-darkening shades"", ""Iron"", ""Toaster"", ""Free driveway parking on premises \u2013 1 space"", ""Outdoor dining area"", ""Free dryer \u2013 In building"", ""Hangers"", ""Barbecue utensils"", ""Dining table"", ""Private patio or balcony"", ""Smoking allowed"", ""Wine glasses"", ""Dishes and silverware"", ""Smoke alarm"", ""Self check-in"", ""42 inch HDTV with Roku"", ""Cooking basics"", ""Bed linens"", ""Kitchen"", ""Paid parking lot off premises"", ""Clothing storage: walk-in closet, closet, and dresser"", ""Long term stays allowed"", ""Private entrance"", ""Freezer"", ""Wifi"", ""Lake view"", ""Central heating""]",4.83
392,219283,"Pasadena, CA",100%,1.0,"[""Stove"", ""Extra pillows and blankets"", ""Coffee"", ""Free street parking"", ""Refrigerator"", ""Baking sheet"", ""Essentials"", ""Clothing storage: closet and dresser"", ""Outdoor furniture"", ""Dishwasher"", ""Books and reading material"", ""BBQ grill"", ""Housekeeping - available at extra cost"", ""Pets allowed"", ""Washer"", ""Air conditioning"", ""Ceiling fan"", ""Fire extinguisher"", ""Microwave"", ""Oven"", ""Patio or balcony"", ""Hot water"", ""Cleaning products"", ""Pack \u2019n play/Travel crib - available upon request"", ""Hair dryer"", ""Coffee maker"", ""Heating"", ""Carbon monoxide alarm"", ""Iron"", ""Toaster"", ""Free driveway parking on premises \u2013 1 space"", ""Hangers"", ""Dining table"", ""TV with standard cable"", ""Dishes and silverware"", ""Smoke alarm"", ""Bathtub"", ""Cooking basics"", ""Single level home"", ""Dryer"", ""Bed linens"", ""Kitchen"", ""Long term stays allowed"", ""Blender"", ""Private entrance"", ""Freezer"", ""Wifi"", ""Body soap""]",4.79
393,219283,"Pasadena, CA",100%,2.0,"[""Stove"", ""Extra pillows and blankets"", ""BBQ grill: gas"", ""Refrigerator"", ""Free street parking"", ""Baking sheet"", ""Essentials"", ""Outdoor furniture"", ""Dishwasher"", ""Pets allowed"", ""Washer"", ""Hot water kettle"", ""Air conditioning"", ""Ceiling fan"", ""Fire extinguisher"", ""Microwave"", ""Oven"", ""Patio or balcony"", ""Hot water"", ""Free carport on premises"", ""Cleaning products"", ""Pack \u2019n play/Travel crib - available upon request"", ""Hair dryer"", ""Coffee maker"", ""Clothing storage"", ""Heating"", ""Carbon monoxide alarm"", ""Iron"", ""Toaster"", ""Barbecue utensils"", ""Hangers"", ""Indoor fireplace"", ""Dining table"", ""TV with standard cable"", ""Wine glasses"", ""Dishes and silverware"", ""Smoke alarm"", ""Bathtub"", ""Cooking basics"", ""Single level home"", ""Dryer"", ""Bed linens"", ""Kitchen"", ""Long term stays allowed"", ""Blender"", ""Freezer"", ""Wifi"", ""Body soap""]",4.67
394,57161,"Los Angeles, CA",82%,11.0,"[""Stove"", ""Free street parking"", ""Refrigerator"", ""First aid kit"", ""Paid parking off premises"", ""Exterior security cameras on property"", ""Washer"", ""Fire extinguisher"", ""Microwave"", ""Oven"", ""Hot water"", ""Luggage dropoff allowed"", ""Hair dryer"", ""Heating"", ""Carbon monoxide alarm"", ""Iron"", ""Smoke alarm"", ""Self check-in"", ""Cooking basics"", ""Dryer"", ""Kitchen"", ""Long term stays allowed"", ""Wifi"", ""Lockbox""]",4.79
395,4809657,"Los Angeles, CA",50%,1.0,"[""Stove"", ""Free street parking"", ""Refrigerator"", ""Shared hot tub"", ""Essentials"", ""Outdoor furniture"", ""Dishwasher"", ""Drying rack for clothing"", ""HDTV with Netflix"", ""Washer"", ""Air conditioning"", ""Microwave"", ""Backyard"", ""Oven"", ""Patio or balcony"", ""Hot water"", ""Cleaning products"", ""Hammock"", ""Shower gel"", ""Heating"", ""Carbon monoxide alarm"", ""Iron"", ""Outdoor dining area"", ""Hangers"", ""Indoor fireplace"", ""Dishes and silverware"", ""Smoke alarm"", ""Bathtub"", ""Cooking basics"", ""Shampoo"", ""Shared pool"", ""Dryer"", ""Kitchen"", ""Conditioner"", ""Long term stays allowed"", ""Sun loungers"", ""Wifi""]",4.5
396,3187019,"Los Angeles, CA",50%,2.0,"[""TV"", ""Heating"", ""Cooking basics"", ""Washer"", ""Dryer"", ""Lock on bedroom door"", ""Air conditioning"", ""Kitchen"", ""Essentials"", ""Free parking on premises"", ""Wifi"", ""Dishes and silverware""]",4.92
397,4819292,"South Pasadena, CA",97%,1.0,"[""Fast wifi \u2013 99 Mbps"", ""Extra pillows and blankets"", ""Coffee"", ""Refrigerator"", ""Baking sheet"", ""First aid kit"", ""Trader Joe\u2019s Tea Tree conditioner"", ""Shared patio or balcony"", ""Essentials"", ""Outdoor furniture"", ""Trader Joe\u2019s Tea Tree body soap"", ""Books and reading material"", ""Exterior security cameras on property"", ""Free washer \u2013 In unit"", ""Ethernet connection"", ""Folding or convertible high chair - always at the listing"", ""Pets allowed"", ""Hot water kettle"", ""Trader Joe\u2019s Tea Tree shampoo"", ""Clothing storage: wardrobe and dresser"", ""Ceiling fan"", ""Fire extinguisher"", ""Window AC unit"", ""Portable fans"", ""Free dryer \u2013 In unit"", ""Microwave"", ""Hot water"", ""Laundromat nearby"", ""Cleaning products"", ""Luggage dropoff allowed"", ""Hair dryer"", ""Shower gel"", ""Portable heater"", ""Carbon monoxide alarm"", ""Room-darkening shades"", ""Iron"", ""Toaster"", ""Private entrance"", ""Children\u2019s books and toys for ages 0-2 years old, 2-5 years old, 5-10 years old, and 10+ years old"", ""Outdoor dining area"", ""Barbecue utensils"", ""Hangers"", ""BBQ grill: charcoal, gas, wood-burning"", ""Paid street parking off premises"", ""Garden view"", ""Pack \u2019n play/Travel crib - always at the listing"", ""Wine glasses"", ""Dishes and silverware"", ""Smoke alarm"", ""Shared backyard \u2013 Fully fenced"", ""Smoking allowed"", ""Self check-in"", ""55 inch HDTV with Amazon Prime Video, Fire TV, Netflix, DVD player"", ""Dedicated workspace"", ""Cooking basics"", ""Gas stove"", ""Single level home"", ""Babysitter recommendations"", ""Single oven"", ""Coffee maker: drip coffee maker, french press, Keurig coffee machine, pour-over coffee"", ""Bed linens"", ""Kitchen"", ""Long term stays allowed"", ""Blender"", ""Board games"", ""Freezer"", ""Lockbox"", ""Rice maker""]",4.78
398,4825732,"Altadena, CA",100%,1.0,"[""Extra pillows and blankets"", ""Free street parking"", ""Refrigerator"", ""Essentials"", ""Outdoor furniture"", ""Free parking on premises"", ""Fast wifi \u2013 171 Mbps"", ""Exterior security cameras on property"", ""Bidet"", ""Air conditioning"", ""Safe"", ""Microwave"", ""Backyard"", ""Hot water"", ""Luggage dropoff allowed"", ""Hair dryer"", ""Coffee maker"", ""Heating"", ""Carbon monoxide alarm"", ""Keypad"", ""Iron"", ""Toaster"", ""Outdoor dining area"", ""Private patio or balcony"", ""Hangers"", ""Smoke alarm"", ""Self check-in"", ""Dedicated workspace"", ""Bathtub"", ""Single level home"", ""Shampoo"", ""Dryer"", ""Clothing storage: closet"", ""Lock on bedroom door"", ""Bed linens"", ""Conditioner"", ""Long term stays allowed"", ""Body soap""]",4.95
399,2742925,"Los Angeles, CA",,,"[""Heating"", ""Washer"", ""Shampoo"", ""Dryer"", ""Carbon monoxide alarm"", ""Wifi"", ""Iron"", ""Air conditioning"", ""Fire extinguisher"", ""First aid kit"", ""Kitchen"", ""Essentials"", ""Free parking on premises"", ""Hangers"", ""Indoor fireplace"", ""TV with standard cable"", ""Hair dryer"", ""Smoke alarm""]",4.67
400,4859326,"Los Angeles, CA",,1.0,"[""TV"", ""Heating"", ""Bathtub"", ""Gym"", ""Washer"", ""Window guards"", ""Dryer"", ""Hot tub"", ""Room-darkening shades"", ""Host greets you"", ""Air conditioning"", ""Fire extinguisher"", ""Kitchen"", ""Free parking on premises"", ""Wifi"", ""Elevator"", ""Pool"", ""Smoke alarm""]",5.0
401,3231869,"Los Angeles, CA",,1.0,"[""Extra pillows and blankets"", ""Host greets you"", ""Free street parking"", ""First aid kit"", ""Essentials"", ""TV"", ""Washer"", ""Air conditioning"", ""Fire extinguisher"", ""Backyard"", ""Patio or balcony"", ""Hot water"", ""Luggage dropoff allowed"", ""Hair dryer"", ""Shower gel"", ""Heating"", ""Carbon monoxide alarm"", ""Iron"", ""Private entrance"", ""Children\u2019s dinnerware"", ""Hangers"", ""Smoke alarm"", ""Shampoo"", ""Dryer"", ""Lock on bedroom door"", ""Bed linens"", ""Long term stays allowed"", ""Babysitter recommendations"", ""Wifi""]",4.91
402,2439921,"Louisville, KY",67%,2.0,"[""Stove"", ""Window guards"", ""Coffee"", ""Refrigerator"", ""Baking sheet"", ""Outdoor furniture"", ""Dishwasher"", ""Pets allowed"", ""Washer"", ""Hot tub"", ""Hot water kettle"", ""Air conditioning"", ""Fire extinguisher"", ""Microwave"", ""Hot water"", ""Cleaning products"", ""Hair dryer"", ""Shower gel"", ""Clothing storage"", ""Heating"", ""Carbon monoxide alarm"", ""Iron"", ""Outdoor dining area"", ""Barbecue utensils"", ""Hangers"", ""Dining table"", ""TV with standard cable"", ""Elevator"", ""Dishes and silverware"", ""Smoke alarm"", ""Bathtub"", ""Shampoo"", ""Dryer"", ""Bed linens"", ""Kitchen"", ""Conditioner"", ""Wifi"", ""Body soap""]",4.84
403,4095467,"Lomita, CA",100%,1.5,"[""Stove"", ""Extra pillows and blankets"", ""Coffee"", ""Free street parking"", ""Refrigerator"", ""Baking sheet"", ""First aid kit"", ""Essentials"", ""Free parking on premises"", ""Books and reading material"", ""BBQ grill"", ""Washer"", ""Hot water kettle"", ""Fire extinguisher"", ""Children\u2019s books and toys"", ""Microwave"", ""Free dryer \u2013 In unit"", ""Oven"", ""Hot water"", ""Luggage dropoff allowed"", ""Cleaning products"", ""Hair dryer"", ""Coffee maker"", ""Shower gel"", ""Clothing storage"", ""Heating"", ""Carbon monoxide alarm"", ""Iron"", ""Toaster"", ""Private entrance"", ""Private patio or balcony"", ""Hangers"", ""Dining table"", ""TV with standard cable"", ""Wine glasses"", ""Dishes and silverware"", ""Smoke alarm"", ""Self check-in"", ""Cooking basics"", ""Shampoo"", ""Beach essentials"", ""Bed linens"", ""Kitchen"", ""Long term stays allowed"", ""Smart lock"", ""Blender"", ""Board games"", ""Freezer"", ""Wifi"", ""Rice maker"", ""Body soap""]",4.9
404,2806696,"Los Angeles, CA",,,"[""Stove"", ""Free street parking"", ""Refrigerator"", ""Essentials"", ""TV"", ""Washer"", ""Microwave"", ""Oven"", ""Hot water"", ""Hair dryer"", ""Heating"", ""Iron"", ""Private patio or balcony"", ""Hangers"", ""Indoor fireplace"", ""Elevator"", ""Dishes and silverware"", ""Smoke alarm"", ""Cooking basics"", ""Dryer"", ""Kitchen"", ""Long term stays allowed"", ""Wifi""]",4.57
405,4120944,"Pasadena, CA",95%,1.0,"[""Extra pillows and blankets"", ""Host greets you"", ""Coffee"", ""Refrigerator"", ""Baking sheet"", ""First aid kit"", ""Essentials"", ""Outdoor furniture"", ""Free parking on premises"", ""Dishwasher"", ""Drying rack for clothing"", ""Books and reading material"", ""Exterior security cameras on property"", ""Free washer \u2013 In unit"", ""Ethernet connection"", ""BBQ grill"", ""Hot water kettle"", ""Private backyard \u2013 Fully fenced"", ""Fire extinguisher"", ""Portable fans"", ""Free dryer \u2013 In unit"", ""Microwave"", ""Oven"", ""Hot water"", ""Luggage dropoff allowed"", ""Cleaning products"", ""Mountain view"", ""Hair dryer"", ""Shower gel"", ""Heating"", ""GE gas stove"", ""Carbon monoxide alarm"", ""Piano"", ""65 inch HDTV with Amazon Prime Video, Apple TV, Disney+, HBO Max, Netflix, premium cable, Roku"", ""Central air conditioning"", ""Room-darkening shades"", ""Iron"", ""Indoor fireplace: wood-burning"", ""Toaster"", ""Cleaning available during stay"", ""Outdoor dining area"", ""Exercise equipment"", ""Hangers"", ""Barbecue utensils"", ""Dining table"", ""Garden view"", ""Wine glasses"", ""Dishes and silverware"", ""Smoke alarm"", ""Paid parking garage on premises \u2013 1 space"", ""Breakfast"", ""Dedicated workspace"", ""Cooking basics"", ""Shampoo"", ""Coffee maker: pour-over coffee"", ""Lock on bedroom door"", ""Bed linens"", ""Clothing storage: walk-in closet, wardrobe, and dresser"", ""Kitchen"", ""Conditioner"", ""Long term stays allowed"", ""Blender"", ""Sun loungers"", ""Board games"", ""Freezer"", ""Wifi"", ""Body soap""]",4.93
406,4123299,"West Hollywood, CA",100%,1.0,"[""Stove"", ""Extra pillows and blankets"", ""Coffee"", ""Free street parking"", ""Refrigerator"", ""Baking sheet"", ""First aid kit"", ""Essentials"", ""Outdoor furniture"", ""Free parking on premises"", ""Dishwasher"", ""Exterior security cameras on property"", ""Ethernet connection"", ""TV with standard cable, DVD player, Netflix"", ""Washer"", ""Hot water kettle"", ""Private backyard \u2013 Fully fenced"", ""Fire extinguisher"", ""Window AC unit"", ""Portable fans"", ""Microwave"", ""Oven"", ""Hot water"", ""Cleaning products"", ""Hair dryer"", ""Coffee maker"", ""Shower gel"", ""Heating"", ""Carbon monoxide alarm"", ""Room-darkening shades"", ""Iron"", ""Toaster"", ""Outdoor dining area"", ""Private patio or balcony"", ""Hangers"", ""Wine glasses"", ""Dishes and silverware"", ""Smoke alarm"", ""Self check-in"", ""Dedicated workspace"", ""Bathtub"", ""Cooking basics"", ""Shampoo"", ""Single level home"", ""Dryer"", ""Clothing storage: closet"", ""Bed linens"", ""Kitchen"", ""Conditioner"", ""Long term stays allowed"", ""Blender"", ""Sun loungers"", ""Private entrance"", ""Freezer"", ""Wifi"", ""Lockbox"", ""Body soap""]",4.91
407,2764207,"Denver, CO",,,"[""Stove"", ""Extra pillows and blankets"", ""Free street parking"", ""Refrigerator"", ""First aid kit"", ""Essentials"", ""Portable air conditioning"", ""Outdoor furniture"", ""Free parking on premises"", ""Dishwasher"", ""Free washer \u2013 In unit"", ""Ethernet connection"", ""Pets allowed"", ""Private backyard \u2013 Fully fenced"", ""Fire extinguisher"", ""Window AC unit"", ""Microwave"", ""Free dryer \u2013 In unit"", ""Pack \u2019n play/Travel crib"", ""Oven"", ""Hot water"", ""Laundromat nearby"", ""Luggage dropoff allowed"", ""Hair dryer"", ""Coffee maker"", ""Carbon monoxide alarm"", ""Keypad"", ""Iron"", ""55 inch HDTV with Chromecast, premium cable, Roku, standard cable"", ""Outdoor dining area"", ""Private patio or balcony"", ""Hangers"", ""Paid street parking off premises"", ""Dining table"", ""High chair"", ""Wine glasses"", ""Dishes and silverware"", ""Smoke alarm"", ""Self check-in"", ""Bathtub"", ""Cooking basics"", ""Shampoo"", ""Bed linens"", ""Kitchen"", ""Long term stays allowed"", ""Private entrance"", ""Wifi"", ""Central heating""]",4.63
408,2609082,"Los Angeles, CA",,1.0,"[""Stove"", ""Coffee"", ""Refrigerator"", ""Gym nearby"", ""Baking sheet"", ""First aid kit"", ""Paid parking off premises"", ""Essentials"", ""Clothing storage: closet and dresser"", ""TV"", ""BBQ grill"", ""Washer"", ""Hot water kettle"", ""Air conditioning"", ""Ceiling fan"", ""Safe"", ""Oven"", ""Patio or balcony"", ""Hot water"", ""Laundromat nearby"", ""Cleaning products"", ""Luggage dropoff allowed"", ""Hair dryer"", ""Coffee maker"", ""Shower gel"", ""Heating"", ""Carbon monoxide alarm"", ""Room-darkening shades"", ""Iron"", ""Outdoor dining area"", ""Hangers"", ""Dining table"", ""Wine glasses"", ""Dishes and silverware"", ""Smoke alarm"", ""Elevator"", ""Dedicated workspace"", ""Bathtub"", ""Cooking basics"", ""Shampoo"", ""Dryer"", ""Bed linens"", ""Kitchen"", ""Conditioner"", ""Long term stays allowed"", ""Blender"", ""Freezer"", ""Wifi"", ""Body soap""]",4.33
409,57161,"Los Angeles, CA",82%,11.0,"[""Stove"", ""Free street parking"", ""Refrigerator"", ""First aid kit"", ""Paid parking off premises"", ""Essentials"", ""Exterior security cameras on property"", ""Washer"", ""Fire extinguisher"", ""Microwave"", ""Hot water"", ""Hair dryer"", ""Heating"", ""Carbon monoxide alarm"", ""Iron"", ""Hangers"", ""Dishes and silverware"", ""Smoke alarm"", ""Self check-in"", ""Dedicated workspace"", ""Cooking basics"", ""Shampoo"", ""Dryer"", ""Bed linens"", ""Kitchen"", ""Long term stays allowed"", ""Wifi"", ""Lockbox""]",4.45
410,5340395,,,,"[""Heating"", ""Washer"", ""Dryer"", ""First aid kit"", ""Fire extinguisher"", ""Kitchen"", ""Essentials"", ""Free parking on premises"", ""Wifi"", ""Smoke alarm""]",
411,10156476,"Los Angeles, CA",80%,2.0,"[""Stove"", ""Free street parking"", ""Refrigerator"", ""Essentials"", ""Free parking on premises"", ""Books and reading material"", ""Air conditioning"", ""Fire extinguisher"", ""Backyard"", ""Clothing storage: closet, wardrobe, and dresser"", ""Mini fridge"", ""Oven"", ""Patio or balcony"", ""Hot water"", ""Luggage dropoff allowed"", ""Cleaning products"", ""Hair dryer"", ""Coffee maker"", ""Heating"", ""Carbon monoxide alarm"", ""Room-darkening shades"", ""Iron"", ""Toaster"", ""Hangers"", ""TV with standard cable"", ""Dishes and silverware"", ""Smoke alarm"", ""Self check-in"", ""Cooking basics"", ""Shampoo"", ""Bed linens"", ""Kitchen"", ""Conditioner"", ""Long term stays allowed"", ""Private entrance"", ""Wifi"", ""Lockbox"", ""Body soap""]",4.78
412,1270782,"Long Beach, CA",100%,,"[""Extra pillows and blankets"", ""Host greets you"", ""Coffee"", ""Free street parking"", ""Refrigerator"", ""Baking sheet"", ""First aid kit"", ""Free washer"", ""Essentials"", ""Outdoor furniture"", ""Free parking on premises"", ""Dishwasher"", ""Drying rack for clothing"", ""Books and reading material"", ""59 inch HDTV"", ""Ethernet connection"", ""BBQ grill"", ""Hot water kettle"", ""Ceiling fan"", ""Outlet covers"", ""Safe"", ""Crib"", ""Window AC unit"", ""Pack \u2019n play/Travel crib"", ""Portable fans"", ""Fire extinguisher"", ""Microwave"", ""Hot water"", ""Oven"", ""Cleaning products"", ""Whirlpool electric stove"", ""Luggage dropoff allowed"", ""Hair dryer"", ""Coffee maker"", ""Shower gel"", ""Clothing storage"", ""Heating"", ""Carbon monoxide alarm"", ""Shared backyard"", ""Cleaning available during stay"", ""Room-darkening shades"", ""Iron"", ""Toaster"", ""Private entrance"", ""Free dryer \u2013 In building"", ""Hangers"", ""Private patio or balcony"", ""Dining table"", ""High chair"", ""Wine glasses"", ""Dishes and silverware"", ""Smoke alarm"", ""Baby bath"", ""Dedicated workspace"", ""Bathtub"", ""Cooking basics"", ""Shampoo"", ""Babysitter recommendations"", ""Bed linens"", ""Kitchen"", ""Conditioner"", ""Long term stays allowed"", ""Blender"", ""Board games"", ""Wifi"", ""Rice maker"", ""Body soap""]",4.63
413,2305260,"Los Angeles, CA",67%,2.5,"[""Extra pillows and blankets"", ""Free street parking"", ""Refrigerator"", ""Baking sheet"", ""First aid kit"", ""Essentials"", ""Dishwasher"", ""Books and reading material"", ""Hot water kettle"", ""Washer \u2013\u00a0In unit"", ""Microwave"", ""Patio or balcony"", ""Hot water"", ""Coffee maker: drip coffee maker"", ""Clothing storage: walk-in closet and closet"", ""Carbon monoxide alarm"", ""Central air conditioning"", ""Iron"", ""Hangers"", ""Wine glasses"", ""Dishes and silverware"", ""Smoke alarm"", ""Stainless steel gas stove"", ""Cooking basics"", ""Shampoo"", ""Single oven"", ""Dryer \u2013\u00a0In unit"", ""Bed linens"", ""Kitchen"", ""HDTV with Roku"", ""Blender"", ""Private entrance"", ""Freezer"", ""Wifi"", ""Central heating""]",4.5
414,4887581,"Long Beach, CA",100%,1.0,"[""Stove"", ""Free street parking"", ""Refrigerator"", ""Essentials"", ""TV"", ""Washer"", ""Fire extinguisher"", ""Microwave"", ""Oven"", ""Hot water"", ""Hair dryer"", ""Coffee maker"", ""Heating"", ""Iron"", ""Hangers"", ""Indoor fireplace"", ""Dishes and silverware"", ""Smoke alarm"", ""Cooking basics"", ""Shampoo"", ""Dryer"", ""Kitchen"", ""Wifi""]",4.84
415,2006759,"California, United States",100%,1.0,"[""Pocket wifi"", ""Extra pillows and blankets"", ""Host greets you"", ""Coffee"", ""Free street parking"", ""Refrigerator"", ""Baking sheet"", ""First aid kit"", ""Essentials"", ""Outdoor furniture"", ""Free parking on premises"", ""Books and reading material"", ""Free washer \u2013 In unit"", ""Ethernet connection"", ""BBQ grill"", ""Pets allowed"", ""Hot water kettle"", ""Private backyard \u2013 Fully fenced"", ""Fire extinguisher"", ""Portable fans"", ""Free dryer \u2013 In unit"", ""HDTV with standard cable"", ""Pack \u2019n play/Travel crib"", ""Microwave"", ""Hot water"", ""Luggage dropoff allowed"", ""Cleaning products"", ""Hair dryer"", ""Coffee maker"", ""Shower gel"", ""Portable heater"", ""Carbon monoxide alarm"", ""Room-darkening shades"", ""Iron"", ""Toaster"", ""Outdoor dining area"", ""Barbecue utensils"", ""Hangers"", ""Private patio or balcony"", ""Dining table"", ""Garden view"", ""Wine glasses"", ""Dishes and silverware"", ""Smoke alarm"", ""Dedicated workspace"", ""Bathtub"", ""Cooking basics"", ""Shampoo"", ""Single level home"", ""Clothing storage: closet"", ""Bed linens"", ""AC - split type ductless system"", ""Kitchen"", ""Conditioner"", ""Long term stays allowed"", ""Private entrance"", ""Freezer"", ""Wifi"", ""Body soap""]",4.73
416,4902248,"Los Angeles, CA",96%,2.0,"[""Extra pillows and blankets"", ""Host greets you"", ""Coffee"", ""Indoor fireplace: gas"", ""Refrigerator"", ""Free street parking"", ""Baking sheet"", ""First aid kit"", ""Shared patio or balcony"", ""Essentials"", ""Clothing storage: closet and dresser"", ""Portable air conditioning"", ""Outdoor furniture"", ""Dishwasher"", ""Free washer \u2013 In building"", ""Drying rack for clothing"", ""Books and reading material"", ""Paid resort access"", ""Pets allowed"", ""City skyline view"", ""Hot water kettle"", ""Private backyard \u2013 Fully fenced"", ""Coffee maker: drip coffee maker, french press, Keurig coffee machine"", ""Fire extinguisher"", ""Portable fans"", ""Valley view"", ""Free dryer \u2013 In unit"", ""55 inch HDTV with Amazon Prime Video, Apple TV, Disney+, HBO Max, Hulu, Netflix, standard cable"", ""Microwave"", ""Hot water"", ""Laundromat nearby"", ""Cleaning products"", ""Luggage dropoff allowed"", ""Mountain view"", ""Hair dryer"", ""Shower gel"", ""Carbon monoxide alarm"", ""Free driveway parking on premises \u2013 3 spaces"", ""Central air conditioning"", ""Room-darkening shades"", ""Iron"", ""Toaster"", ""Outdoor dining area"", ""Barbecue utensils"", ""Hangers"", ""Dining table"", ""Smoking allowed"", ""Fireplace guards"", ""Wine glasses"", ""Dishes and silverware"", ""Smoke alarm"", ""Stainless steel gas stove"", ""Dedicated workspace"", ""Bathtub"", ""Cooking basics"", ""Shampoo"", ""Lock on bedroom door"", ""Stainless steel oven"", ""Bed linens"", ""Kitchen"", ""Conditioner"", ""Fast wifi \u2013 330 Mbps"", ""Blender"", ""Sun loungers"", ""Long term stays allowed"", ""Freezer"", ""Lake view"", ""Central heating"", ""Body soap""]",4.85
417,4812255,"Los Angeles, CA",93%,1.0,"[""Coffee"", ""Free street parking"", ""Refrigerator"", ""First aid kit"", ""Essentials"", ""Outdoor furniture"", ""Exterior security cameras on property"", ""BBQ grill"", ""Hot water kettle"", ""Air conditioning"", ""Fire extinguisher"", ""Microwave"", ""Mini fridge"", ""Backyard"", ""Hot water"", ""Luggage dropoff allowed"", ""Hair dryer"", ""Shower gel"", ""Heating"", ""Carbon monoxide alarm"", ""Iron"", ""Toaster"", ""Outdoor dining area"", ""Barbecue utensils"", ""Hangers"", ""Private patio or balcony"", ""Dining table"", ""Fire pit"", ""Wine glasses"", ""Dishes and silverware"", ""Smoke alarm"", ""Self check-in"", ""Single level home"", ""Shampoo"", ""Coffee maker: pour-over coffee"", ""Bed linens"", ""Conditioner"", ""Private entrance"", ""Freezer"", ""Wifi"", ""Lockbox"", ""Body soap""]",4.8
418,4119851,"Sliema, Malta",,,"[""Gym"", ""First aid kit"", ""Essentials"", ""TV"", ""Pets allowed"", ""Washer"", ""Air conditioning"", ""Hair dryer"", ""Heating"", ""Iron"", ""Hangers"", ""Indoor fireplace"", ""Smoking allowed"", ""Elevator"", ""Smoke alarm"", ""Shampoo"", ""Dryer"", ""Lock on bedroom door"", ""Kitchen"", ""Wifi""]",4.27
419,1511369,"Los Angeles, CA",96%,1.0,"[""Stove"", ""Extra pillows and blankets"", ""Free street parking"", ""Refrigerator"", ""First aid kit"", ""Essentials"", ""Outdoor furniture"", ""Dishwasher"", ""Exterior security cameras on property"", ""Free carport on premises \u2013 1 space"", ""Hot water kettle"", ""Air conditioning"", ""Ceiling fan"", ""Fire extinguisher"", ""Microwave"", ""Backyard"", ""Oven"", ""Paid dryer \u2013 In building"", ""Hair dryer"", ""Coffee maker: espresso machine"", ""55 inch HDTV with standard cable, Netflix"", ""Carbon monoxide alarm"", ""Keypad"", ""Room-darkening shades"", ""Iron"", ""Paid washer \u2013 In building"", ""Private patio or balcony"", ""Hangers"", ""Dishes and silverware"", ""Smoke alarm"", ""Self check-in"", ""Dedicated workspace"", ""Cooking basics"", ""Single level home"", ""Shampoo"", ""Bed linens"", ""Kitchen"", ""Sun loungers"", ""Wifi"", ""Central heating"", ""Body soap""]",4.59
420,57161,"Los Angeles, CA",82%,11.0,"[""Stove"", ""Free street parking"", ""Refrigerator"", ""First aid kit"", ""Paid parking off premises"", ""Essentials"", ""Exterior security cameras on property"", ""Washer"", ""City skyline view"", ""Fire extinguisher"", ""Microwave"", ""Hot water"", ""Hair dryer"", ""Coffee maker"", ""Heating"", ""Carbon monoxide alarm"", ""Iron"", ""Hangers"", ""Dishes and silverware"", ""Smoke alarm"", ""Self check-in"", ""Dedicated workspace"", ""Cooking basics"", ""Shampoo"", ""Dryer"", ""Bed linens"", ""Kitchen"", ""Long term stays allowed"", ""Wifi"", ""Lockbox""]",4.65
421,1572653,"Los Angeles, CA",93%,,"[""Stove"", ""Extra pillows and blankets"", ""Free street parking"", ""Refrigerator"", ""First aid kit"", ""Essentials"", ""Free parking on premises"", ""TV"", ""BBQ grill"", ""Air conditioning"", ""Fire extinguisher"", ""Microwave"", ""Backyard"", ""Oven"", ""Hot water"", ""Hair dryer"", ""Coffee maker"", ""Clothing storage"", ""Heating"", ""Cleaning available during stay"", ""Room-darkening shades"", ""Iron"", ""Fast wifi \u2013 61 Mbps"", ""Hangers"", ""Indoor fireplace"", ""Dishes and silverware"", ""Cooking basics"", ""Single level home"", ""Shampoo"", ""Lock on bedroom door"", ""Bed linens"", ""Kitchen"", ""Long term stays allowed""]",4.86
422,884702,"Santa Monica, CA",98%,1.0,"[""Stove"", ""Extra pillows and blankets"", ""Exercise equipment: free weights, yoga mat"", ""Coffee"", ""Free street parking"", ""Refrigerator"", ""First aid kit"", ""Beach view"", ""Essentials"", ""Shared patio or balcony"", ""Outdoor furniture"", ""Dishwasher"", ""Books and reading material"", ""TV"", ""Pets allowed"", ""City skyline view"", ""Hot water kettle"", ""Fire extinguisher"", ""Portable fans"", ""Microwave"", ""Oven"", ""Hot water"", ""Laundromat nearby"", ""Cleaning products"", ""Luggage dropoff allowed"", ""Mountain view"", ""Hair dryer"", ""Coffee maker"", ""Shower gel"", ""Heating"", ""Carbon monoxide alarm"", ""Piano"", ""Shared beach access"", ""Keypad"", ""Room-darkening shades"", ""Iron"", ""Toaster"", ""Outdoor dining area"", ""Hangers"", ""Ocean view"", ""Dining table"", ""Garden view"", ""Wine glasses"", ""Dishes and silverware"", ""Smoke alarm"", ""Breakfast"", ""Self check-in"", ""Dedicated workspace"", ""Bathtub"", ""Cooking basics"", ""Shampoo"", ""Single level home"", ""Lock on bedroom door"", ""Beach essentials"", ""Bed linens"", ""Kitchen"", ""Conditioner"", ""Freezer"", ""Wifi"", ""Clothing storage: dresser"", ""Body soap""]",4.87
423,4225548,"Los Angeles, CA",,,"[""Stove"", ""Refrigerator"", ""Essentials"", ""Free parking on premises"", ""Dishwasher"", ""TV"", ""Washer"", ""Hot tub"", ""Air conditioning"", ""Fire extinguisher"", ""Microwave"", ""Oven"", ""Patio or balcony"", ""Hot water"", ""Hair dryer"", ""Coffee maker"", ""Heating"", ""Carbon monoxide alarm"", ""Iron"", ""Hangers"", ""Elevator"", ""Dishes and silverware"", ""Smoke alarm"", ""Self check-in"", ""Cooking basics"", ""Shampoo"", ""Dryer"", ""Bed linens"", ""Kitchen"", ""Long term stays allowed"", ""Wifi"", ""Lockbox"", ""Pool""]",4.71
424,1772135,"Los Angeles, CA",75%,,"[""Stove"", ""Extra pillows and blankets"", ""Refrigerator"", ""Baking sheet"", ""First aid kit"", ""Essentials"", ""Free parking on premises"", ""Dishwasher"", ""BBQ grill"", ""Washer"", ""Hot water kettle"", ""Air conditioning"", ""Fire extinguisher"", ""Microwave"", ""Pack \u2019n play/Travel crib"", ""Backyard"", ""Oven"", ""Waterfront"", ""Hot water"", ""Patio or balcony"", ""Luggage dropoff allowed"", ""Hair dryer"", ""Coffee maker"", ""Clothing storage"", ""Heating"", ""Carbon monoxide alarm"", ""Keypad"", ""Room-darkening shades"", ""Iron"", ""Toaster"", ""Beach access \u2013 Beachfront"", ""Hangers"", ""TV with standard cable"", ""Wine glasses"", ""Dishes and silverware"", ""Smoke alarm"", ""Self check-in"", ""Bathtub"", ""Cooking basics"", ""Shampoo"", ""Single level home"", ""Dryer"", ""Bed linens"", ""Kitchen"", ""Long term stays allowed"", ""Sun loungers"", ""Private entrance"", ""Wifi""]",4.67
425,969636,"Los Angeles, CA",95%,1.0,"[""Stove"", ""Free street parking"", ""Refrigerator"", ""Essentials"", ""Washer"", ""Air conditioning"", ""Fire extinguisher"", ""Microwave"", ""Oven"", ""Hot water"", ""Hair dryer"", ""Coffee maker"", ""Heating"", ""Carbon monoxide alarm"", ""Iron"", ""Hangers"", ""TV with standard cable"", ""Dishes and silverware"", ""Smoke alarm"", ""Self check-in"", ""Dedicated workspace"", ""Cooking basics"", ""Shampoo"", ""Dryer"", ""Kitchen"", ""Long term stays allowed"", ""Wifi"", ""Lockbox""]",4.48
426,3504928,"Los Angeles, CA",,,"[""Host greets you"", ""Free street parking"", ""First aid kit"", ""Essentials"", ""Free parking on premises"", ""BBQ grill"", ""Washer"", ""Air conditioning"", ""Fire extinguisher"", ""Backyard"", ""Patio or balcony"", ""Hot water"", ""Hair dryer"", ""Heating"", ""Carbon monoxide alarm"", ""Iron"", ""Hangers"", ""Smoke alarm"", ""Shampoo"", ""Dryer"", ""Kitchen"", ""Long term stays allowed"", ""EV charger"", ""Wifi""]",4.6
427,4260628,"Los Angeles, CA",90%,1.0,"[""Extra pillows and blankets"", ""Coffee"", ""Indoor fireplace: gas"", ""Free street parking"", ""First aid kit"", ""Essentials"", ""Outdoor furniture"", ""Free washer \u2013 In building"", ""Private backyard \u2013 Not fully fenced"", ""Exterior security cameras on property"", ""Ethernet connection"", ""City skyline view"", ""Fire extinguisher"", ""Portable fans"", ""Mini fridge"", ""Patio or balcony"", ""Laundromat nearby"", ""Luggage dropoff allowed"", ""Mountain view"", ""Building staff"", ""Hair dryer"", ""Coffee maker"", ""Shower gel"", ""Heating"", ""GE refrigerator"", ""Carbon monoxide alarm"", ""Shared beach access"", ""Central air conditioning"", ""Room-darkening shades"", ""Iron"", ""Free driveway parking on premises \u2013 1 space"", ""Outdoor dining area"", ""Free dryer \u2013 In building"", ""Hangers"", ""Dining table"", ""Fire pit"", ""TV with standard cable"", ""Wine glasses"", ""Smoke alarm"", ""Self check-in"", ""Shampoo"", ""Clothing storage: closet"", ""Lock on bedroom door"", ""Beach essentials"", ""Bed linens"", ""Conditioner"", ""Sun loungers"", ""Wifi"", ""Body soap""]",4.9
428,5372228,"Los Angeles, CA",,0.5,"[""Extra pillows and blankets"", ""Coffee"", ""Free street parking"", ""First aid kit"", ""Essentials"", ""Free parking on premises"", ""Wifi"", ""Frigidaire stainless steel gas stove"", ""Frigidaire refrigerator"", ""Books and reading material"", ""Exterior security cameras on property"", ""Ethernet connection"", ""Housekeeping - available at extra cost"", ""Washer"", ""Private BBQ grill: gas"", ""Private gym in building"", ""Air conditioning"", ""Fire extinguisher"", ""Portable fans"", ""Microwave"", ""Mini fridge"", ""Fridigidaire stainless steel single oven"", ""Hot water"", ""Laundromat nearby"", ""Cleaning products"", ""Luggage dropoff allowed"", ""Hair dryer"", ""Shower gel"", ""Heating"", ""Coffee maker: drip coffee maker, espresso machine, french press"", ""Carbon monoxide alarm"", ""Room-darkening shades"", ""Iron"", ""Toaster"", ""Noise decibel monitors on property"", ""EV charger - level 1"", ""Outdoor dining area"", ""Barbecue utensils"", ""Hangers"", ""Private patio or balcony"", ""Indoor fireplace"", ""Dining table"", ""Fireplace guards"", ""Wine glasses"", ""Private hot tub - available all year, open 24 hours"", ""Smoke alarm"", ""Self check-in"", ""Rotel sound system with Bluetooth and aux"", ""Exercise equipment: yoga mat, workout bench"", ""Olay Ultra Moisture Body Wash body soap"", ""Dedicated workspace"", ""Bathtub"", ""TRESemm\u00e9 Silky & Smooth Anti-Frizz Conditioner conditioner"", ""Cooking basics"", ""Single level home"", ""Dryer"", ""Bed linens"", ""Kitchen"", ""Long term stays allowed"", ""Blender"", ""Sun loungers"", ""Private entrance"", ""Freezer"", ""TRESemm\u00e9 Silky & Smooth Anti-Frizz Shampoo shampoo"", ""Lockbox""]",
429,5390998,"Los Angeles, CA",,,"[""Heating"", ""Washer"", ""Shampoo"", ""Dryer"", ""Kitchen"", ""Essentials"", ""Wifi"", ""TV with standard cable"", ""Lockbox"", ""Self check-in""]",
430,2400215,"Los Angeles, CA",100%,2.0,"[""Extra pillows and blankets"", ""Free street parking"", ""Refrigerator"", ""First aid kit"", ""Essentials"", ""Clothing storage: closet and dresser"", ""Outdoor furniture"", ""Books and reading material"", ""BBQ grill"", ""Bidet"", ""TV with Apple TV"", ""Hot water kettle"", ""Ceiling fan"", ""Fire extinguisher"", ""Children\u2019s books and toys"", ""Portable fans"", ""Microwave"", ""Mini fridge"", ""Hot water"", ""Hair dryer"", ""Coffee maker"", ""Shower gel"", ""Carbon monoxide alarm"", ""Free driveway parking on premises \u2013 3 spaces"", ""Central air conditioning"", ""Keypad"", ""Indoor fireplace: wood-burning"", ""Iron"", ""Toaster"", ""Private entrance"", ""Outdoor dining area"", ""Barbecue utensils"", ""Hangers"", ""Private patio or balcony"", ""Dining table"", ""Fireplace guards"", ""Wine glasses"", ""Dishes and silverware"", ""Smoke alarm"", ""Self check-in"", ""Dedicated workspace"", ""Bathtub"", ""Cooking basics"", ""Shampoo"", ""Babysitter recommendations"", ""Bed linens"", ""Conditioner"", ""Long term stays allowed"", ""Board games"", ""Freezer"", ""Wifi"", ""Rice maker"", ""Central heating"", ""Body soap""]",4.68
431,57161,"Los Angeles, CA",82%,11.0,"[""Stove"", ""Refrigerator"", ""First aid kit"", ""Paid parking off premises"", ""Essentials"", ""Exterior security cameras on property"", ""City skyline view"", ""Fire extinguisher"", ""Microwave"", ""Paid dryer \u2013 In building"", ""Hair dryer"", ""Coffee maker"", ""Heating"", ""Carbon monoxide alarm"", ""Iron"", ""Paid washer \u2013 In building"", ""Hangers"", ""Dishes and silverware"", ""Smoke alarm"", ""Self check-in"", ""Dedicated workspace"", ""Cooking basics"", ""Shampoo"", ""Bed linens"", ""Kitchen"", ""Wifi"", ""Lockbox""]",4.34
432,66096,"Santa Monica, CA",25%,3.0,"[""Stove"", ""Free street parking"", ""Refrigerator"", ""Beach view"", ""Essentials"", ""Free parking on premises"", ""Dishwasher"", ""Pets allowed"", ""Washer"", ""Fire extinguisher"", ""Microwave"", ""Backyard"", ""Oven"", ""Patio or balcony"", ""Hot water"", ""Luggage dropoff allowed"", ""Building staff"", ""Hair dryer"", ""Coffee maker"", ""Sea view"", ""Heating"", ""Carbon monoxide alarm"", ""Iron"", ""Beach access \u2013 Beachfront"", ""Hangers"", ""Ocean view"", ""Indoor fireplace"", ""Garden view"", ""TV with standard cable"", ""Dishes and silverware"", ""Smoke alarm"", ""Self check-in"", ""Dedicated workspace"", ""Cooking basics"", ""Shampoo"", ""Dryer"", ""Kitchen"", ""Wifi""]",4.71
433,4977120,"Los Angeles, CA",93%,2.0,"[""Stove"", ""Extra pillows and blankets"", ""Host greets you"", ""Coffee"", ""Free street parking"", ""Refrigerator"", ""Essentials"", ""Free parking on premises"", ""Paid parking on premises"", ""Exterior security cameras on property"", ""Hot water kettle"", ""Fire extinguisher"", ""Microwave"", ""Backyard"", ""Oven"", ""Hot water"", ""Laundromat nearby"", ""Cleaning products"", ""Luggage dropoff allowed"", ""Mountain view"", ""Coffee maker"", ""Clothing storage"", ""Heating"", ""Carbon monoxide alarm"", ""Central air conditioning"", ""Iron"", ""Toaster"", ""Private patio or balcony"", ""Hangers"", ""Dining table"", ""TV with standard cable"", ""Wine glasses"", ""Dishes and silverware"", ""Smoke alarm"", ""Bathtub"", ""Cooking basics"", ""Shampoo"", ""Single level home"", ""Bed linens"", ""Kitchen"", ""Conditioner"", ""Long term stays allowed"", ""Blender"", ""Private entrance"", ""Freezer"", ""Wifi""]",4.81
434,4105832,"Los Angeles, CA",,2.5,"[""Stove"", ""Extra pillows and blankets"", ""Free street parking"", ""Refrigerator"", ""First aid kit"", ""Essentials"", ""Outdoor furniture"", ""Free parking on premises"", ""Dishwasher"", ""Books and reading material"", ""Washer"", ""Hot water kettle"", ""Air conditioning"", ""Fire extinguisher"", ""Microwave"", ""Backyard"", ""Oven"", ""Patio or balcony"", ""Hot water"", ""Luggage dropoff allowed"", ""Sound system"", ""Hair dryer"", ""Coffee maker"", ""Heating"", ""Carbon monoxide alarm"", ""Keypad"", ""Room-darkening shades"", ""Iron"", ""Hangers"", ""Indoor fireplace"", ""Garden view"", ""TV with standard cable"", ""Wine glasses"", ""Dishes and silverware"", ""Smoke alarm"", ""Dining table"", ""Self check-in"", ""Dedicated workspace"", ""Cooking basics"", ""Single level home"", ""Shampoo"", ""Dryer"", ""Bed linens"", ""Kitchen"", ""Long term stays allowed"", ""Sun loungers"", ""Private entrance"", ""Wifi"", ""Body soap""]",4.81
435,2566215,"Venice, LA",78%,1.0,"[""Stove"", ""Extra pillows and blankets"", ""Coffee"", ""Free street parking"", ""Refrigerator"", ""Baking sheet"", ""First aid kit"", ""Essentials"", ""Outdoor furniture"", ""Drying rack for clothing"", ""Books and reading material"", ""Ethernet connection"", ""BBQ grill"", ""Washer"", ""Hot water kettle"", ""Crib"", ""Portable fans"", ""Pack \u2019n play/Travel crib"", ""Backyard"", ""Oven"", ""Changing table"", ""Hot water"", ""Patio or balcony"", ""Cleaning products"", ""Bikes"", ""Luggage dropoff allowed"", ""Hair dryer"", ""Coffee maker"", ""Shower gel"", ""Clothing storage"", ""Heating"", ""Outdoor kitchen"", ""Carbon monoxide alarm"", ""Iron"", ""Toaster"", ""Outdoor dining area"", ""Barbecue utensils"", ""Hangers"", ""Dining table"", ""High chair"", ""Wine glasses"", ""Dishes and silverware"", ""Smoke alarm"", ""Dedicated workspace"", ""Bathtub"", ""Cooking basics"", ""Shampoo"", ""Single level home"", ""Dryer"", ""Beach essentials"", ""Bed linens"", ""Kitchen"", ""Conditioner"", ""TV with standard cable, DVD player, HBO Max"", ""Blender"", ""Long term stays allowed"", ""EV charger"", ""Private entrance"", ""Freezer"", ""Wifi"", ""Body soap""]",4.77
436,706094,"Los Angeles, CA",98%,1.0,"[""Stove"", ""Free street parking"", ""Refrigerator"", ""First aid kit"", ""Essentials"", ""Outdoor furniture"", ""Dishwasher"", ""Exterior security cameras on property"", ""TV"", ""BBQ grill"", ""Washer"", ""Fire extinguisher"", ""Microwave"", ""Oven"", ""Hot water"", ""Hair dryer"", ""Coffee maker"", ""Shower gel"", ""Heating"", ""Carbon monoxide alarm"", ""Keypad"", ""Iron"", ""Beach access \u2013 Beachfront"", ""Private patio or balcony"", ""Hangers"", ""Dishes and silverware"", ""Smoke alarm"", ""Self check-in"", ""Dedicated workspace"", ""Cooking basics"", ""Shampoo"", ""Dryer"", ""Free parking garage on premises \u2013 1 space"", ""Kitchen"", ""Conditioner"", ""Freezer"", ""Wifi"", ""Body soap""]",4.77
437,969636,"Los Angeles, CA",95%,1.0,"[""Free street parking"", ""Refrigerator"", ""Essentials"", ""Free parking on premises"", ""Washer"", ""Air conditioning"", ""Fire extinguisher"", ""Microwave"", ""Oven"", ""Hot water"", ""Hair dryer"", ""Heating"", ""Carbon monoxide alarm"", ""Iron"", ""Hangers"", ""TV with standard cable"", ""Dishes and silverware"", ""Smoke alarm"", ""Self check-in"", ""Dedicated workspace"", ""Cooking basics"", ""Shampoo"", ""Dryer"", ""Kitchen"", ""Long term stays allowed"", ""Wifi"", ""Lockbox""]",4.64
438,1254174,"Venice, CA",,,"[""Cooking basics"", ""Carbon monoxide alarm"", ""Fire extinguisher"", ""Kitchen"", ""Wifi"", ""Exterior security cameras on property"", ""Smoke alarm""]",4.5
439,5063938,"Los Angeles, CA",100%,1.5,"[""Stove"", ""Free street parking"", ""Refrigerator"", ""Essentials"", ""Outdoor furniture"", ""Free parking on premises"", ""TV with Fire TV"", ""Dishwasher"", ""BBQ grill"", ""Washer"", ""Fire extinguisher"", ""Oven"", ""Fast wifi \u2013 250 Mbps"", ""Hot water"", ""Luggage dropoff allowed"", ""Cleaning products"", ""Hair dryer"", ""Coffee maker"", ""Heating"", ""Carbon monoxide alarm"", ""Central air conditioning"", ""Iron"", ""Outdoor dining area"", ""Private patio or balcony"", ""Hangers"", ""Indoor fireplace"", ""Dishes and silverware"", ""Smoke alarm"", ""Self check-in"", ""Dedicated workspace"", ""Cooking basics"", ""Shampoo"", ""Dryer"", ""Lock on bedroom door"", ""AC - split type ductless system"", ""Kitchen"", ""Smart lock"", ""Private entrance""]",4.9
440,5076940,"Los Angeles, CA",50%,2.0,"[""Pocket wifi"", ""Extra pillows and blankets"", ""Stove"", ""Refrigerator"", ""First aid kit"", ""Essentials"", ""Free parking on premises"", ""Dishwasher"", ""Exterior security cameras on property"", ""Ethernet connection"", ""Pets allowed"", ""Washer"", ""Private hot tub"", ""Air conditioning"", ""Crib"", ""Microwave"", ""Pack \u2019n play/Travel crib"", ""Backyard"", ""Oven"", ""Waterfront"", ""Hot water"", ""Patio or balcony"", ""Hair dryer"", ""Coffee maker"", ""Heating"", ""Carbon monoxide alarm"", ""Iron"", ""Beach access \u2013 Beachfront"", ""Hangers"", ""Indoor fireplace"", ""Fireplace guards"", ""TV with standard cable"", ""Dishes and silverware"", ""Smoke alarm"", ""Self check-in"", ""Bathtub"", ""Cooking basics"", ""Shampoo"", ""Dryer"", ""Bed linens"", ""Kitchen"", ""Long term stays allowed"", ""Wifi"", ""Lockbox""]",4.62
441,4281624,"Los Angeles, CA",,1.0,"[""Stove"", ""Refrigerator"", ""First aid kit"", ""Essentials"", ""Free parking on premises"", ""Dishwasher"", ""Washer"", ""Air conditioning"", ""Microwave"", ""Oven"", ""Patio or balcony"", ""Hair dryer"", ""Heating"", ""Carbon monoxide alarm"", ""Iron"", ""Indoor fireplace"", ""Smoking allowed"", ""TV with standard cable"", ""Dishes and silverware"", ""Smoke alarm"", ""Cooking basics"", ""Shampoo"", ""Dryer"", ""Kitchen"", ""Wifi""]",4.12
442,192939,"Los Angeles, CA",100%,1.0,"[""Stove"", ""Extra pillows and blankets"", ""Free driveway parking on premises"", ""Free street parking"", ""Refrigerator"", ""First aid kit"", ""Essentials"", ""Portable air conditioning"", ""TV"", ""Pets allowed"", ""Ceiling fan"", ""Fire extinguisher"", ""Window AC unit"", ""Washer \u2013\u00a0In unit"", ""Portable fans"", ""Microwave"", ""Backyard"", ""Hot water"", ""Radiant heating"", ""Hair dryer"", ""Coffee maker"", ""Shower gel"", ""Carbon monoxide alarm"", ""Cleaning available during stay"", ""Iron"", ""Hangers"", ""Dishes and silverware"", ""Smoke alarm"", ""New Frigidaire stainless steel oven"", ""Self check-in"", ""Dedicated workspace"", ""Cooking basics"", ""Single level home"", ""Shampoo"", ""Trader  Joe's 3 in one body shampoo and conditioner  conditioner"", ""Bed linens"", ""Kitchen"", ""Long term stays allowed"", ""Private entrance"", ""Freezer"", ""Wifi"", ""Lockbox"", ""Body soap""]",4.8
443,4227665,"Los Angeles, CA",55%,2.0,"[""Stove"", ""Extra pillows and blankets"", ""Refrigerator"", ""Baking sheet"", ""First aid kit"", ""Essentials"", ""Free parking on premises"", ""Dishwasher"", ""Pets allowed"", ""Washer"", ""Hot water kettle"", ""Air conditioning"", ""Fire extinguisher"", ""Microwave"", ""Backyard"", ""Oven"", ""Hair dryer"", ""Coffee maker"", ""Heating"", ""Iron"", ""Toaster"", ""Barbecue utensils"", ""Hangers"", ""Private patio or balcony"", ""Indoor fireplace"", ""TV with standard cable"", ""Wine glasses"", ""Dishes and silverware"", ""Smoke alarm"", ""Dedicated workspace"", ""Cooking basics"", ""Single level home"", ""Shampoo"", ""Dryer"", ""Bed linens"", ""Kitchen"", ""Long term stays allowed"", ""Blender"", ""Private entrance"", ""Freezer"", ""Wifi""]",5.0
444,4299309,"Malibu, CA",100%,4.5,"[""Extra pillows and blankets"", ""Private outdoor pool - available all year, open 24 hours, heated, olympic-sized, water slide"", ""Essentials"", ""Outdoor furniture"", ""Free washer \u2013 In unit"", ""Hot water kettle"", ""Private hot tub"", ""Valley view"", ""Bikes"", ""Carbon monoxide alarm"", ""Central air conditioning"", ""Nuskin body soap"", ""Dishes and silverware"", ""Smoke alarm"", ""Bathtub"", ""Long term stays allowed"", ""Exercise equipment: free weights, yoga mat"", ""Refrigerator"", ""First aid kit"", ""Free parking on premises"", ""Dishwasher"", ""Drying rack for clothing"", ""Private backyard \u2013 Not fully fenced"", ""BBQ grill"", ""Fire extinguisher"", ""Oven"", ""Changing table"", ""Hot water"", ""Mountain view"", ""Hair dryer"", ""Coffee maker"", ""Heating"", ""Cleaning available during stay"", ""Shared beach access"", ""Outdoor dining area"", ""72 inch HDTV with Amazon Prime Video, Netflix, standard cable"", ""Garden view"", ""Fireplace guards"", ""Cooking basics"", ""Shampoo"", ""Kitchen"", ""Blender"", ""Sun loungers"", ""Board games"", ""Freezer"", ""Pocket wifi"", ""Baking sheet"", ""Books and reading material"", ""Sonos Bluetooth sound system"", ""Luggage dropoff allowed"", ""Cleaning products"", ""Free resort access"", ""Barbecue utensils"", ""Private patio or balcony"", ""Fire pit"", ""Shared gym nearby"", ""Single level home"", ""Beach essentials"", ""Bed linens"", ""Paid parking lot on premises \u2013 40 spaces"", ""Babysitter recommendations"", ""Lake view"", ""Host greets you"", ""Coffee"", ""Thermador induction stove"", ""Nuskin conditioner"", ""Ethernet connection"", ""Pool view"", ""Outdoor shower"", ""Pets allowed"", ""Microwave"", ""Free dryer \u2013 In unit"", ""Shower gel"", ""Room-darkening shades"", ""Iron"", ""Indoor fireplace: wood-burning"", ""Toaster"", ""Hangers"", ""Dining table"", ""Wine glasses"", ""Dedicated workspace"", ""Vineyard view"", ""Clothing storage: walk-in closet, closet, and dresser"", ""Private entrance"", ""Wifi""]",4.7
445,4306634,"Los Angeles, CA",,,"[""Stove"", ""Extra pillows and blankets"", ""Free street parking"", ""Refrigerator"", ""Essentials"", ""Ethernet connection"", ""Washer"", ""Air conditioning"", ""Fire extinguisher"", ""Children\u2019s books and toys"", ""Microwave"", ""Backyard"", ""Oven"", ""Hot water"", ""Luggage dropoff allowed"", ""Hair dryer"", ""Coffee maker"", ""Heating"", ""Carbon monoxide alarm"", ""Iron"", ""Private entrance"", ""Children\u2019s dinnerware"", ""Hangers"", ""TV with standard cable"", ""Dishes and silverware"", ""Smoke alarm"", ""Cooking basics"", ""Shampoo"", ""Dryer"", ""Bed linens"", ""Kitchen"", ""Long term stays allowed"", ""Babysitter recommendations"", ""Wifi""]",4.94
446,4308078,"Malibu, CA",100%,1.0,"[""Stove"", ""Extra pillows and blankets"", ""Window guards"", ""Free street parking"", ""Refrigerator"", ""First aid kit"", ""Shared patio or balcony"", ""Essentials"", ""Outdoor furniture"", ""Free parking on premises"", ""Private backyard \u2013 Not fully fenced"", ""Pool view"", ""Pets allowed"", ""Shared pool - available seasonally"", ""Outlet covers"", ""Fire extinguisher"", ""Valley view"", ""Oven"", ""Hot water"", ""Luggage dropoff allowed"", ""Mountain view"", ""Coffee maker"", ""Sea view"", ""Heating"", ""Carbon monoxide alarm"", ""Keypad"", ""Park view"", ""Room-darkening shades"", ""Iron"", ""Children\u2019s dinnerware"", ""Hangers"", ""Ocean view"", ""Dishes and silverware"", ""Smoke alarm"", ""Self check-in"", ""Dedicated workspace"", ""Cooking basics"", ""Shampoo"", ""Bed linens"", ""Kitchen"", ""Private entrance"", ""Wifi""]",4.79
447,57161,"Los Angeles, CA",82%,11.0,"[""Heating"", ""Cooking basics"", ""Washer"", ""Dryer"", ""Iron"", ""Kitchen"", ""Lockbox"", ""Wifi"", ""Exterior security cameras on property"", ""Hair dryer"", ""Self check-in""]",4.69
448,467603,"Malibu, CA",0%,2.0,"[""Stove"", ""Extra pillows and blankets"", ""Refrigerator"", ""Golf course view"", ""Sonos sound system"", ""Baking sheet"", ""First aid kit"", ""Beach view"", ""Essentials"", ""Free parking on premises"", ""Dishwasher"", ""Drying rack for clothing"", ""Books and reading material"", ""Exterior security cameras on property"", ""Bay view"", ""Free washer \u2013 In unit"", ""Ethernet connection"", ""Pool view"", ""Record player"", ""Outdoor shower"", ""City skyline view"", ""Hot water kettle"", ""Marina view"", ""Private hot tub"", ""Air conditioning"", ""Fire extinguisher"", ""Backyard"", ""Valley view"", ""Free dryer \u2013 In unit"", ""Oven"", ""Patio or balcony"", ""Hot water"", ""Cleaning products"", ""Courtyard view"", ""Mountain view"", ""Hair dryer"", ""Coffee maker"", ""Sea view"", ""Heating"", ""Carbon monoxide alarm"", ""Keypad"", ""Park view"", ""Iron"", ""Toaster"", ""Harbor view"", ""Ocean view"", ""Hangers"", ""Garden view"", ""TV with standard cable"", ""Wine glasses"", ""Dishes and silverware"", ""Smoke alarm"", ""Self check-in"", ""Cooking basics"", ""Shampoo"", ""Bed linens"", ""Kitchen"", ""Clothing storage: walk-in closet, closet, and dresser"", ""Blender"", ""EV charger"", ""Board games"", ""Freezer"", ""Wifi"", ""Lake view"", ""Body soap""]",4.67
449,5280356,"Los Angeles, CA",97%,,"[""Stove"", ""Extra pillows and blankets"", ""Free street parking"", ""Refrigerator"", ""First aid kit"", ""Essentials"", ""Ethernet connection"", ""Pets allowed"", ""Washer"", ""Air conditioning"", ""Fire extinguisher"", ""Microwave"", ""Backyard"", ""Oven"", ""Changing table"", ""Hot water"", ""Luggage dropoff allowed"", ""Hair dryer"", ""Coffee maker"", ""Heating"", ""Carbon monoxide alarm"", ""Keypad"", ""Room-darkening shades"", ""Iron"", ""Hangers"", ""TV with standard cable"", ""Dishes and silverware"", ""Smoke alarm"", ""Self check-in"", ""Bathtub"", ""Cooking basics"", ""Shampoo"", ""Dryer"", ""Lock on bedroom door"", ""Bed linens"", ""Kitchen"", ""Private entrance"", ""Wifi""]",4.94
450,5463897,"Los Angeles, CA",60%,1.0,"[""Host greets you"", ""Free street parking"", ""Refrigerator"", ""First aid kit"", ""Shared hot tub"", ""Essentials"", ""Air conditioning"", ""Fire extinguisher"", ""Hot water"", ""Hair dryer"", ""Iron"", ""Hangers"", ""TV with standard cable"", ""Dishes and silverware"", ""Smoke alarm"", ""Dedicated workspace"", ""Shared pool"", ""Dryer"", ""Lock on bedroom door"", ""Long term stays allowed"", ""Wifi""]",4.76
451,4204367,"Los Angeles, CA",60%,1.0,"[""Stove"", ""Extra pillows and blankets"", ""Coffee"", ""Free street parking"", ""Refrigerator"", ""Baking sheet"", ""First aid kit"", ""Essentials"", ""Outdoor furniture"", ""Free parking on premises"", ""Dishwasher"", ""Drying rack for clothing"", ""Paid parking on premises"", ""Books and reading material"", ""Pets allowed"", ""Washer"", ""Hot water kettle"", ""Air conditioning"", ""Outlet covers"", ""Safe"", ""Fire extinguisher"", ""Microwave"", ""Oven"", ""Patio or balcony"", ""Hot water"", ""Laundromat nearby"", ""Cleaning products"", ""Luggage dropoff allowed"", ""Hair dryer"", ""Coffee maker"", ""Shower gel"", ""Clothing storage"", ""Heating"", ""Carbon monoxide alarm"", ""Cleaning available during stay"", ""Room-darkening shades"", ""Iron"", ""Toaster"", ""Private entrance"", ""Outdoor dining area"", ""Barbecue utensils"", ""Hangers"", ""Indoor fireplace"", ""Dining table"", ""TV with standard cable"", ""Wine glasses"", ""Dishes and silverware"", ""Smoke alarm"", ""Dedicated workspace"", ""Cooking basics"", ""Shampoo"", ""Dryer"", ""Bed linens"", ""Kitchen"", ""Conditioner"", ""Long term stays allowed"", ""Blender"", ""Board games"", ""Freezer"", ""Wifi"", ""Body soap""]",4.75
452,66096,"Santa Monica, CA",25%,2.0,"[""Essentials"", ""Free parking on premises"", ""Ethernet connection"", ""Pets allowed"", ""Air conditioning"", ""Fire extinguisher"", ""Microwave"", ""Oven"", ""Hot water"", ""Coffee maker"", ""Hair dryer"", ""Heating"", ""Carbon monoxide alarm"", ""TV with standard cable"", ""Smoke alarm"", ""Cooking basics"", ""Bed linens"", ""Kitchen"", ""Private entrance"", ""Wifi""]",4.57
453,3392276,,75%,1.0,"[""Stove"", ""Free street parking"", ""Refrigerator"", ""Paid parking off premises"", ""Essentials"", ""Free parking on premises"", ""Air conditioning"", ""Fire extinguisher"", ""Microwave"", ""Hot water"", ""Paid dryer \u2013 In building"", ""Hair dryer"", ""Coffee maker"", ""Clothing storage"", ""Heating"", ""Carbon monoxide alarm"", ""Keypad"", ""Cleaning available during stay"", ""Room-darkening shades"", ""Iron"", ""Toaster"", ""Paid washer \u2013 In building"", ""Hangers"", ""Dining table"", ""TV with standard cable"", ""Elevator"", ""Dishes and silverware"", ""Smoke alarm"", ""Self check-in"", ""Bathtub"", ""Cooking basics"", ""Shampoo"", ""Single level home"", ""Bed linens"", ""Kitchen"", ""Long term stays allowed"", ""Private entrance"", ""Wifi"", ""Body soap""]",4.77
454,4342996,"Los Angeles, CA",,,"[""Heating"", ""Pets allowed"", ""Washer"", ""Shampoo"", ""Dryer"", ""Carbon monoxide alarm"", ""Air conditioning"", ""Fire extinguisher"", ""Kitchen"", ""Essentials"", ""Free parking on premises"", ""Smoke alarm""]",4.69
455,57161,"Los Angeles, CA",82%,11.0,"[""Stove"", ""Free street parking"", ""Refrigerator"", ""First aid kit"", ""Paid parking off premises"", ""Exterior security cameras on property"", ""Washer"", ""City skyline view"", ""Fire extinguisher"", ""Microwave"", ""Oven"", ""Hot water"", ""Hair dryer"", ""Coffee maker"", ""Heating"", ""Carbon monoxide alarm"", ""Iron"", ""Dishes and silverware"", ""Smoke alarm"", ""Self check-in"", ""Cooking basics"", ""Dryer"", ""Kitchen"", ""Long term stays allowed"", ""Wifi"", ""Lockbox""]",4.76
456,84714,"Los Angeles, CA",100%,1.0,"[""Stove"", ""Extra pillows and blankets"", ""Free street parking"", ""Refrigerator"", ""Baking sheet"", ""First aid kit"", ""Shared hot tub"", ""Shared patio or balcony"", ""Essentials"", ""Outdoor furniture"", ""Free parking on premises"", ""Dishwasher"", ""Exterior security cameras on property"", ""Free washer \u2013 In unit"", ""Ethernet connection"", ""TV"", ""BBQ grill"", ""Outdoor shower"", ""Hot water kettle"", ""Ceiling fan"", ""Fire extinguisher"", ""Crib"", ""Microwave"", ""Free dryer \u2013 In unit"", ""Fast wifi \u2013 167 Mbps"", ""Oven"", ""Hot water"", ""Luggage dropoff allowed"", ""Cleaning products"", ""Hair dryer"", ""Coffee maker"", ""Shower gel"", ""Heating"", ""Carbon monoxide alarm"", ""Keypad"", ""Trash compactor"", ""Room-darkening shades"", ""Iron"", ""Toaster"", ""Outdoor dining area"", ""Barbecue utensils"", ""Hangers"", ""Dining table"", ""Garden view"", ""Shared backyard \u2013 Fully fenced"", ""Wine glasses"", ""Dishes and silverware"", ""Smoke alarm"", ""Fire pit"", ""Self check-in"", ""Dedicated workspace"", ""Cooking basics"", ""Single level home"", ""Shampoo"", ""Clothing storage: closet"", ""Bluetooth sound system"", ""Beach essentials"", ""Bed linens"", ""AC - split type ductless system"", ""Kitchen"", ""Conditioner"", ""Long term stays allowed"", ""Private entrance"", ""Freezer""]",4.89
457,2974166,"Los Angeles, CA",100%,1.0,"[""Host greets you"", ""Free street parking"", ""Refrigerator"", ""First aid kit"", ""Essentials"", ""Washer"", ""Fire extinguisher"", ""Hot water"", ""EV charger - level 2"", ""Hair dryer"", ""Carbon monoxide alarm"", ""Central air conditioning"", ""Iron"", ""Coffee maker: Keurig coffee machine, pour-over coffee"", ""Hangers"", ""Dishes and silverware"", ""Smoke alarm"", ""Dedicated workspace"", ""Shampoo"", ""Dryer"", ""Lock on bedroom door"", ""HDTV with standard cable, Amazon Prime Video, Fire TV, Netflix"", ""Kitchen"", ""Long term stays allowed"", ""Wifi"", ""Central heating""]",4.85
458,4382217,"Los Angeles, CA",100%,,"[""Stove"", ""Free street parking"", ""Refrigerator"", ""First aid kit"", ""Essentials"", ""TV"", ""Fire extinguisher"", ""Microwave"", ""Backyard"", ""Oven"", ""Patio or balcony"", ""Hot water"", ""Hair dryer"", ""Coffee maker"", ""Heating"", ""Carbon monoxide alarm"", ""Iron"", ""Hangers"", ""Dishes and silverware"", ""Smoke alarm"", ""Cooking basics"", ""Shampoo"", ""Kitchen"", ""Wifi""]",4.77
459,2795861,"Los Angeles, CA",,2.0,"[""First aid kit"", ""Essentials"", ""Free parking on premises"", ""Ethernet connection"", ""TV"", ""Pets allowed"", ""Washer"", ""Air conditioning"", ""Fire extinguisher"", ""Hot water"", ""Heating"", ""Carbon monoxide alarm"", ""Smoking allowed"", ""High chair"", ""Smoke alarm"", ""Shampoo"", ""Dryer"", ""Kitchen"", ""Wifi"", ""Pool""]",4.65
460,5077586,"Santa Monica, CA",98%,1.0,"[""Stove"", ""Extra pillows and blankets"", ""Free street parking"", ""Refrigerator"", ""Shared hot tub"", ""Essentials"", ""Outdoor furniture"", ""Free parking on premises"", ""Dishwasher"", ""Pets allowed"", ""Hot water kettle"", ""Air conditioning"", ""Fire extinguisher"", ""Microwave"", ""Pack \u2019n play/Travel crib"", ""Backyard"", ""Oven"", ""Hot water"", ""Hair dryer"", ""Coffee maker"", ""Shower gel"", ""Heating"", ""Iron"", ""Toaster"", ""Private patio or balcony"", ""Hangers"", ""Indoor fireplace"", ""Dining table"", ""Wine glasses"", ""Dishes and silverware"", ""Smoke alarm"", ""Self check-in"", ""Cooking basics"", ""Shampoo"", ""Shared pool"", ""TV with standard cable, Amazon Prime Video, Netflix"", ""Beach essentials"", ""Bed linens"", ""Kitchen"", ""Conditioner"", ""Sun loungers"", ""Wifi"", ""Lockbox""]",4.69
461,5122857,"Los Angeles, CA",97%,3.5,"[""Stove"", ""Extra pillows and blankets"", ""Host greets you"", ""Coffee"", ""Free street parking"", ""Refrigerator"", ""Baking sheet"", ""First aid kit"", ""Essentials"", ""Outdoor furniture"", ""HDTV with Amazon Prime Video, standard cable, Netflix, Roku"", ""Free parking on premises"", ""Dishwasher"", ""Free washer \u2013 In building"", ""Books and reading material"", ""Ethernet connection"", ""BBQ grill"", ""Pets allowed"", ""City skyline view"", ""Hot water kettle"", ""Private backyard \u2013 Fully fenced"", ""Private hot tub"", ""Ceiling fan"", ""Outlet covers"", ""Fire extinguisher"", ""Crib"", ""Microwave"", ""Pack \u2019n play/Travel crib"", ""Mini fridge"", ""Fast wifi \u2013 480 Mbps"", ""Oven"", ""Hot water"", ""Laundromat nearby"", ""Cleaning products"", ""Courtyard view"", ""Luggage dropoff allowed"", ""Hair dryer"", ""Coffee maker"", ""Exercise equipment: yoga mat"", ""Carbon monoxide alarm"", ""Central air conditioning"", ""Room-darkening shades"", ""Iron"", ""Sound system with aux"", ""Toaster"", ""Private entrance"", ""Outdoor dining area"", ""Free dryer \u2013 In building"", ""Hangers"", ""Barbecue utensils"", ""Indoor fireplace"", ""Dining table"", ""Fireplace guards"", ""Wine glasses"", ""Dishes and silverware"", ""Smoke alarm"", ""Private patio or balcony"", ""Dedicated workspace"", ""Bathtub"", ""Cooking basics"", ""Shampoo"", ""Private outdoor pool - available all year, open specific hours, heated, pool toys"", ""Children\u2019s books and toys for ages 2-5 years old"", ""Bed linens"", ""Kitchen"", ""Conditioner"", ""Long term stays allowed"", ""Blender"", ""Board games"", ""Freezer"", ""Central heating"", ""Body soap""]",4.82
462,5123369,,50%,2.5,"[""Stove"", ""Extra pillows and blankets"", ""Host greets you"", ""Coffee"", ""BBQ grill: gas"", ""Refrigerator"", ""Free street parking"", ""Baking sheet"", ""First aid kit"", ""Essentials"", ""Outdoor furniture"", ""Free parking on premises"", ""Dishwasher"", ""Exterior security cameras on property"", ""Free washer \u2013 In unit"", ""Pool view"", ""Pets allowed"", ""Hot water kettle"", ""Private backyard \u2013 Fully fenced"", ""Fire extinguisher"", ""Window AC unit"", ""Microwave"", ""Free dryer \u2013 In unit"", ""Sonos Sound Bar Bluetooth sound system"", ""Oven"", ""Hot water"", ""Luggage dropoff allowed"", ""Cleaning products"", ""Hair dryer"", ""Coffee maker: drip coffee maker, Keurig coffee machine"", ""Shower gel"", ""Carbon monoxide alarm"", ""60 inch HDTV with Amazon Prime Video, Netflix, standard cable"", ""Central air conditioning"", ""Room-darkening shades"", ""Iron"", ""Toaster"", ""Private entrance"", ""Outdoor dining area"", ""Barbecue utensils"", ""Hangers"", ""Private patio or balcony"", ""Dining table"", ""Garden view"", ""Wine glasses"", ""Dishes and silverware"", ""Smoke alarm"", ""Dedicated workspace"", ""Bathtub"", ""Cooking basics"", ""Shampoo"", ""Private outdoor pool - heated"", ""Beach essentials"", ""Bed linens"", ""Kitchen"", ""Conditioner"", ""Clothing storage: walk-in closet, closet, and dresser"", ""Blender"", ""Long term stays allowed"", ""Babysitter recommendations"", ""Freezer"", ""Wifi"", ""Rice maker"", ""Central heating"", ""Body soap""]",4.88
463,4418650,"Los Angeles, CA",,,"[""Heating"", ""Washer"", ""Dryer"", ""Air conditioning"", ""Wifi""]",
464,5154680,"Los Angeles, CA",100%,1.0,"[""Extra pillows and blankets"", ""Coffee"", ""Free street parking"", ""Baking sheet"", ""First aid kit"", ""Coffee maker: drip coffee maker, french press"", ""Shared patio or balcony"", ""Essentials"", ""Outdoor furniture"", ""Dishwasher"", ""Drying rack for clothing"", ""Free washer \u2013 In building"", ""Books and reading material"", ""Exterior security cameras on property"", ""Ecco shampoo"", ""Kenmore stainless steel oven"", ""Hot water kettle"", ""Fire extinguisher"", ""Portable fans"", ""Microwave"", ""Hot water"", ""Laundromat nearby"", ""Cleaning products"", ""Kenmore refrigerator"", ""Luggage dropoff allowed"", ""Hair dryer"", ""Portable heater"", ""Carbon monoxide alarm"", ""Keypad"", ""Central air conditioning"", ""Cleaning available during stay"", ""Room-darkening shades"", ""Iron"", ""Kenmore gas stove"", ""Toaster"", ""Free driveway parking on premises \u2013 1 space"", ""Free dryer \u2013 In building"", ""Hangers"", ""Dining table"", ""Garden view"", ""Shared backyard \u2013 Fully fenced"", ""Wine glasses"", ""Dishes and silverware"", ""Smoke alarm"", ""Saint savon body soap"", ""Smoking allowed"", ""Self check-in"", ""Dedicated workspace"", ""Bathtub"", ""Cooking basics"", ""Single level home"", ""Lock on bedroom door"", ""32 inch HDTV with premium cable, Netflix, Roku, Disney+, HBO Max"", ""Bed linens"", ""Kitchen"", ""Conditioner"", ""Clothing storage: walk-in closet, closet, and dresser"", ""Blender"", ""Long term stays allowed"", ""Private entrance"", ""Freezer"", ""Wifi"", ""Central heating""]",4.86
465,3041,"Santa Monica, CA",50%,2.0,"[""Stove"", ""Host greets you"", ""Coffee"", ""Free street parking"", ""Refrigerator"", ""Essentials"", ""Dishwasher"", ""Washer"", ""Safe"", ""Microwave"", ""Oven"", ""Hot water"", ""Cleaning products"", ""Coffee maker: drip coffee maker"", ""Hair dryer"", ""Heating"", ""Shared beach access"", ""Free residential garage on premises \u2013 1 space"", ""Private patio or balcony"", ""Hangers"", ""TV with standard cable"", ""Dishes and silverware"", ""Smoke alarm"", ""Dedicated workspace"", ""Bathtub"", ""Cooking basics"", ""Shampoo"", ""Dryer"", ""Bed linens"", ""Kitchen"", ""Conditioner"", ""Blender"", ""Wifi"", ""Body soap""]",4.49
466,772567,"Beverly Hills, CA",100%,1.0,"[""TV"", ""Heating"", ""Shampoo"", ""Coffee maker"", ""Hot water"", ""Refrigerator"", ""Iron"", ""Kitchen"", ""Essentials"", ""Hangers"", ""Private entrance"", ""Wifi"", ""Hair dryer""]",4.47
467,1795029,"Santa Barbara, CA",99%,2.5,"[""Stove"", ""Extra pillows and blankets"", ""Coffee"", ""Free street parking"", ""Refrigerator"", ""Baking sheet"", ""Essentials"", ""Free parking on premises"", ""Dishwasher"", ""Books and reading material"", ""Exterior security cameras on property"", ""BBQ grill"", ""Pets allowed"", ""Washer"", ""Hot water kettle"", ""Baby safety gates"", ""Air conditioning"", ""Fire extinguisher"", ""Crib"", ""Microwave"", ""Pack \u2019n play/Travel crib"", ""Backyard"", ""Oven"", ""Patio or balcony"", ""Hot water"", ""Luggage dropoff allowed"", ""Hair dryer"", ""Coffee maker"", ""Shower gel"", ""Clothing storage"", ""Heating"", ""TV with standard cable, HBO Max, Netflix"", ""Carbon monoxide alarm"", ""Room-darkening shades"", ""Iron"", ""Toaster"", ""Beach access \u2013 Beachfront"", ""Exercise equipment"", ""Hangers"", ""Barbecue utensils"", ""Indoor fireplace"", ""High chair"", ""Fire pit"", ""Wine glasses"", ""Dishes and silverware"", ""Smoke alarm"", ""Self check-in"", ""Dedicated workspace"", ""Bathtub"", ""Cooking basics"", ""Shampoo"", ""Dryer"", ""Bed linens"", ""Kitchen"", ""Conditioner"", ""Long term stays allowed"", ""Blender"", ""Sun loungers"", ""Smart lock"", ""Private entrance"", ""Freezer"", ""Wifi"", ""Body soap""]",4.83
468,3392276,,75%,1.0,"[""Stove"", ""Free street parking"", ""Refrigerator"", ""Paid parking off premises"", ""Essentials"", ""Clothing storage: closet and dresser"", ""Free parking on premises"", ""Air conditioning"", ""Fire extinguisher"", ""Microwave"", ""Hot water"", ""Paid dryer \u2013 In building"", ""Hair dryer"", ""Coffee maker"", ""Heating"", ""Carbon monoxide alarm"", ""Keypad"", ""Cleaning available during stay"", ""Iron"", ""Toaster"", ""Paid washer \u2013 In building"", ""Hangers"", ""Dining table"", ""TV with standard cable"", ""Elevator"", ""Dishes and silverware"", ""Smoke alarm"", ""Self check-in"", ""Bathtub"", ""Cooking basics"", ""Shampoo"", ""Bed linens"", ""Kitchen"", ""Long term stays allowed"", ""Private entrance"", ""Freezer"", ""Wifi"", ""Body soap""]",4.66
469,5484317,"Topanga, CA",25%,1.0,"[""Stove"", ""Refrigerator"", ""Essentials"", ""Free parking on premises"", ""Pets allowed"", ""Washer"", ""Air conditioning"", ""Backyard"", ""Oven"", ""Patio or balcony"", ""Hot water"", ""Luggage dropoff allowed"", ""Building staff"", ""Coffee maker"", ""Hair dryer"", ""Heating"", ""Iron"", ""Hangers"", ""Dishes and silverware"", ""Self check-in"", ""Cooking basics"", ""Shampoo"", ""Dryer"", ""Kitchen"", ""Long term stays allowed"", ""Wifi""]",4.92
470,219283,"Pasadena, CA",100%,1.0,"[""Stove"", ""Extra pillows and blankets"", ""Gym"", ""Coffee"", ""Free street parking"", ""Refrigerator"", ""Baking sheet"", ""Essentials"", ""Clothing storage: closet and dresser"", ""Outdoor furniture"", ""Free parking on premises"", ""Dishwasher"", ""Books and reading material"", ""BBQ grill"", ""Housekeeping - available at extra cost"", ""Pets allowed"", ""Washer"", ""Hot water kettle"", ""Air conditioning"", ""Ceiling fan"", ""Fire extinguisher"", ""Portable fans"", ""Pack \u2019n play/Travel crib"", ""Microwave"", ""Oven"", ""Patio or balcony"", ""Hot water"", ""Laundromat nearby"", ""Cleaning products"", ""Hair dryer"", ""Coffee maker"", ""Shower gel"", ""Heating"", ""Carbon monoxide alarm"", ""Iron"", ""Toaster"", ""Barbecue utensils"", ""Hangers"", ""Dining table"", ""TV with standard cable"", ""Dishes and silverware"", ""Smoke alarm"", ""Bathtub"", ""Cooking basics"", ""Single level home"", ""Dryer"", ""Bed linens"", ""Kitchen"", ""Long term stays allowed"", ""Blender"", ""Private entrance"", ""Freezer"", ""Wifi"", ""Body soap""]",4.79
471,4391012,"Los Angeles, CA",93%,1.0,"[""Extra pillows and blankets"", ""Host greets you"", ""Coffee"", ""Free street parking"", ""Refrigerator"", ""Baking sheet"", ""First aid kit"", ""Housekeeping available 1 day a week - available at extra cost"", ""Essentials"", ""Outdoor furniture"", ""Free parking on premises"", ""Books and reading material"", ""Free washer \u2013 In unit"", ""Hot water kettle"", ""Air conditioning"", ""Ceiling fan"", ""Fire extinguisher"", ""Backyard"", ""Free dryer \u2013 In unit"", ""Coffee maker: french press"", ""Oven"", ""Clothing storage: closet and wardrobe"", ""Hot water"", ""Laundromat nearby"", ""Cleaning products"", ""Patio or balcony"", ""Mountain view"", ""Hair dryer"", ""Shower gel"", ""Carbon monoxide alarm"", ""Room-darkening shades"", ""Iron"", ""Toaster"", ""Hangers"", ""Dining table"", ""Garden view"", ""Dishes and silverware"", ""Smoke alarm"", ""Dedicated workspace"", ""Cooking basics"", ""Shampoo"", ""Gas stove"", ""Bed linens"", ""Kitchen"", ""Conditioner"", ""32 inch HDTV with DVD player"", ""Freezer"", ""Wifi"", ""Central heating"", ""Body soap""]",4.71
472,787264,"Culver City, CA",80%,1.0,"[""Extra pillows and blankets"", ""Free street parking"", ""Refrigerator"", ""First aid kit"", ""Shared patio or balcony"", ""Essentials"", ""Outdoor furniture"", ""Free parking on premises"", ""Books and reading material"", ""Indoor fireplace: electric"", ""Exterior security cameras on property"", ""Pets allowed"", ""Hot water kettle"", ""Private backyard \u2013 Fully fenced"", ""Ceiling fan"", ""Fire extinguisher"", ""Safe"", ""Crib"", ""Children\u2019s books and toys"", ""Portable fans"", ""Microwave"", ""Mini fridge"", ""Hot water"", ""Laundromat nearby"", ""Cleaning products"", ""Luggage dropoff allowed"", ""Hair dryer"", ""Coffee maker"", ""Shower gel"", ""Portable heater"", ""Carbon monoxide alarm"", ""Keypad"", ""Central air conditioning"", ""Room-darkening shades"", ""Iron"", ""Private entrance"", ""Outdoor dining area"", ""Remote on the yellow table. conditioner"", ""Hangers"", ""Dining table"", ""Wine glasses"", ""Smoke alarm"", ""Self check-in"", ""Dedicated workspace"", ""Cooking basics"", ""Single level home"", ""Shampoo"", ""Babysitter recommendations"", ""70 inch HDTV with Apple TV, Netflix, standard cable"", ""Bed linens"", ""Board games"", ""Freezer"", ""Wifi"", ""Clothing storage: dresser"", ""Body soap""]",4.94
473,6121136,"Los Angeles, CA",100%,1.0,"[""Stove"", ""Extra pillows and blankets"", ""Free street parking"", ""Refrigerator"", ""Essentials"", ""Pets allowed"", ""Air conditioning"", ""Ceiling fan"", ""Fire extinguisher"", ""Washer \u2013\u00a0In unit"", ""Portable fans"", ""Microwave"", ""Oven"", ""Patio or balcony"", ""Hot water"", ""Backyard"", ""Hair dryer"", ""Coffee maker"", ""Shower gel"", ""Heating"", ""Carbon monoxide alarm"", ""Iron"", ""Hangers"", ""Indoor fireplace"", ""TV with standard cable"", ""Dishes and silverware"", ""Smoke alarm"", ""Self check-in"", ""Cooking basics"", ""Shampoo"", ""Dryer \u2013\u00a0In unit"", ""Bed linens"", ""Kitchen"", ""Conditioner"", ""Private entrance"", ""Freezer"", ""Wifi"", ""Lockbox"", ""Body soap""]",4.81
474,6152527,"Los Angeles, CA",,,"[""Heating"", ""Washer"", ""Dryer"", ""Air conditioning"", ""Kitchen"", ""Free parking on premises"", ""Wifi"", ""Smoking allowed"", ""TV with standard cable""]",
475,2502339,"Los Angeles, CA",,3.0,"[""Host greets you"", ""Free street parking"", ""First aid kit"", ""Essentials"", ""Outdoor furniture"", ""Free parking on premises"", ""Private pool"", ""Exterior security cameras on property"", ""BBQ grill"", ""Washer"", ""Private hot tub"", ""Air conditioning"", ""Crib"", ""Hot water"", ""Luggage dropoff allowed"", ""Hair dryer"", ""Heating"", ""Carbon monoxide alarm"", ""Iron"", ""Outdoor dining area"", ""Hangers"", ""Indoor fireplace"", ""TV with standard cable"", ""Smoke alarm"", ""Shampoo"", ""Dryer"", ""Kitchen"", ""Long term stays allowed"", ""Wifi""]",
476,57161,"Los Angeles, CA",82%,11.0,"[""Stove"", ""Free street parking"", ""Refrigerator"", ""First aid kit"", ""Paid parking off premises"", ""Essentials"", ""Exterior security cameras on property"", ""City skyline view"", ""Fire extinguisher"", ""Microwave"", ""Hot water"", ""Paid dryer \u2013 In building"", ""Hair dryer"", ""Coffee maker"", ""Heating"", ""Carbon monoxide alarm"", ""Iron"", ""Paid washer \u2013 In building"", ""Hangers"", ""Dishes and silverware"", ""Smoke alarm"", ""Self check-in"", ""Dedicated workspace"", ""Cooking basics"", ""Shampoo"", ""Bed linens"", ""Kitchen"", ""Long term stays allowed"", ""Wifi"", ""Lockbox""]",4.49
477,57161,"Los Angeles, CA",82%,11.0,"[""Stove"", ""Free street parking"", ""Refrigerator"", ""First aid kit"", ""Paid parking off premises"", ""Exterior security cameras on property"", ""Washer"", ""City skyline view"", ""Fire extinguisher"", ""Microwave"", ""Hot water"", ""Hair dryer"", ""Coffee maker"", ""Heating"", ""Carbon monoxide alarm"", ""Iron"", ""Dishes and silverware"", ""Smoke alarm"", ""Self check-in"", ""Dedicated workspace"", ""Cooking basics"", ""Dryer"", ""Kitchen"", ""Long term stays allowed"", ""Wifi"", ""Lockbox""]",4.21
478,6182252,"Decatur, GA",96%,1.0,"[""Stove"", ""Coffee"", ""Free street parking"", ""Refrigerator"", ""Baking sheet"", ""First aid kit"", ""Free washer"", ""Essentials"", ""Outdoor furniture"", ""Dishwasher"", ""Heating - split type ductless system"", ""Pets allowed"", ""Hot water kettle"", ""Fire extinguisher"", ""Portable fans"", ""Free dryer \u2013 In unit"", ""Microwave"", ""Oven"", ""Patio or balcony"", ""Hot water"", ""Laundromat nearby"", ""Hair dryer"", ""Carbon monoxide alarm"", ""Trash compactor"", ""Iron"", ""Toaster"", ""Private backyard"", ""Hangers"", ""Dining table"", ""TV with standard cable"", ""Wine glasses"", ""Dishes and silverware"", ""Smoke alarm"", ""Self check-in"", ""Dedicated workspace"", ""Bathtub"", ""Cooking basics"", ""Shampoo"", ""Coffee maker: drip coffee maker, espresso machine"", ""AC - split type ductless system"", ""Kitchen"", ""Long term stays allowed"", ""Blender"", ""Private entrance"", ""Freezer"", ""Wifi"", ""Lockbox""]",4.76
479,6186422,"Los Angeles, CA",,1.0,"[""Host greets you"", ""Essentials"", ""Free parking on premises"", ""Washer"", ""Air conditioning"", ""Hot water"", ""Hair dryer"", ""Heating"", ""Carbon monoxide alarm"", ""Iron"", ""Hangers"", ""TV with standard cable"", ""Elevator"", ""Smoke alarm"", ""Shampoo"", ""Dryer"", ""Bed linens"", ""Kitchen"", ""Wifi"", ""Pool""]",4.88
480,5225817,"Los Angeles, CA",94%,1.0,"[""Pocket wifi"", ""Extra pillows and blankets"", ""Stove"", ""Host greets you"", ""Coffee"", ""Free street parking"", ""Refrigerator"", ""First aid kit"", ""Shared patio or balcony"", ""Essentials"", ""Free parking on premises"", ""Dishwasher"", ""Drying rack for clothing"", ""Ethernet connection"", ""BBQ grill"", ""Pets allowed"", ""Hot water kettle"", ""Fire extinguisher"", ""Portable fans"", ""Microwave"", ""Mini fridge"", ""Oven"", ""Hot water"", ""Laundromat nearby"", ""Cleaning products"", ""Luggage dropoff allowed"", ""Hair dryer"", ""Coffee maker"", ""Heating"", ""Carbon monoxide alarm"", ""Shared backyard"", ""Central air conditioning"", ""Room-darkening shades"", ""Iron"", ""Toaster"", ""Paid washer \u2013 In building"", ""Hangers"", ""Indoor fireplace"", ""Dining table"", ""TV with standard cable"", ""Smoking allowed"", ""Dishes and silverware"", ""Smoke alarm"", ""Dedicated workspace"", ""Bathtub"", ""Cooking basics"", ""Shampoo"", ""Single level home"", ""Dryer"", ""Bed linens"", ""Kitchen"", ""Conditioner"", ""Long term stays allowed"", ""Freezer"", ""Wifi"", ""Body soap""]",4.91
481,1458653,"Santa Monica, CA",50%,1.0,"[""Stove"", ""Refrigerator"", ""First aid kit"", ""Essentials"", ""Free parking on premises"", ""Pets allowed"", ""Washer"", ""Fire extinguisher"", ""Children\u2019s books and toys"", ""Microwave"", ""Pack \u2019n play/Travel crib"", ""Oven"", ""Patio or balcony"", ""Hot water"", ""Luggage dropoff allowed"", ""Hair dryer"", ""Coffee maker"", ""Heating"", ""Carbon monoxide alarm"", ""Keypad"", ""Iron"", ""Hangers"", ""High chair"", ""TV with standard cable"", ""Dishes and silverware"", ""Smoke alarm"", ""Self check-in"", ""Cooking basics"", ""Shampoo"", ""Dryer"", ""Kitchen"", ""Long term stays allowed"", ""Wifi""]",4.49
482,3392276,,75%,1.0,"[""Stove"", ""Refrigerator"", ""Essentials"", ""Free parking on premises"", ""Housekeeping - available at extra cost"", ""Hot water kettle"", ""Fire extinguisher"", ""Microwave"", ""Hot water"", ""Paid dryer \u2013 In building"", ""Hair dryer"", ""Coffee maker"", ""Clothing storage"", ""Heating"", ""Carbon monoxide alarm"", ""Keypad"", ""Central air conditioning"", ""Room-darkening shades"", ""Iron"", ""Toaster"", ""Paid washer \u2013 In building"", ""Hangers"", ""Dining table"", ""TV with standard cable"", ""Elevator"", ""Dishes and silverware"", ""Smoke alarm"", ""Self check-in"", ""Bathtub"", ""Cooking basics"", ""Shampoo"", ""Single level home"", ""Bed linens"", ""Kitchen"", ""Long term stays allowed"", ""Private entrance"", ""Wifi"", ""Body soap""]",4.37
483,3636235,"Los Angeles, CA",64%,2.0,"[""Stove"", ""Extra pillows and blankets"", ""Free street parking"", ""Refrigerator"", ""First aid kit"", ""Essentials"", ""Outdoor furniture"", ""Free parking on premises"", ""Dishwasher"", ""Pets allowed"", ""Washer"", ""Private hot tub"", ""Air conditioning"", ""Fire extinguisher"", ""Microwave"", ""Backyard"", ""Oven"", ""Hot water"", ""Luggage dropoff allowed"", ""Sound system"", ""Hair dryer"", ""Heating"", ""Coffee maker: espresso machine"", ""Carbon monoxide alarm"", ""Iron"", ""Private patio or balcony"", ""TV with standard cable, DVD player, HBO Max, Netflix"", ""Hangers"", ""Fire pit"", ""Dishes and silverware"", ""Smoke alarm"", ""Self check-in"", ""Dedicated workspace"", ""Bathtub"", ""Cooking basics"", ""Shampoo"", ""Dryer"", ""Bed linens"", ""Kitchen"", ""Long term stays allowed"", ""Sun loungers"", ""Wifi"", ""Lockbox"", ""Pool"", ""Body soap""]",4.83
484,5260212,"Los Angeles, CA",67%,1.5,"[""Stove"", ""Free street parking"", ""Refrigerator"", ""Shared hot tub"", ""Essentials"", ""Free parking on premises"", ""Dishwasher"", ""Washer"", ""Microwave"", ""Free dryer \u2013 In unit"", ""HDTV with standard cable"", ""Oven"", ""Hot water"", ""Hair dryer"", ""Coffee maker"", ""Heating"", ""Carbon monoxide alarm"", ""Central air conditioning"", ""Iron"", ""Lake access"", ""Elevator"", ""Dishes and silverware"", ""Smoke alarm"", ""Self check-in"", ""Dedicated workspace"", ""Cooking basics"", ""Shampoo"", ""Shared pool"", ""Kitchen"", ""Wifi"", ""Lockbox""]",4.92
485,819926,"Los Angeles, CA",,,"[""Free street parking"", ""Refrigerator"", ""First aid kit"", ""Essentials"", ""TV"", ""Air conditioning"", ""Fire extinguisher"", ""Microwave"", ""Backyard"", ""Hot water"", ""Coffee maker"", ""Hair dryer"", ""Heating"", ""Iron"", ""Hangers"", ""Dishes and silverware"", ""Smoke alarm"", ""Cooking basics"", ""Shampoo"", ""Kitchen"", ""Wifi""]",4.84
486,6808847,"Hawthorne, CA",,,"[""Heating"", ""Washer"", ""Shampoo"", ""Dryer"", ""Carbon monoxide alarm"", ""Iron"", ""First aid kit"", ""Fire extinguisher"", ""Kitchen"", ""Essentials"", ""Hangers"", ""Wifi"", ""Hair dryer"", ""Smoke alarm""]",4.78
487,619302,"Los Angeles, CA",99%,1.0,"[""Extra pillows and blankets"", ""Free street parking"", ""Refrigerator"", ""Essentials"", ""Free parking on premises"", ""Air conditioning"", ""Fire extinguisher"", ""Hot water"", ""Building staff"", ""Coffee maker"", ""Hair dryer"", ""Heating"", ""Carbon monoxide alarm"", ""Iron"", ""Hangers"", ""Elevator"", ""Dishes and silverware"", ""Smoke alarm"", ""Self check-in"", ""Dedicated workspace"", ""Shampoo"", ""Lock on bedroom door"", ""Bed linens"", ""Private entrance"", ""Wifi""]",4.73
488,3211667,"Los Angeles, CA",100%,1.0,"[""Washer"", ""Carbon monoxide alarm"", ""Hot water"", ""Wifi"", ""First aid kit"", ""Fire extinguisher"", ""Kitchen"", ""Essentials"", ""Hangers"", ""Paid dryer \u2013 In building"", ""Dishes and silverware"", ""Smoke alarm""]",4.77
489,6199788,"Los Angeles, CA",,,"[""Stove"", ""Host greets you"", ""Coffee"", ""Free street parking"", ""Refrigerator"", ""Baking sheet"", ""Shared patio or balcony"", ""Essentials"", ""Dishwasher"", ""Exterior security cameras on property"", ""TV"", ""Washer"", ""Air conditioning"", ""Portable fans"", ""Microwave"", ""Mini fridge"", ""Oven"", ""Hot water"", ""Luggage dropoff allowed"", ""Hair dryer"", ""Coffee maker"", ""Shower gel"", ""Heating"", ""Carbon monoxide alarm"", ""Iron"", ""Toaster"", ""Hangers"", ""Dining table"", ""Elevator"", ""Dishes and silverware"", ""Smoke alarm"", ""Cooking basics"", ""Shampoo"", ""Dryer"", ""Bed linens"", ""Kitchen"", ""Long term stays allowed"", ""Blender"", ""Freezer"", ""Wifi"", ""Rice maker""]",4.81
490,6210721,"Los Angeles, CA",100%,2.0,"[""Stove"", ""Extra pillows and blankets"", ""Free street parking"", ""Refrigerator"", ""First aid kit"", ""Essentials"", ""Clothing storage: closet and dresser"", ""Free parking on premises"", ""Dishwasher"", ""Ethernet connection"", ""BBQ grill"", ""Washer"", ""Air conditioning"", ""Fire extinguisher"", ""Microwave"", ""Pack \u2019n play/Travel crib"", ""Oven"", ""Hot water"", ""Luggage dropoff allowed"", ""Hair dryer"", ""Coffee maker"", ""Heating"", ""Carbon monoxide alarm"", ""Iron"", ""Private entrance"", ""Private patio or balcony"", ""Hangers"", ""Dining table"", ""TV with standard cable"", ""Dishes and silverware"", ""Smoke alarm"", ""Self check-in"", ""Bathtub"", ""Cooking basics"", ""Shampoo"", ""Dryer"", ""Bed linens"", ""Kitchen"", ""Long term stays allowed"", ""Smart lock"", ""Babysitter recommendations"", ""Wifi""]",4.66
491,1311988,"Los Angeles, CA",29%,1.0,"[""Stove"", ""Free street parking"", ""Refrigerator"", ""First aid kit"", ""Resort access"", ""Shared hot tub"", ""Essentials"", ""Outdoor furniture"", ""Free parking on premises"", ""Dishwasher"", ""Free washer \u2013 In unit"", ""BBQ grill"", ""City skyline view"", ""HDTV"", ""Fire extinguisher"", ""Microwave"", ""Free dryer \u2013 In unit"", ""Oven"", ""Hot water"", ""Hair dryer"", ""Coffee maker"", ""Heating"", ""Outdoor kitchen"", ""Carbon monoxide alarm"", ""Keypad"", ""Central air conditioning"", ""Iron"", ""Outdoor dining area"", ""Hangers"", ""Elevator"", ""Dishes and silverware"", ""Smoke alarm"", ""Self check-in"", ""Dedicated workspace"", ""Cooking basics"", ""Shampoo"", ""AC - split type ductless system"", ""Kitchen"", ""Long term stays allowed"", ""Wifi""]",4.81
492,1896248,"Los Angeles, CA",,1.0,"[""TV"", ""Dedicated workspace"", ""Washer"", ""Shampoo"", ""Dryer"", ""Fast wifi \u2013 228 Mbps"", ""Refrigerator"", ""Kitchen"", ""Essentials"", ""Free parking on premises"", ""Smoke alarm""]",
493,5935363,"Tacoma, WA",97%,,"[""Stove"", ""Gym"", ""Coffee"", ""Refrigerator"", ""Baking sheet"", ""First aid kit"", ""Essentials"", ""Free parking on premises"", ""Dishwasher"", ""TV"", ""Washer"", ""Hot water kettle"", ""Air conditioning"", ""Microwave"", ""Oven"", ""Hot water"", ""Luggage dropoff allowed"", ""Cleaning products"", ""Hair dryer"", ""Heating"", ""Carbon monoxide alarm"", ""Iron"", ""Toaster"", ""EV charger - level 1"", ""Hangers"", ""Dining table"", ""Wine glasses"", ""Dishes and silverware"", ""Smoke alarm"", ""Coffee maker: Keurig coffee machine"", ""Bathtub"", ""Cooking basics"", ""Shampoo"", ""Dryer"", ""Bed linens"", ""Kitchen"", ""Conditioner"", ""Long term stays allowed"", ""Blender"", ""Freezer"", ""Wifi"", ""Rice maker"", ""Body soap""]",4.59
494,3662459,"Los Angeles, CA",33%,,"[""Free street parking"", ""Clothing storage: closet and dresser"", ""Books and reading material"", ""Washer"", ""Air conditioning"", ""Microwave"", ""Mini fridge"", ""Kitchenette"", ""Hot water"", ""Cleaning products"", ""Hammock"", ""Heating"", ""Iron"", ""Toaster"", ""Outdoor dining area"", ""Private patio or balcony"", ""Hangers"", ""Dining table"", ""TV with standard cable"", ""Dishes and silverware"", ""Dedicated workspace"", ""Dryer"", ""Bed linens"", ""Long term stays allowed"", ""Private entrance"", ""Wifi""]",4.61
495,685976,"Los Angeles, CA",0%,1.0,"[""First aid kit"", ""Essentials"", ""Free parking on premises"", ""TV"", ""Washer"", ""Air conditioning"", ""Hot water"", ""Luggage dropoff allowed"", ""Coffee maker"", ""Hair dryer"", ""Heating"", ""Carbon monoxide alarm"", ""Iron"", ""Hangers"", ""Dishes and silverware"", ""Smoke alarm"", ""Self check-in"", ""Shampoo"", ""Dryer"", ""Kitchen"", ""Long term stays allowed"", ""Private entrance"", ""Wifi"", ""Lockbox""]",4.95
496,6216062,"Hermosa Beach, CA",92%,1.0,"[""Extra pillows and blankets"", ""Free street parking"", ""Refrigerator"", ""Essentials"", ""Dishwasher"", ""Drying rack for clothing"", ""Books and reading material"", ""Ethernet connection"", ""Washer"", ""Ceiling fan"", ""Fire extinguisher"", ""Bikes"", ""Hot water"", ""Cleaning products"", ""Hair dryer"", ""Coffee maker"", ""Heating"", ""Carbon monoxide alarm"", ""Keypad"", ""Iron"", ""Free driveway parking on premises \u2013 1 space"", ""Hangers"", ""TV with standard cable"", ""Dishes and silverware"", ""Smoke alarm"", ""Self check-in"", ""Dedicated workspace"", ""Cooking basics"", ""Gas stove"", ""Dryer"", ""Clothing storage: closet"", ""Beach essentials"", ""Bed linens"", ""Kitchen"", ""Long term stays allowed"", ""Private entrance"", ""Freezer"", ""Wifi""]",4.61
497,6136641,,,,"[""Gym"", ""Free street parking"", ""Essentials"", ""Washer"", ""Hot tub"", ""Air conditioning"", ""Hot water"", ""Hair dryer"", ""Heating"", ""Carbon monoxide alarm"", ""Iron"", ""Hangers"", ""Indoor fireplace"", ""Garden view"", ""TV with standard cable"", ""Elevator"", ""Dishes and silverware"", ""Smoke alarm"", ""Breakfast"", ""Shampoo"", ""Dryer"", ""Kitchen"", ""Long term stays allowed"", ""Wifi"", ""Pool""]",4.57
498,6793916,"Malibu, CA",56%,1.0,"[""Pocket wifi"", ""Extra pillows and blankets"", ""Stove"", ""Coffee"", ""Indoor fireplace: gas"", ""Refrigerator"", ""Free street parking"", ""Baking sheet"", ""First aid kit"", ""Essentials"", ""Outdoor furniture"", ""Exterior security cameras on property"", ""Outdoor shower"", ""Pets allowed"", ""Washer"", ""Fire extinguisher"", ""Portable fans"", ""Backyard"", ""Oven"", ""Patio or balcony"", ""Hot water"", ""Luggage dropoff allowed"", ""Cleaning products"", ""Hair dryer"", ""Carbon monoxide alarm"", ""Central air conditioning"", ""Iron"", ""Toaster"", ""Outdoor dining area"", ""Hangers"", ""Dining table"", ""Wine glasses"", ""Dishes and silverware"", ""Smoke alarm"", ""Dedicated workspace"", ""Bathtub"", ""Cooking basics"", ""Coffee maker: pour-over coffee"", ""Dryer"", ""Bed linens"", ""Kitchen"", ""Long term stays allowed"", ""Private entrance"", ""Freezer"", ""Wifi"", ""Rice maker"", ""Central heating""]",4.77
499,6658533,"Los Angeles, CA",,1.0,"[""Free street parking"", ""Refrigerator"", ""First aid kit"", ""Shared patio or balcony"", ""Essentials"", ""Outdoor furniture"", ""Free parking on premises"", ""Dishwasher"", ""Books and reading material"", ""Exterior security cameras on property"", ""Free washer \u2013 In unit"", ""City skyline view"", ""Fire extinguisher"", ""Microwave"", ""Free dryer \u2013 In unit"", ""HDTV with standard cable"", ""Pack \u2019n play/Travel crib"", ""Oven"", ""Hot water"", ""Hair dryer"", ""Heating"", ""Iron"", ""Outdoor dining area"", ""Hangers"", ""Fire pit"", ""Shared backyard \u2013 Fully fenced"", ""Dishes and silverware"", ""Smoke alarm"", ""Self check-in"", ""Dedicated workspace"", ""Cooking basics"", ""Shampoo"", ""Gas stove"", ""Coffee maker: pour-over coffee"", ""AC - split type ductless system"", ""Kitchen"", ""Smart lock"", ""Private entrance"", ""Wifi""]",4.85
500,6471245,"Santa Monica, CA",100%,1.0,"[""Stove"", ""Extra pillows and blankets"", ""Host greets you"", ""Coffee"", ""Free street parking"", ""Refrigerator"", ""First aid kit"", ""Essentials"", ""Air conditioning"", ""Fire extinguisher"", ""Portable fans"", ""Microwave"", ""Mini fridge"", ""Oven"", ""Patio or balcony"", ""Hot water"", ""Luggage dropoff allowed"", ""Cleaning products"", ""Hair dryer"", ""Coffee maker"", ""Shower gel"", ""Heating"", ""Iron"", ""Hangers"", ""Dining table"", ""TV with standard cable"", ""Wine glasses"", ""Dishes and silverware"", ""Smoke alarm"", ""Cooking basics"", ""Shampoo"", ""Lock on bedroom door"", ""Bed linens"", ""Kitchen"", ""Conditioner"", ""Wifi"", ""Body soap""]",4.68
501,4665367,,100%,0.5,"[""Heating"", ""Pets allowed"", ""Washer"", ""Shampoo"", ""Dryer"", ""Carbon monoxide alarm"", ""Iron"", ""Air conditioning"", ""Kitchen"", ""Pool"", ""Essentials"", ""Free parking on premises"", ""Hangers"", ""Wifi"", ""Hair dryer"", ""Smoke alarm""]",
502,1450554,"Los Angeles, CA",,1.0,"[""Stove"", ""Extra pillows and blankets"", ""Coffee"", ""BBQ grill: gas"", ""Refrigerator"", ""Free street parking"", ""Baking sheet"", ""First aid kit"", ""Essentials"", ""Outdoor furniture"", ""Drying rack for clothing"", ""Books and reading material"", ""Free washer \u2013 In unit"", ""Hot water kettle"", ""Ceiling fan"", ""Fire extinguisher"", ""Safe"", ""Microwave"", ""Backyard"", ""Oven"", ""Patio or balcony"", ""Hot water"", ""Luggage dropoff allowed"", ""Cleaning products"", ""Hair dryer"", ""Coffee maker"", ""Carbon monoxide alarm"", ""Central air conditioning"", ""Iron"", ""Toaster"", ""Outdoor dining area"", ""Hangers"", ""Dining table"", ""TV with standard cable"", ""Wine glasses"", ""Dishes and silverware"", ""Smoke alarm"", ""Dedicated workspace"", ""Cooking basics"", ""Single level home"", ""Shampoo"", ""Dryer"", ""Bed linens"", ""Kitchen"", ""Conditioner"", ""Long term stays allowed"", ""Blender"", ""Private entrance"", ""Freezer"", ""Wifi"", ""Central heating"", ""Body soap""]",4.89
503,6866075,"Los Angeles, CA",,,"[""TV"", ""Heating"", ""Washer"", ""Shampoo"", ""Dryer"", ""Carbon monoxide alarm"", ""Iron"", ""Air conditioning"", ""Fire extinguisher"", ""Kitchen"", ""Essentials"", ""Free parking on premises"", ""Hangers"", ""Wifi"", ""Elevator"", ""Breakfast"", ""Smoke alarm""]",4.89
504,6868614,"Los Angeles, CA",96%,1.0,"[""Stove"", ""Extra pillows and blankets"", ""Free street parking"", ""Refrigerator"", ""Baking sheet"", ""First aid kit"", ""Shared patio or balcony"", ""Essentials"", ""Outdoor furniture"", ""Free parking on premises"", ""Dishwasher"", ""Drying rack for clothing"", ""BBQ grill"", ""Washer"", ""Hot water kettle"", ""Air conditioning"", ""Ceiling fan"", ""Fire extinguisher"", ""Children\u2019s books and toys"", ""Portable fans"", ""Microwave"", ""Oven"", ""Bikes"", ""Hot water"", ""Laundromat nearby"", ""Cleaning products"", ""Luggage dropoff allowed"", ""Hair dryer"", ""Heating"", ""Carbon monoxide alarm"", ""Room-darkening shades"", ""Iron"", ""Toaster"", ""Outdoor dining area"", ""Clothing storage: walk-in closet, closet, wardrobe, and dresser"", ""Barbecue utensils"", ""Hangers"", ""Paid street parking off premises"", ""Indoor fireplace"", ""Dining table"", ""TV with standard cable"", ""Wine glasses"", ""Dishes and silverware"", ""Smoke alarm"", ""Shared backyard \u2013 Fully fenced"", ""Fire pit"", ""Smoking allowed"", ""Self check-in"", ""Dedicated workspace"", ""Bathtub"", ""Cooking basics"", ""Shampoo"", ""Coffee maker: pour-over coffee"", ""Dryer"", ""Single level home"", ""Beach essentials"", ""Bed linens"", ""Kitchen"", ""Long term stays allowed"", ""Private entrance"", ""Freezer"", ""Wifi"", ""Lockbox""]",4.82
505,5540959,"Santa Monica, CA",67%,1.0,"[""Stove"", ""Free street parking"", ""Refrigerator"", ""Essentials"", ""Dishwasher"", ""Washer"", ""Fire extinguisher"", ""Oven"", ""Hot water"", ""Hair dryer"", ""Clothing storage"", ""Heating"", ""Carbon monoxide alarm"", ""Iron"", ""Hangers"", ""TV with standard cable"", ""Dishes and silverware"", ""Smoke alarm"", ""Cooking basics"", ""Dryer"", ""Bed linens"", ""Kitchen"", ""Wifi""]",4.61
506,841127,"West Hollywood, CA",92%,1.5,"[""Host greets you"", ""Free street parking"", ""Refrigerator"", ""First aid kit"", ""Shared patio or balcony"", ""Essentials"", ""Dishwasher"", ""Paid washer \u2013 In unit"", ""Exterior security cameras on property"", ""Heating - split type ductless system"", ""TV with Apple TV"", ""Fire extinguisher"", ""Window AC unit"", ""Microwave"", ""Oven"", ""Hot water"", ""Luggage dropoff allowed"", ""Hair dryer"", ""Coffee maker"", ""Carbon monoxide alarm"", ""Iron"", ""Wifi \u2013 41 Mbps"", ""Paid dryer \u2013 In unit"", ""Hangers"", ""Dishes and silverware"", ""Smoke alarm"", ""Stainless steel gas stove"", ""Dedicated workspace"", ""Lock on bedroom door"", ""Kitchen"", ""Long term stays allowed""]",4.81
507,5570262,"Los Angeles, CA",83%,2.0,"[""Stove"", ""Extra pillows and blankets"", ""Coffee"", ""Free street parking"", ""First aid kit"", ""Essentials"", ""Outdoor furniture"", ""Dishwasher"", ""Exterior security cameras on property"", ""Free washer \u2013 In unit"", ""Kirkland conditioner"", ""Hot water kettle"", ""Fire extinguisher"", ""Microwave"", ""Free dryer \u2013 In unit"", ""Hot water"", ""TV with HBO Max, Netflix, Fire TV, Hulu"", ""Cleaning products"", ""Hair dryer"", ""Shower gel"", ""GE refrigerator"", ""Carbon monoxide alarm"", ""Keypad"", ""Central air conditioning"", ""Coffee maker: Keurig coffee machine, pour-over coffee"", ""Toaster"", ""Outdoor dining area"", ""Private patio or balcony"", ""Hangers"", ""Dining table"", ""Wine glasses"", ""Dishes and silverware"", ""Smoke alarm"", ""Self check-in"", ""Dedicated workspace"", ""Cooking basics"", ""Shampoo"", ""Single oven"", ""Free parking garage on premises \u2013 1 space"", ""Bed linens"", ""Kitchen"", ""Clothing storage: walk-in closet, closet, and dresser"", ""Long term stays allowed"", ""Blender"", ""Freezer"", ""Wifi"", ""Rice maker"", ""Central heating"", ""Body soap""]",4.75
508,3865105,"Los Angeles, CA",63%,1.0,"[""Extra pillows and blankets"", ""Shared backyard \u2013 Not fully fenced"", ""Free street parking"", ""Essentials"", ""Outdoor furniture"", ""Books and reading material"", ""Bidet"", ""Ceiling fan"", ""Microwave"", ""Mini fridge"", ""Hot water"", ""Electric stove"", ""Laundromat nearby"", ""Hair dryer"", ""Coffee maker"", ""Carbon monoxide alarm"", ""Keypad"", ""Central air conditioning"", ""Outdoor dining area"", ""Hangers"", ""Garden view"", ""Dishes and silverware"", ""Smoke alarm"", ""Self check-in"", ""Dedicated workspace"", ""Cooking basics"", ""Bed linens"", ""Kitchen"", ""Long term stays allowed"", ""Private entrance"", ""Wifi"", ""Central heating""]",4.65
509,1092828,"Los Angeles, CA",100%,,"[""Stove"", ""Extra pillows and blankets"", ""Free street parking"", ""Refrigerator"", ""First aid kit"", ""Shared patio or balcony"", ""Essentials"", ""Portable air conditioning"", ""Outdoor furniture"", ""Dishwasher"", ""Free washer \u2013 In building"", ""Exterior security cameras on property"", ""TV"", ""BBQ grill"", ""City skyline view"", ""Private backyard \u2013 Fully fenced"", ""Ceiling fan"", ""Fire extinguisher"", ""Window AC unit"", ""Microwave"", ""Valley view"", ""Oven"", ""Hot water"", ""Mountain view"", ""Hair dryer"", ""Coffee maker"", ""Shower gel"", ""Heating"", ""Carbon monoxide alarm"", ""Iron"", ""Outdoor dining area"", ""Free dryer \u2013 In building"", ""Hangers"", ""Fire pit"", ""Garden view"", ""Dishes and silverware"", ""Smoke alarm"", ""Self check-in"", ""Dedicated workspace"", ""Cooking basics"", ""Shampoo"", ""Bed linens"", ""Kitchen"", ""Wifi"", ""Lockbox""]",4.86
510,5580795,"Los Angeles, CA",0%,1.5,"[""Stove"", ""Extra pillows and blankets"", ""Free street parking"", ""Refrigerator"", ""Essentials"", ""Free parking on premises"", ""Dishwasher"", ""BBQ grill"", ""Washer"", ""Air conditioning"", ""Microwave"", ""Backyard"", ""Oven"", ""Hot water"", ""Coffee maker"", ""Heating"", ""Iron"", ""Hangers"", ""Indoor fireplace"", ""TV with standard cable"", ""Dishes and silverware"", ""Smoke alarm"", ""Cooking basics"", ""Dryer"", ""Bed linens"", ""Kitchen"", ""Long term stays allowed"", ""Private entrance"", ""Wifi""]",5.0
511,1458653,"Santa Monica, CA",50%,,"[""Stove"", ""Extra pillows and blankets"", ""Free street parking"", ""Refrigerator"", ""First aid kit"", ""Essentials"", ""Free parking on premises"", ""Dishwasher"", ""BBQ grill"", ""Washer"", ""Air conditioning"", ""Fire extinguisher"", ""Microwave"", ""Oven"", ""Patio or balcony"", ""Hot water"", ""Luggage dropoff allowed"", ""Hair dryer"", ""Coffee maker"", ""Heating"", ""Carbon monoxide alarm"", ""Keypad"", ""Iron"", ""Hangers"", ""Indoor fireplace"", ""TV with standard cable"", ""Dishes and silverware"", ""Smoke alarm"", ""Self check-in"", ""Dedicated workspace"", ""Cooking basics"", ""Shampoo"", ""Dryer"", ""Beach essentials"", ""Bed linens"", ""Kitchen"", ""Long term stays allowed"", ""Private entrance"", ""Wifi""]",4.54
512,5635354,"Bellevue, WA",100%,2.0,"[""Stove"", ""Extra pillows and blankets"", ""Coffee"", ""Free street parking"", ""Refrigerator"", ""First aid kit"", ""Essentials"", ""Outdoor furniture"", ""Free parking on premises"", ""Dishwasher"", ""Books and reading material"", ""Free washer \u2013 In unit"", ""TV"", ""Hot water kettle"", ""Private backyard \u2013 Fully fenced"", ""Fire extinguisher"", ""Crib"", ""Children\u2019s books and toys"", ""Free dryer \u2013 In unit"", ""Pack \u2019n play/Travel crib"", ""Microwave"", ""Oven"", ""Hot water"", ""Cleaning products"", ""Hair dryer"", ""Coffee maker"", ""Clothing storage"", ""Heating"", ""Carbon monoxide alarm"", ""Keypad"", ""Central air conditioning"", ""Room-darkening shades"", ""Iron"", ""Toaster"", ""Children\u2019s dinnerware"", ""Outdoor dining area"", ""Private patio or balcony"", ""Hangers"", ""Dining table"", ""High chair"", ""Dishes and silverware"", ""Smoke alarm"", ""Self check-in"", ""Bathtub"", ""Cooking basics"", ""Shampoo"", ""Bed linens"", ""Kitchen"", ""Long term stays allowed"", ""Sun loungers"", ""Canal view"", ""Wifi""]",4.77
513,489690,"Los Angeles, CA",95%,2.0,"[""Stove"", ""Extra pillows and blankets"", ""Host greets you"", ""Refrigerator"", ""Essentials"", ""Free parking on premises"", ""Dishwasher"", ""Free washer \u2013 In unit"", ""Shared gym in building"", ""City skyline view"", ""Microwave"", ""Free dryer \u2013 In unit"", ""Pack \u2019n play/Travel crib"", ""Oven"", ""Hot water"", ""Cleaning products"", ""Hair dryer"", ""Coffee maker"", ""Heating"", ""Carbon monoxide alarm"", ""Central air conditioning"", ""Iron"", ""Exercise equipment"", ""Hangers"", ""Private patio or balcony"", ""Dining table"", ""TV with standard cable"", ""Elevator"", ""Dishes and silverware"", ""Smoke alarm"", ""Dedicated workspace"", ""Cooking basics"", ""Single level home"", ""Shampoo"", ""Kitchen"", ""Wifi""]",4.56
514,6358823,"Los Angeles, CA",44%,2.0,"[""Stove"", ""Extra pillows and blankets"", ""Free street parking"", ""Refrigerator"", ""Baking sheet"", ""First aid kit"", ""Essentials"", ""Clothing storage: closet and dresser"", ""Outdoor furniture"", ""Free parking on premises"", ""Dishwasher"", ""Drying rack for clothing"", ""Record player"", ""Free washer \u2013 In unit"", ""Ethernet connection"", ""BBQ grill"", ""Hot water kettle"", ""Private backyard \u2013 Fully fenced"", ""Ceiling fan"", ""Fire extinguisher"", ""Children\u2019s books and toys"", ""Portable fans"", ""Free dryer \u2013 In unit"", ""Oven"", ""Bikes"", ""Hot water"", ""Cleaning products"", ""Sound system"", ""Hair dryer"", ""Coffee maker"", ""Heating"", ""Carbon monoxide alarm"", ""Piano"", ""Central air conditioning"", ""Room-darkening shades"", ""Iron"", ""Indoor fireplace: wood-burning"", ""Toaster"", ""Outdoor dining area"", ""Barbecue utensils"", ""Hangers"", ""Private patio or balcony"", ""Dining table"", ""Fire pit"", ""Wine glasses"", ""Dishes and silverware"", ""Smoke alarm"", ""Bathtub"", ""Cooking basics"", ""Shampoo"", ""Single level home"", ""Beach essentials"", ""Bed linens"", ""Kitchen"", ""Conditioner"", ""Long term stays allowed"", ""42 inch HDTV with Apple TV"", ""Board games"", ""Freezer"", ""Wifi"", ""Body soap""]",4.75
515,4324567,"Los Angeles, CA",83%,1.5,"[""Extra pillows and blankets"", ""Coffee"", ""Marshall Acton Bluetooth sound system"", ""Free street parking"", ""Essentials"", ""Outdoor furniture"", ""Drying rack for clothing"", ""Exterior security cameras on property"", ""Pool view"", ""Hot water kettle"", ""Fire extinguisher"", ""Window AC unit"", ""Portable fans"", ""Microwave"", ""Mini fridge"", ""Kitchenette"", ""Hot water"", ""Laundromat nearby"", ""Cleaning products"", ""Patio or balcony"", ""Hair dryer"", ""Shower gel"", ""Heating"", ""Carbon monoxide alarm"", ""Cleaning available during stay"", ""Room-darkening shades"", ""Iron"", ""Toaster"", ""Outdoor dining area"", ""Hangers"", ""Garden view"", ""Shared backyard \u2013 Fully fenced"", ""Wine glasses"", ""Dishes and silverware"", ""Smoke alarm"", ""Self check-in"", ""Coffee maker: Keurig coffee machine"", ""Cooking basics"", ""Single level home"", ""Shampoo"", ""Bed linens"", ""Conditioner"", ""Clothing storage: walk-in closet, closet, and dresser"", ""HDTV with Roku"", ""Shared hot tub - open specific hours"", ""Long term stays allowed"", ""Private entrance"", ""Shared outdoor pool - available seasonally, open specific hours"", ""Wifi"", ""Lockbox"", ""Body soap""]",4.85
516,6397101,"Los Angeles, CA",97%,1.0,"[""Stove"", ""Extra pillows and blankets"", ""Host greets you"", ""Coffee"", ""Free street parking"", ""Refrigerator"", ""First aid kit"", ""Essentials"", ""Free parking on premises"", ""Ethernet connection"", ""TV"", ""Bidet"", ""Washer"", ""Hot water kettle"", ""Air conditioning"", ""Ceiling fan"", ""Fire extinguisher"", ""Microwave"", ""Backyard"", ""Oven"", ""Patio or balcony"", ""Hot water"", ""Luggage dropoff allowed"", ""Hair dryer"", ""Coffee maker"", ""Shower gel"", ""Heating"", ""Carbon monoxide alarm"", ""Iron"", ""Toaster"", ""Hangers"", ""Dining table"", ""Wine glasses"", ""Dishes and silverware"", ""Smoke alarm"", ""Bathtub"", ""Cooking basics"", ""Shampoo"", ""Single level home"", ""Dryer"", ""Lock on bedroom door"", ""Bed linens"", ""Kitchen"", ""Conditioner"", ""Long term stays allowed"", ""Blender"", ""Private entrance"", ""Freezer"", ""Wifi"", ""Body soap""]",4.95
517,839239,"Los Angeles, CA",17%,1.0,"[""Stove"", ""Free street parking"", ""Refrigerator"", ""Essentials"", ""Free parking on premises"", ""TV"", ""Washer"", ""Fire extinguisher"", ""Window AC unit"", ""Microwave"", ""Oven"", ""Hot water"", ""Coffee maker"", ""Heating"", ""Iron"", ""Hangers"", ""Dishes and silverware"", ""Smoke alarm"", ""Cooking basics"", ""Dryer"", ""Kitchen"", ""Wifi""]",4.63
518,489690,"Los Angeles, CA",95%,1.0,"[""Host greets you"", ""Free street parking"", ""Refrigerator"", ""Essentials"", ""Outdoor furniture"", ""Free parking on premises"", ""Free washer \u2013 In unit"", ""Free dryer \u2013 In unit"", ""HDTV with standard cable"", ""Pack \u2019n play/Travel crib"", ""Hot water"", ""Hair dryer"", ""Coffee maker"", ""Heating"", ""Carbon monoxide alarm"", ""Shared backyard"", ""Central air conditioning"", ""Iron"", ""Outdoor dining area"", ""Private patio or balcony"", ""Hangers"", ""Garden view"", ""Dishes and silverware"", ""Smoke alarm"", ""Dedicated workspace"", ""Kitchen"", ""Long term stays allowed"", ""Wifi""]",4.79
519,6424835,"Los Angeles, CA",,,"[""Heating"", ""Washer"", ""Carbon monoxide alarm"", ""Dryer"", ""Lock on bedroom door"", ""Air conditioning"", ""First aid kit"", ""Kitchen"", ""Essentials"", ""Free parking on premises"", ""Private living room"", ""Hangers"", ""Smoking allowed"", ""Wifi"", ""Smoke alarm""]",
520,6448563,"Los Angeles, CA",,1.0,"[""Stove"", ""Extra pillows and blankets"", ""Coffee"", ""Refrigerator"", ""First aid kit"", ""Essentials"", ""Clothing storage: closet and dresser"", ""Free parking on premises"", ""Free washer \u2013 In building"", ""Exterior security cameras on property"", ""TV"", ""Pets allowed"", ""Bidet"", ""Hot water kettle"", ""Fire extinguisher"", ""Portable fans"", ""Microwave"", ""Mini fridge"", ""Oven"", ""Hot water"", ""Luggage dropoff allowed"", ""Cleaning products"", ""Hair dryer"", ""Coffee maker"", ""Heating"", ""Carbon monoxide alarm"", ""Iron"", ""Toaster"", ""Free dryer \u2013 In building"", ""Hangers"", ""Dining table"", ""Dishes and silverware"", ""Smoke alarm"", ""Breakfast"", ""Self check-in"", ""Dedicated workspace"", ""Bathtub"", ""Cooking basics"", ""Shampoo"", ""Lock on bedroom door"", ""Bed linens"", ""Kitchen"", ""Conditioner"", ""Long term stays allowed"", ""Freezer"", ""Wifi"", ""Lockbox"", ""Body soap""]",4.95
521,6874170,"Los Angeles, CA",100%,1.0,"[""Stove"", ""Extra pillows and blankets"", ""Free street parking"", ""Refrigerator"", ""Essentials"", ""Outdoor furniture"", ""Free parking on premises"", ""BBQ grill"", ""Baby safety gates"", ""Air conditioning"", ""Fire extinguisher"", ""Crib"", ""Children\u2019s books and toys"", ""Pack \u2019n play/Travel crib"", ""Microwave"", ""Oven"", ""Patio or balcony"", ""Hot water"", ""Luggage dropoff allowed"", ""Hair dryer"", ""Coffee maker"", ""Heating"", ""Carbon monoxide alarm"", ""Keypad"", ""Iron"", ""Outdoor dining area"", ""Hangers"", ""Fire pit"", ""Shared backyard \u2013 Fully fenced"", ""TV with standard cable"", ""Dishes and silverware"", ""Smoke alarm"", ""Self check-in"", ""Dedicated workspace"", ""Cooking basics"", ""Shampoo"", ""Shared pool"", ""Bed linens"", ""Kitchen"", ""Long term stays allowed"", ""Wifi"", ""Body soap""]",4.86
522,6882944,"Beverly Hills, CA",88%,2.0,"[""Stove"", ""Extra pillows and blankets"", ""Free street parking"", ""Refrigerator"", ""Essentials"", ""Free parking on premises"", ""Dishwasher"", ""Pets allowed"", ""Washer"", ""Air conditioning"", ""Microwave"", ""Backyard"", ""Oven"", ""Patio or balcony"", ""Hot water"", ""Hair dryer"", ""Coffee maker"", ""Heating"", ""Iron"", ""Hangers"", ""Indoor fireplace"", ""TV with standard cable"", ""Dishes and silverware"", ""Smoke alarm"", ""Self check-in"", ""Bathtub"", ""Cooking basics"", ""Shampoo"", ""Single level home"", ""Dryer"", ""Bed linens"", ""Kitchen"", ""Long term stays allowed"", ""Smart lock"", ""Private entrance"", ""Wifi""]",4.46
523,3865105,"Los Angeles, CA",63%,1.0,"[""Stove"", ""Extra pillows and blankets"", ""50 inch HDTV with standard cable"", ""Free street parking"", ""Refrigerator"", ""Baking sheet"", ""First aid kit"", ""Essentials"", ""Free parking on premises"", ""Dishwasher"", ""Free washer \u2013 In building"", ""BBQ grill"", ""Ceiling fan"", ""Fire extinguisher"", ""Children\u2019s books and toys"", ""Microwave"", ""Backyard"", ""Oven"", ""Hot water"", ""Laundromat nearby"", ""Luggage dropoff allowed"", ""Hair dryer"", ""Coffee maker"", ""Shower gel"", ""Heating"", ""Carbon monoxide alarm"", ""Central air conditioning"", ""Indoor fireplace: wood-burning"", ""Iron"", ""Free dryer \u2013 In building"", ""Hangers"", ""Barbecue utensils"", ""Private patio or balcony"", ""Dishes and silverware"", ""Smoke alarm"", ""Self check-in"", ""Dedicated workspace"", ""Bathtub"", ""Cooking basics"", ""Shampoo"", ""Single level home"", ""Beach essentials"", ""Bed linens"", ""Kitchen"", ""Conditioner"", ""Long term stays allowed"", ""Private entrance"", ""Freezer"", ""Wifi"", ""Lockbox"", ""Rice maker"", ""Body soap""]",5.0
524,3097566,"Los Angeles, CA",74%,1.0,"[""Extra pillows and blankets"", ""First aid kit"", ""Paid parking off premises"", ""Essentials"", ""Free parking on premises"", ""Exterior security cameras on property"", ""Washer"", ""Hot tub"", ""Air conditioning"", ""Fire extinguisher"", ""Hot water"", ""Hair dryer"", ""Heating"", ""Carbon monoxide alarm"", ""Iron"", ""Hangers"", ""Indoor fireplace"", ""TV with standard cable"", ""Smoke alarm"", ""Self check-in"", ""Cooking basics"", ""Shampoo"", ""Bed linens"", ""Wifi"", ""Lockbox""]",4.37
525,1794350,"Los Angeles, CA",,,"[""TV"", ""Heating"", ""Washer"", ""Hot tub"", ""Dryer"", ""Iron"", ""Air conditioning"", ""Kitchen"", ""Free parking on premises"", ""Wifi"", ""Hair dryer""]",4.85
526,6848727,"Los Angeles, CA",,2.0,"[""Extra pillows and blankets"", ""Essentials"", ""Free parking on premises"", ""Washer"", ""Children\u2019s books and toys"", ""Hot water"", ""Hair dryer"", ""Heating"", ""Carbon monoxide alarm"", ""Iron"", ""Hangers"", ""Indoor fireplace"", ""Smoke alarm"", ""Bathtub"", ""Shampoo"", ""Dryer"", ""Bed linens"", ""Kitchen"", ""Private entrance"", ""Wifi""]",4.77
527,7000929,"Los Angeles, CA",100%,1.0,"[""Extra pillows and blankets"", ""Refrigerator"", ""Baking sheet"", ""Essentials"", ""Outdoor furniture"", ""Free parking on premises"", ""Drying rack for clothing"", ""Free washer \u2013 In building"", ""Private backyard \u2013 Not fully fenced"", ""TV"", ""BBQ grill"", ""Hot water kettle"", ""Fire extinguisher"", ""Portable fans"", ""Microwave"", ""Oven"", ""Hot water"", ""Laundromat nearby"", ""Cleaning products"", ""Mountain view"", ""Hair dryer"", ""Coffee maker"", ""Shower gel"", ""Heating"", ""Carbon monoxide alarm"", ""Room-darkening shades"", ""Iron"", ""Toaster"", ""Outdoor dining area"", ""Private patio or balcony"", ""Hangers"", ""Dining table"", ""Garden view"", ""Wine glasses"", ""Dishes and silverware"", ""Smoke alarm"", ""Self check-in"", ""Dedicated workspace"", ""Cooking basics"", ""Shampoo"", ""Gas stove"", ""Dryer"", ""Clothing storage: closet"", ""Bed linens"", ""AC - split type ductless system"", ""Kitchen"", ""Conditioner"", ""Long term stays allowed"", ""Blender"", ""Private entrance"", ""Freezer"", ""Wifi"", ""Lockbox"", ""Body soap""]",4.74
528,4902248,"Los Angeles, CA",96%,1.0,"[""Extra pillows and blankets"", ""Free street parking"", ""GE Profile single oven"", ""GE Monogram refrigerator"", ""Essentials"", ""Shared patio or balcony"", ""Outdoor furniture"", ""Record player"", ""Hot water kettle"", ""Portable fans"", ""Valley view"", ""Mini fridge"", ""Carbon monoxide alarm"", ""Central air conditioning"", ""Trash compactor"", ""Smoking allowed"", ""Dishes and silverware"", ""Smoke alarm"", ""Bathtub"", ""Long term stays allowed"", ""Shared outdoor kitchen"", ""First aid kit"", ""Clothing storage: closet and dresser"", ""Indoor fireplace: gas, wood-burning"", ""Drying rack for clothing"", ""Dishwasher"", ""BBQ grill"", ""City skyline view"", ""Fire extinguisher"", ""Hot water"", ""Laundromat nearby"", ""Mountain view"", ""Hair dryer"", ""Outdoor dining area"", ""Garden view"", ""Fireplace guards"", ""50 inch HDTV with Amazon Prime Video, Apple TV, Disney+, HBO Max, Hulu, Netflix, premium cable, standard cable, Chromecast, Roku"", ""Shared backyard \u2013 Fully fenced"", ""Breakfast"", ""Self check-in"", ""Coffee maker: Keurig coffee machine"", ""Cooking basics"", ""Bluetooth sound system"", ""Kitchen"", ""Blender"", ""Sun loungers"", ""Freezer"", ""Central heating"", ""Baking sheet"", ""Trader Joe's body soap"", ""Free washer \u2013 In building"", ""Books and reading material"", ""Paid resort access"", ""Outlet covers"", ""Luggage dropoff allowed"", ""Cleaning products"", ""Theme room"", ""Park view"", ""Barbecue utensils"", ""Fire pit"", ""Single level home"", ""Lock on bedroom door"", ""Beach essentials"", ""Bed linens"", ""Smart lock"", ""Dacor stainless steel gas stove"", ""Rice maker"", ""Window guards"", ""Coffee"", ""Portable air conditioning"", ""Trader Joe's shampoo"", ""Pets allowed"", ""Microwave"", ""Free dryer \u2013 In unit"", ""Free driveway parking on premises \u2013 4 spaces"", ""Shower gel"", ""Room-darkening shades"", ""Iron"", ""Toaster"", ""Hangers"", ""Trader Joe's conditioner"", ""Dining table"", ""Wine glasses"", ""Dedicated workspace"", ""Housekeeping available Tuesday - available at extra cost"", ""Wifi""]",4.86
529,1390560,"Los Angeles, CA",,,"[""Stove"", ""Free street parking"", ""Refrigerator"", ""Essentials"", ""Dishwasher"", ""TV"", ""Fire extinguisher"", ""Microwave"", ""Oven"", ""Hot water"", ""Hair dryer"", ""Heating"", ""Carbon monoxide alarm"", ""Iron"", ""Hangers"", ""Dishes and silverware"", ""Smoke alarm"", ""Cooking basics"", ""Single level home"", ""Shampoo"", ""Kitchen"", ""Long term stays allowed"", ""Wifi""]",4.85
530,2220269,"Los Angeles, CA",86%,1.0,"[""Pocket wifi"", ""Extra pillows and blankets"", ""Stove"", ""Host greets you"", ""Refrigerator"", ""First aid kit"", ""Free washer"", ""Essentials"", ""Outdoor furniture"", ""Free parking on premises"", ""Exterior security cameras on property"", ""BBQ grill"", ""Private backyard \u2013 Fully fenced"", ""Window AC unit"", ""Microwave"", ""Hot water"", ""Luggage dropoff allowed"", ""Hammock"", ""Mountain view"", ""Hair dryer"", ""Coffee maker"", ""Heating"", ""Carbon monoxide alarm"", ""Iron"", ""Desert view"", ""Outdoor dining area"", ""Hangers"", ""Fire pit"", ""Garden view"", ""TV with standard cable"", ""Dishes and silverware"", ""Smoke alarm"", ""Dedicated workspace"", ""Cooking basics"", ""Shampoo"", ""Shared pool"", ""Free dryer"", ""Bed linens"", ""Kitchen"", ""Long term stays allowed"", ""Private entrance"", ""Wifi""]",4.83
531,5644575,"Los Angeles, CA",100%,1.0,"[""Extra pillows and blankets"", ""Free street parking"", ""Shared patio or balcony"", ""Essentials"", ""Outdoor furniture"", ""Hot water kettle"", ""Air conditioning"", ""Safe"", ""Pack \u2019n play/Travel crib"", ""Bikes"", ""Carbon monoxide alarm"", ""Piano"", ""Children\u2019s dinnerware"", ""Smoking allowed"", ""Dishes and silverware"", ""Smoke alarm"", ""Bathtub"", ""Refrigerator"", ""First aid kit"", ""Clothing storage: closet and dresser"", ""Dishwasher"", ""BBQ grill"", ""Baby safety gates"", ""Fire extinguisher"", ""Oven"", ""Hot water"", ""Hair dryer"", ""Coffee maker"", ""Heating"", ""Outdoor dining area"", ""Garden view"", ""Self check-in"", ""Cooking basics"", ""Shampoo"", ""Kitchen"", ""Blender"", ""Sun loungers"", ""Board games"", ""Freezer"", ""Lockbox"", ""Stove"", ""Baking sheet"", ""Books and reading material"", ""Children's playroom"", ""Washer"", ""Backyard"", ""Luggage dropoff allowed"", ""Cleaning products"", ""Sound system"", ""Barbecue utensils"", ""Indoor fireplace"", ""High chair"", ""Lock on bedroom door"", ""Bed linens"", ""Rice maker"", ""Host greets you"", ""Coffee"", ""Children\u2019s bikes"", ""TV"", ""Pets allowed"", ""Ceiling fan"", ""Children\u2019s books and toys"", ""Microwave"", ""Shower gel"", ""Room-darkening shades"", ""Iron"", ""Toaster"", ""Hangers"", ""Paid street parking off premises"", ""Dining table"", ""Wine glasses"", ""Dedicated workspace"", ""Dryer"", ""Conditioner"", ""EV charger"", ""Wifi"", ""Body soap""]",4.87
532,7018329,"Los Angeles, CA",,,"[""Stove"", ""Free street parking"", ""Refrigerator"", ""Essentials"", ""Free parking on premises"", ""Dishwasher"", ""Exterior security cameras on property"", ""BBQ grill"", ""Washer"", ""Hot tub"", ""Air conditioning"", ""Microwave"", ""Backyard"", ""Oven"", ""Patio or balcony"", ""Hot water"", ""Hair dryer"", ""Coffee maker"", ""Heating"", ""Iron"", ""Hangers"", ""Indoor fireplace"", ""TV with standard cable"", ""Dishes and silverware"", ""Smoke alarm"", ""Self check-in"", ""Bathtub"", ""Cooking basics"", ""Shampoo"", ""Dryer"", ""Bed linens"", ""Kitchen"", ""Private entrance"", ""Wifi"", ""Lockbox""]",5.0
533,1270782,"Long Beach, CA",100%,,"[""Extra pillows and blankets"", ""Host greets you"", ""Coffee"", ""Free street parking"", ""Refrigerator"", ""Baking sheet"", ""First aid kit"", ""Essentials"", ""Free parking on premises"", ""Dishwasher"", ""Drying rack for clothing"", ""Books and reading material"", ""Exterior security cameras on property"", ""Ethernet connection"", ""Washer"", ""Hot water kettle"", ""Air conditioning"", ""Ceiling fan"", ""Fire extinguisher"", ""Crib"", ""Portable fans"", ""Microwave"", ""Oven"", ""Changing table"", ""Hot water"", ""Laundromat nearby"", ""Cleaning products"", ""Bikes"", ""Luggage dropoff allowed"", ""Hair dryer"", ""Coffee maker"", ""Shower gel"", ""Clothing storage"", ""Heating"", ""Carbon monoxide alarm"", ""Cleaning available during stay"", ""Room-darkening shades"", ""Iron"", ""Toaster"", ""Table corner guards"", ""Private entrance"", ""Hangers"", ""Paid pack \u2019n play/travel crib - available upon request"", ""Dining table"", ""High chair"", ""Wine glasses"", ""Dishes and silverware"", ""Smoke alarm"", ""Baby bath"", ""Dedicated workspace"", ""Bathtub"", ""Cooking basics"", ""Shampoo"", ""Gas stove"", ""Dryer"", ""Single level home"", ""Bed linens"", ""50 inch TV with standard cable"", ""Kitchen"", ""Conditioner"", ""Long term stays allowed"", ""Blender"", ""Babysitter recommendations"", ""Freezer"", ""Wifi"", ""Bread maker"", ""Rice maker"", ""Body soap""]",4.47
534,7027622,"Los Angeles, CA",,1.0,"[""Pocket wifi"", ""Extra pillows and blankets"", ""Stove"", ""Free street parking"", ""Refrigerator"", ""First aid kit"", ""Essentials"", ""Outdoor furniture"", ""Hot water kettle"", ""Ceiling fan"", ""Fire extinguisher"", ""Microwave"", ""Pack \u2019n play/Travel crib"", ""Backyard"", ""Patio or balcony"", ""Hot water"", ""Luggage dropoff allowed"", ""Hair dryer"", ""Coffee maker"", ""Heating"", ""Carbon monoxide alarm"", ""Keypad"", ""Iron"", ""Hangers"", ""High chair"", ""TV with standard cable"", ""Dishes and silverware"", ""Smoke alarm"", ""Self check-in"", ""Cooking basics"", ""Shampoo"", ""Beach essentials"", ""Bed linens"", ""Kitchen"", ""Sun loungers"", ""Private entrance"", ""Wifi"", ""Body soap""]",4.8
535,4886131,"West Hollywood, CA",100%,1.0,"[""Extra pillows and blankets"", ""Host greets you"", ""Free street parking"", ""Refrigerator"", ""First aid kit"", ""Portable air conditioning"", ""Books and reading material"", ""Exterior security cameras on property"", ""TV"", ""Free carport on premises \u2013 1 space"", ""Hot water kettle"", ""Portable fans"", ""Microwave"", ""Hot water"", ""Laundromat nearby"", ""Coffee maker: drip coffee maker"", ""Paid dryer \u2013 In building"", ""Hair dryer"", ""Portable heater"", ""Carbon monoxide alarm"", ""Iron"", ""Paid washer \u2013 In building"", ""Hangers"", ""Dishes and silverware"", ""Smoke alarm"", ""Dedicated workspace"", ""Cooking basics"", ""Shampoo"", ""Clothing storage: closet"", ""Lock on bedroom door"", ""Bed linens"", ""Kitchen"", ""Long term stays allowed"", ""Freezer"", ""Wifi"", ""Rice maker""]",4.84
536,7830,"Los Angeles, CA",90%,1.0,"[""Stove"", ""Extra pillows and blankets"", ""Free street parking"", ""Refrigerator"", ""Shared patio or balcony"", ""Essentials"", ""Outdoor furniture"", ""Drying rack for clothing"", ""Books and reading material"", ""BBQ grill"", ""Washer"", ""Hot water kettle"", ""28 inch TV with Amazon Prime Video, Netflix"", ""Ceiling fan"", ""Portable fans"", ""Microwave"", ""Mini fridge"", ""Oven"", ""Backyard"", ""Hot water"", ""Bikes"", ""Cleaning products"", ""Luggage dropoff allowed"", ""Hair dryer"", ""Coffee maker"", ""Heating"", ""Carbon monoxide alarm"", ""Iron"", ""Toaster"", ""Outdoor dining area"", ""Hangers"", ""Indoor fireplace"", ""Garden view"", ""Fire pit"", ""Wine glasses"", ""Dishes and silverware"", ""Smoke alarm"", ""Dedicated workspace"", ""Bathtub"", ""Cooking basics"", ""Dryer"", ""Clothing storage: closet"", ""Bed linens"", ""Kitchen"", ""Long term stays allowed"", ""Board games"", ""Freezer"", ""Wifi"", ""Rice maker""]",4.87
537,2734505,"Santa Monica, CA",100%,1.5,"[""Extra pillows and blankets"", ""Refrigerator"", ""First aid kit"", ""Essentials"", ""Outdoor furniture"", ""Free parking on premises"", ""BBQ grill"", ""Pets allowed"", ""Washer"", ""Children\u2019s books and toys"", ""Changing table"", ""Hot water"", ""Hair dryer"", ""Coffee maker"", ""Heating"", ""Carbon monoxide alarm"", ""Keypad"", ""Iron"", ""Children\u2019s dinnerware"", ""Private patio or balcony"", ""Hangers"", ""TV with standard cable"", ""Smoke alarm"", ""Self check-in"", ""Dedicated workspace"", ""Bathtub"", ""Cooking basics"", ""Shampoo"", ""Dryer"", ""Bed linens"", ""Kitchen"", ""Babysitter recommendations"", ""Wifi""]",4.7
538,7039450,"Los Angeles, CA",100%,2.0,"[""Stove"", ""Extra pillows and blankets"", ""Coffee"", ""Free street parking"", ""Refrigerator"", ""Baking sheet"", ""First aid kit"", ""Essentials"", ""Free parking on premises"", ""Dishwasher"", ""Books and reading material"", ""Exterior security cameras on property"", ""Children's playroom"", ""BBQ grill"", ""Pets allowed"", ""Washer"", ""Hot water kettle"", ""Private hot tub"", ""Fire extinguisher"", ""Children\u2019s books and toys"", ""Microwave"", ""Backyard"", ""Oven"", ""Bikes"", ""Hot water"", ""Cleaning products"", ""Hair dryer"", ""Coffee maker"", ""Shower gel"", ""Clothing storage"", ""Heating"", ""Carbon monoxide alarm"", ""Cleaning available during stay"", ""Room-darkening shades"", ""Iron"", ""Toaster"", ""Private patio or balcony"", ""Hangers"", ""Indoor fireplace"", ""Dining table"", ""TV with standard cable"", ""Fireplace guards"", ""Dishes and silverware"", ""Smoke alarm"", ""Wine glasses"", ""Self check-in"", ""Dedicated workspace"", ""Bathtub"", ""Cooking basics"", ""Shampoo"", ""Dryer"", ""Bed linens"", ""Kitchen"", ""Conditioner"", ""Long term stays allowed"", ""Blender"", ""Sun loungers"", ""Freezer"", ""Wifi"", ""Lockbox"", ""Rice maker"", ""Body soap""]",4.84
539,6456493,"Malibu, CA",75%,1.0,"[""Stove"", ""Free street parking"", ""Refrigerator"", ""Baking sheet"", ""Essentials"", ""Free parking on premises"", ""Dishwasher"", ""Washer"", ""Microwave"", ""Oven"", ""Patio or balcony"", ""Hot water"", ""Hair dryer"", ""Coffee maker"", ""Carbon monoxide alarm"", ""Iron"", ""Hangers"", ""TV with standard cable"", ""Dishes and silverware"", ""Smoke alarm"", ""Cooking basics"", ""Shampoo"", ""Dryer"", ""Kitchen"", ""Long term stays allowed"", ""Private entrance"", ""Wifi""]",4.83
540,6457603,"Los Angeles, CA",100%,1.0,"[""Extra pillows and blankets"", ""Coffee"", ""Free street parking"", ""Refrigerator"", ""First aid kit"", ""Essentials"", ""Outdoor furniture"", ""Free parking on premises"", ""42 inch HDTV with standard cable"", ""Free washer \u2013 In building"", ""Private backyard \u2013 Not fully fenced"", ""Books and reading material"", ""Ethernet connection"", ""Pets allowed"", ""City skyline view"", ""Hot water kettle"", ""Fire extinguisher"", ""Portable fans"", ""Microwave"", ""Mini fridge"", ""Hot water"", ""Laundromat nearby"", ""Cleaning products"", ""Courtyard view"", ""Mountain view"", ""Luggage dropoff allowed"", ""Hair dryer"", ""Shower gel"", ""Portable heater"", ""Carbon monoxide alarm"", ""Keypad"", ""Central air conditioning"", ""Room-darkening shades"", ""Iron"", ""Toaster"", ""Outdoor dining area"", ""Private patio or balcony"", ""Hangers"", ""Paid street parking off premises"", ""Garden view"", ""Wine glasses"", ""Dishes and silverware"", ""Smoke alarm"", ""Self check-in"", ""Dedicated workspace"", ""Single level home"", ""Shampoo"", ""Dryer \u2013 In building"", ""Coffee maker: pour-over coffee"", ""Bed linens"", ""Conditioner"", ""Long term stays allowed"", ""Clothing storage: wardrobe"", ""Private entrance"", ""Freezer"", ""Wifi"", ""Body soap""]",4.89
541,6486378,"Los Angeles, CA",,4.0,"[""Stove"", ""Extra pillows and blankets"", ""Host greets you"", ""Refrigerator"", ""Baking sheet"", ""First aid kit"", ""Essentials"", ""Free parking on premises"", ""Dishwasher"", ""Ethernet connection"", ""BBQ grill"", ""Pets allowed"", ""Washer"", ""Air conditioning"", ""Fire extinguisher"", ""Children\u2019s books and toys"", ""Microwave"", ""Backyard"", ""Oven"", ""Patio or balcony"", ""Hot water"", ""Hair dryer"", ""Coffee maker"", ""Shower gel"", ""Heating"", ""Carbon monoxide alarm"", ""Iron"", ""Barbecue utensils"", ""Hangers"", ""Indoor fireplace"", ""High chair"", ""TV with standard cable"", ""Dishes and silverware"", ""Smoke alarm"", ""Bathtub"", ""Cooking basics"", ""Shampoo"", ""Single level home"", ""Dryer"", ""Bed linens"", ""Kitchen"", ""Long term stays allowed"", ""Wifi"", ""Pool""]",4.64
542,6490951,"Los Angeles, CA",,1.0,"[""Heating"", ""Pets allowed"", ""Washer"", ""Dryer"", ""Air conditioning"", ""Fire extinguisher"", ""Kitchen"", ""Essentials"", ""Hot water"", ""Wifi"", ""Elevator"", ""Smoke alarm""]",5.0
543,6490469,"Los Angeles, CA",100%,1.0,"[""Extra pillows and blankets"", ""Coffee"", ""Free street parking"", ""Baking sheet"", ""Essentials"", ""Outdoor furniture"", ""Free parking on premises"", ""Drying rack for clothing"", ""Books and reading material"", ""TV"", ""BBQ grill"", ""Pets allowed"", ""Sonos Bluetooth sound system"", ""Washer"", ""Ping pong table"", ""Hot water kettle"", ""Private backyard \u2013 Fully fenced"", ""Ceiling fan"", ""Fire extinguisher"", ""Window AC unit"", ""Portable fans"", ""Microwave"", ""Hot water"", ""Laundromat nearby"", ""Cleaning products"", ""Wedgewood gas stove"", ""Coffee maker: drip coffee maker"", ""Luggage dropoff allowed"", ""Hair dryer"", ""Clothing storage: walk-in closet and closet"", ""Heating"", ""Rare Wedgewood (from the 50s, 60s, 70s?) oven"", ""Carbon monoxide alarm"", ""Iron"", ""Toaster"", ""Private entrance"", ""Outdoor dining area"", ""Whirlpool refrigerator"", ""Hangers"", ""Barbecue utensils"", ""Indoor fireplace"", ""Dining table"", ""Private patio or balcony"", ""Wine glasses"", ""Dishes and silverware"", ""Smoke alarm"", ""Fire pit"", ""Dedicated workspace"", ""Bathtub"", ""Cooking basics"", ""Shampoo"", ""Single level home"", ""Dryer"", ""Beach essentials"", ""Bed linens"", ""Kitchen"", ""Conditioner"", ""Blender"", ""Board games"", ""Liquid and bar body soap"", ""Freezer"", ""Wifi""]",4.85
544,6188355,"West Hollywood, CA",0%,,"[""Stove"", ""Host greets you"", ""Free street parking"", ""Refrigerator"", ""Baking sheet"", ""Free parking on premises"", ""Dishwasher"", ""BBQ grill"", ""Washer"", ""Hot water kettle"", ""Air conditioning"", ""Microwave"", ""Oven"", ""Patio or balcony"", ""Hot water"", ""Sound system"", ""Hair dryer"", ""Clothing storage"", ""Heating"", ""Carbon monoxide alarm"", ""Room-darkening shades"", ""Iron"", ""Barbecue utensils"", ""Hangers"", ""Indoor fireplace"", ""Dining table"", ""TV with standard cable"", ""Wine glasses"", ""Dishes and silverware"", ""Smoke alarm"", ""Bathtub"", ""Cooking basics"", ""Shampoo"", ""Dryer"", ""Bed linens"", ""Kitchen"", ""Long term stays allowed"", ""Freezer"", ""Wifi""]",4.71
545,4453063,"Los Angeles, CA",,,"[""Extra pillows and blankets"", ""Coffee"", ""Exercise equipment: elliptical, free weights, stationary bike, yoga mat"", ""Indoor fireplace: gas"", ""Refrigerator"", ""Free street parking"", ""Baking sheet"", ""Essentials"", ""Outdoor furniture"", ""Dishwasher"", ""Drying rack for clothing"", ""Books and reading material"", ""Exterior security cameras on property"", ""Fast wifi \u2013 128 Mbps"", ""Heating - split type ductless system"", ""Free washer \u2013 In unit"", ""Ethernet connection"", ""BBQ grill"", ""Pets allowed"", ""Bidet"", ""Hot water kettle"", ""Private backyard \u2013 Fully fenced"", ""Private gym in building"", ""Ceiling fan"", ""Fire extinguisher"", ""Portable fans"", ""Free dryer \u2013 In unit"", ""Clothing storage: closet, wardrobe, and dresser"", ""Microwave"", ""Mini fridge"", ""Hot water"", ""Oven"", ""Cleaning products"", ""Hammock"", ""Bikes"", ""Luggage dropoff allowed"", ""Coffee maker"", ""Free driveway parking on premises \u2013 5 spaces"", ""Onkyo sound system with Bluetooth and aux"", ""Carbon monoxide alarm"", ""Piano"", ""Central air conditioning"", ""Keypad"", ""Room-darkening shades"", ""Iron"", ""Toaster"", ""Private entrance"", ""Outdoor dining area"", ""Barbecue utensils"", ""Hangers"", ""Private patio or balcony"", ""Dining table"", ""Fire pit"", ""Wine glasses"", ""Dishes and silverware"", ""Smoke alarm"", ""Self check-in"", ""LG stainless steel gas stove"", ""Bathtub"", ""Cooking basics"", ""Bed linens"", ""AC - split type ductless system"", ""Kitchen"", ""Blender"", ""100 inch HDTV with Chromecast, Disney+, Roku"", ""Board games"", ""Freezer"", ""Central heating"", ""Private hot tub - available all year, open specific hours""]",5.0
546,6416857,"Manhattan Beach, CA",,1.0,"[""Heating"", ""Washer"", ""Carbon monoxide alarm"", ""Dryer"", ""Wifi"", ""Free street parking"", ""Iron"", ""Hot tub"", ""Kitchen"", ""Children\u2019s books and toys"", ""Essentials"", ""Hangers"", ""Free parking on premises"", ""Hot water"", ""Indoor fireplace"", ""TV with standard cable"", ""Hair dryer"", ""Smoke alarm""]",
547,219283,"Pasadena, CA",100%,2.0,"[""Stove"", ""Extra pillows and blankets"", ""Free driveway parking on premises"", ""Coffee"", ""BBQ grill: gas"", ""Refrigerator"", ""Free street parking"", ""Baking sheet"", ""First aid kit"", ""Essentials"", ""Outdoor furniture"", ""Dishwasher"", ""Drying rack for clothing"", ""Books and reading material"", ""Pets allowed"", ""Washer"", ""Hot water kettle"", ""Ceiling fan"", ""Fire extinguisher"", ""Children\u2019s books and toys"", ""Microwave"", ""Oven"", ""Patio or balcony"", ""Hot water"", ""Laundromat nearby"", ""Cleaning products"", ""Hair dryer"", ""Coffee maker"", ""Shower gel"", ""Carbon monoxide alarm"", ""Piano"", ""Central air conditioning"", ""Cleaning available during stay"", ""Iron"", ""Toaster"", ""Private entrance"", ""Private backyard"", ""Children\u2019s dinnerware"", ""Outdoor dining area"", ""Barbecue utensils"", ""Hangers"", ""Indoor fireplace"", ""High chair"", ""TV with standard cable"", ""Pack \u2019n play/Travel crib - always at the listing"", ""Dishes and silverware"", ""Smoke alarm"", ""Wine glasses"", ""Dining table"", ""Bathtub"", ""Cooking basics"", ""Shampoo"", ""Single level home"", ""Dryer"", ""Bed linens"", ""Kitchen"", ""Clothing storage: walk-in closet, closet, and dresser"", ""Long term stays allowed"", ""Blender"", ""Board games"", ""Freezer"", ""Wifi"", ""Central heating"", ""Body soap""]",4.65
548,4665367,,100%,1.0,"[""TV"", ""Heating"", ""Washer"", ""Hot tub"", ""Dryer"", ""Air conditioning"", ""Kitchen"", ""Free parking on premises"", ""Breakfast"", ""Indoor fireplace"", ""Wifi"", ""Pool""]",
549,3097566,"Los Angeles, CA",74%,1.5,"[""Extra pillows and blankets"", ""Free street parking"", ""Refrigerator"", ""First aid kit"", ""Essentials"", ""Free parking on premises"", ""Exterior security cameras on property"", ""TV"", ""Washer"", ""Air conditioning"", ""Fire extinguisher"", ""Microwave"", ""Backyard"", ""Hot water"", ""Cleaning products"", ""Hair dryer"", ""Coffee maker"", ""Heating"", ""Carbon monoxide alarm"", ""Iron"", ""Hangers"", ""Indoor fireplace"", ""Smoke alarm"", ""Self check-in"", ""Bathtub"", ""Shampoo"", ""Dryer"", ""Lock on bedroom door"", ""Bed linens"", ""Conditioner"", ""Long term stays allowed"", ""Wifi"", ""Lockbox"", ""Body soap""]",4.71
550,6483621,"Los Angeles, CA",80%,1.0,"[""Extra pillows and blankets"", ""Free street parking"", ""Essentials"", ""Outdoor furniture"", ""Record player"", ""Coffee maker: drip coffee maker, espresso machine, french press, pour-over coffee"", ""Hot water kettle"", ""Safe"", ""Bikes"", ""Clothing storage"", ""Carbon monoxide alarm"", ""Piano"", ""Central air conditioning"", ""Dishes and silverware"", ""Smoke alarm"", ""Bathtub"", ""Gas stove"", ""Long term stays allowed"", ""Bread maker"", ""Refrigerator"", ""First aid kit"", ""Free washer"", ""Free parking on premises"", ""Dishwasher"", ""Drying rack for clothing"", ""BBQ grill"", ""Private backyard \u2013 Fully fenced"", ""Skate ramp"", ""Hot water"", ""Bowling alley"", ""Laundromat nearby"", ""Hair dryer"", ""Cleaning available during stay"", ""Outdoor dining area"", ""Self check-in"", ""Cooking basics"", ""Shampoo"", ""Bluetooth sound system"", ""Stainless steel oven"", ""Kitchen"", ""Blender"", ""Board games"", ""Freezer"", ""Lockbox"", ""Central heating"", ""Baking sheet"", ""Outdoor playground"", ""Books and reading material"", ""Luggage dropoff allowed"", ""Cleaning products"", ""Hammock"", ""Barbecue utensils"", ""Indoor fireplace"", ""Fire pit"", ""Single level home"", ""Beach essentials"", ""Bed linens"", ""Babysitter recommendations"", ""Rice maker"", ""Host greets you"", ""Coffee"", ""Ethernet connection"", ""TV"", ""Pets allowed"", ""Ceiling fan"", ""Shower gel"", ""Iron"", ""Toaster"", ""Hangers"", ""Dining table"", ""Wine glasses"", ""Dedicated workspace"", ""Free dryer"", ""Conditioner"", ""Private entrance"", ""Wifi"", ""Body soap""]",5.0
700,975343,"Monrovia, CA",67%,3.0,"[""Stove"", ""Coffee"", ""Free street parking"", ""Refrigerator"", ""First aid kit"", ""Essentials"", ""Outdoor furniture"", ""Free parking on premises"", ""Free washer \u2013 In unit"", ""Outdoor shower"", ""Pets allowed"", ""18 inch HDTV with Amazon Prime Video, Apple TV, HBO Max, Hulu, Netflix, premium cable"", ""Hot water kettle"", ""Private backyard \u2013 Fully fenced"", ""Fire extinguisher"", ""Microwave"", ""Free dryer \u2013 In unit"", ""Oven"", ""Hot water"", ""Luggage dropoff allowed"", ""Cleaning products"", ""Mountain view"", ""Private hot tub - available all year"", ""Hair dryer"", ""Shower gel"", ""Carbon monoxide alarm"", ""Central air conditioning"", ""Room-darkening shades"", ""Iron"", ""Toaster"", ""Outdoor dining area"", ""Crib - available upon request"", ""Hangers"", ""Private patio or balcony"", ""Dining table"", ""Fire pit"", ""Wine glasses"", ""Dishes and silverware"", ""Smoke alarm"", ""Self check-in"", ""Dedicated workspace"", ""Cooking basics"", ""Coffee maker: Keurig coffee machine"", ""Shampoo"", ""Single level home"", ""Bed linens"", ""Kitchen"", ""Conditioner"", ""Blender"", ""Private entrance"", ""Wifi"", ""Lockbox"", ""Central heating"", ""Body soap""]",4.73
1000,13789616,"Monterey Park, CA",100%,2.5,"[""Stove"", ""Extra pillows and blankets"", ""Free street parking"", ""Refrigerator"", ""Paid parking off premises"", ""Essentials"", ""Free parking on premises"", ""Dishwasher"", ""TV"", ""Washer"", ""Fire extinguisher"", ""Crib"", ""Microwave"", ""Pack \u2019n play/Travel crib"", ""Oven"", ""Hot water"", ""Luggage dropoff allowed"", ""Hair dryer"", ""Coffee maker"", ""Heating"", ""Carbon monoxide alarm"", ""Keypad"", ""Central air conditioning"", ""Cleaning available during stay"", ""Iron"", ""Private patio or balcony"", ""Hangers"", ""High chair"", ""Elevator"", ""Dishes and silverware"", ""Smoke alarm"", ""Self check-in"", ""Baby bath"", ""Dedicated workspace"", ""Bathtub"", ""Cooking basics"", ""Shampoo"", ""Shared pool"", ""Dryer"", ""Bed linens"", ""Kitchen"", ""Long term stays allowed"", ""Wifi""]",4.66
1250,13735500,"Los Angeles, CA",,,"[""TV"", ""Washer"", ""Shampoo"", ""Carbon monoxide alarm"", ""Coffee maker"", ""Refrigerator"", ""Iron"", ""Essentials"", ""Hangers"", ""Microwave"", ""Hot water"", ""Wifi"", ""Hair dryer"", ""Smoke alarm""]",4.79
45420,30071757,,,2.0,"[""Pets allowed"", ""Carbon monoxide alarm"", ""Washer"", ""Keypad"", ""First aid kit"", ""Fire extinguisher"", ""Kitchen"", ""Exterior security cameras on property"", ""Pool"", ""Smoke alarm"", ""Self check-in""]",
